Scenario,Dataset_Trial_ID,Pricing_Type,GA_Run,Generation,Best_Pax_Count
Low_Demand,1,Static,2,0,34
Low_Demand,1,Static,2,1,34
Low_Demand,1,Static,2,2,34
Low_Demand,1,Static,2,3,34
Low_Demand,1,Static,2,4,34
Low_Demand,1,Static,2,5,34
Low_Demand,1,Static,2,6,34
Low_Demand,1,Static,2,7,34
Low_Demand,1,Static,2,8,34
Low_Demand,1,Static,2,9,34
Low_Demand,1,Static,2,10,34
Low_Demand,1,Static,2,11,34
Low_Demand,1,Static,2,12,34
Low_Demand,1,Static,2,13,34
Low_Demand,1,Static,2,14,34
Low_Demand,1,Static,2,15,34
Low_Demand,1,Static,2,16,34
Low_Demand,1,Static,2,17,34
Low_Demand,1,Static,2,18,34
Low_Demand,1,Static,2,19,34
Low_Demand,1,Static,2,20,34
Low_Demand,1,Static,2,21,34
Low_Demand,1,Static,2,22,34
Low_Demand,1,Static,2,23,34
Low_Demand,1,Static,2,24,34
Low_Demand,1,Static,2,25,34
Low_Demand,1,Static,2,26,34
Low_Demand,1,Static,2,27,34
Low_Demand,1,Static,2,28,34
Low_Demand,1,Static,2,29,34
Low_Demand,1,Static,1,0,34
Low_Demand,1,Static,1,1,34
Low_Demand,1,Static,1,2,34
Low_Demand,1,Static,1,3,34
Low_Demand,1,Static,1,4,34
Low_Demand,1,Static,1,5,34
Low_Demand,1,Static,1,6,34
Low_Demand,1,Static,1,7,34
Low_Demand,1,Static,1,8,34
Low_Demand,1,Static,1,9,34
Low_Demand,1,Static,1,10,34
Low_Demand,1,Static,1,11,34
Low_Demand,1,Static,1,12,34
Low_Demand,1,Static,1,13,34
Low_Demand,1,Static,1,14,34
Low_Demand,1,Static,1,15,34
Low_Demand,1,Static,1,16,34
Low_Demand,1,Static,1,17,34
Low_Demand,1,Static,1,18,34
Low_Demand,1,Static,1,19,34
Low_Demand,1,Static,1,20,34
Low_Demand,1,Static,1,21,34
Low_Demand,1,Static,1,22,34
Low_Demand,1,Static,1,23,34
Low_Demand,1,Static,1,24,34
Low_Demand,1,Static,1,25,34
Low_Demand,1,Static,1,26,34
Low_Demand,1,Static,1,27,34
Low_Demand,1,Static,1,28,34
Low_Demand,1,Static,1,29,34
Low_Demand,1,Static,3,0,34
Low_Demand,1,Static,3,1,34
Low_Demand,1,Static,3,2,34
Low_Demand,1,Static,3,3,34
Low_Demand,1,Static,3,4,34
Low_Demand,1,Static,3,5,34
Low_Demand,1,Static,3,6,34
Low_Demand,1,Static,3,7,34
Low_Demand,1,Static,3,8,34
Low_Demand,1,Static,3,9,34
Low_Demand,1,Static,3,10,34
Low_Demand,1,Static,3,11,34
Low_Demand,1,Static,3,12,34
Low_Demand,1,Static,3,13,34
Low_Demand,1,Static,3,14,34
Low_Demand,1,Static,3,15,34
Low_Demand,1,Static,3,16,34
Low_Demand,1,Static,3,17,34
Low_Demand,1,Static,3,18,34
Low_Demand,1,Static,3,19,34
Low_Demand,1,Static,3,20,34
Low_Demand,1,Static,3,21,34
Low_Demand,1,Static,3,22,34
Low_Demand,1,Static,3,23,34
Low_Demand,1,Static,3,24,34
Low_Demand,1,Static,3,25,34
Low_Demand,1,Static,3,26,34
Low_Demand,1,Static,3,27,34
Low_Demand,1,Static,3,28,34
Low_Demand,1,Static,3,29,34
Low_Demand,1,Static,4,0,34
Low_Demand,1,Static,4,1,34
Low_Demand,1,Static,4,2,34
Low_Demand,1,Static,4,3,34
Low_Demand,1,Static,4,4,34
Low_Demand,1,Static,4,5,34
Low_Demand,1,Static,4,6,34
Low_Demand,1,Static,4,7,34
Low_Demand,1,Static,4,8,34
Low_Demand,1,Static,4,9,34
Low_Demand,1,Static,4,10,34
Low_Demand,1,Static,4,11,34
Low_Demand,1,Static,4,12,34
Low_Demand,1,Static,4,13,34
Low_Demand,1,Static,4,14,34
Low_Demand,1,Static,4,15,34
Low_Demand,1,Static,4,16,34
Low_Demand,1,Static,4,17,34
Low_Demand,1,Static,4,18,34
Low_Demand,1,Static,4,19,34
Low_Demand,1,Static,4,20,34
Low_Demand,1,Static,4,21,34
Low_Demand,1,Static,4,22,34
Low_Demand,1,Static,4,23,34
Low_Demand,1,Static,4,24,34
Low_Demand,1,Static,4,25,34
Low_Demand,1,Static,4,26,34
Low_Demand,1,Static,4,27,34
Low_Demand,1,Static,4,28,34
Low_Demand,1,Static,4,29,34
Low_Demand,1,Static,8,0,34
Low_Demand,1,Static,8,1,34
Low_Demand,1,Static,8,2,34
Low_Demand,1,Static,8,3,34
Low_Demand,1,Static,8,4,34
Low_Demand,1,Static,8,5,34
Low_Demand,1,Static,8,6,34
Low_Demand,1,Static,8,7,34
Low_Demand,1,Static,8,8,34
Low_Demand,1,Static,8,9,34
Low_Demand,1,Static,8,10,34
Low_Demand,1,Static,8,11,34
Low_Demand,1,Static,8,12,34
Low_Demand,1,Static,8,13,34
Low_Demand,1,Static,8,14,34
Low_Demand,1,Static,8,15,34
Low_Demand,1,Static,8,16,34
Low_Demand,1,Static,8,17,34
Low_Demand,1,Static,8,18,34
Low_Demand,1,Static,8,19,34
Low_Demand,1,Static,8,20,34
Low_Demand,1,Static,8,21,34
Low_Demand,1,Static,8,22,34
Low_Demand,1,Static,8,23,34
Low_Demand,1,Static,8,24,34
Low_Demand,1,Static,8,25,34
Low_Demand,1,Static,8,26,34
Low_Demand,1,Static,8,27,34
Low_Demand,1,Static,8,28,34
Low_Demand,1,Static,8,29,34
Low_Demand,1,Static,7,0,34
Low_Demand,1,Static,7,1,34
Low_Demand,1,Static,7,2,34
Low_Demand,1,Static,7,3,34
Low_Demand,1,Static,7,4,34
Low_Demand,1,Static,7,5,34
Low_Demand,1,Static,7,6,34
Low_Demand,1,Static,7,7,34
Low_Demand,1,Static,7,8,34
Low_Demand,1,Static,7,9,34
Low_Demand,1,Static,7,10,34
Low_Demand,1,Static,7,11,34
Low_Demand,1,Static,7,12,34
Low_Demand,1,Static,7,13,34
Low_Demand,1,Static,7,14,34
Low_Demand,1,Static,7,15,34
Low_Demand,1,Static,7,16,34
Low_Demand,1,Static,7,17,34
Low_Demand,1,Static,7,18,34
Low_Demand,1,Static,7,19,34
Low_Demand,1,Static,7,20,34
Low_Demand,1,Static,7,21,34
Low_Demand,1,Static,7,22,34
Low_Demand,1,Static,7,23,34
Low_Demand,1,Static,7,24,34
Low_Demand,1,Static,7,25,34
Low_Demand,1,Static,7,26,34
Low_Demand,1,Static,7,27,34
Low_Demand,1,Static,7,28,34
Low_Demand,1,Static,7,29,34
Low_Demand,1,Static,6,0,34
Low_Demand,1,Static,6,1,34
Low_Demand,1,Static,6,2,34
Low_Demand,1,Static,6,3,34
Low_Demand,1,Static,6,4,34
Low_Demand,1,Static,6,5,34
Low_Demand,1,Static,6,6,34
Low_Demand,1,Static,6,7,34
Low_Demand,1,Static,6,8,34
Low_Demand,1,Static,6,9,34
Low_Demand,1,Static,6,10,34
Low_Demand,1,Static,6,11,34
Low_Demand,1,Static,6,12,34
Low_Demand,1,Static,6,13,34
Low_Demand,1,Static,6,14,34
Low_Demand,1,Static,6,15,34
Low_Demand,1,Static,6,16,34
Low_Demand,1,Static,6,17,34
Low_Demand,1,Static,6,18,34
Low_Demand,1,Static,6,19,34
Low_Demand,1,Static,6,20,34
Low_Demand,1,Static,6,21,34
Low_Demand,1,Static,6,22,34
Low_Demand,1,Static,6,23,34
Low_Demand,1,Static,6,24,34
Low_Demand,1,Static,6,25,34
Low_Demand,1,Static,6,26,34
Low_Demand,1,Static,6,27,34
Low_Demand,1,Static,6,28,34
Low_Demand,1,Static,6,29,34
Low_Demand,1,Static,10,0,34
Low_Demand,1,Static,10,1,34
Low_Demand,1,Static,10,2,34
Low_Demand,1,Static,10,3,34
Low_Demand,1,Static,10,4,34
Low_Demand,1,Static,10,5,34
Low_Demand,1,Static,10,6,34
Low_Demand,1,Static,10,7,34
Low_Demand,1,Static,10,8,34
Low_Demand,1,Static,10,9,34
Low_Demand,1,Static,10,10,34
Low_Demand,1,Static,10,11,34
Low_Demand,1,Static,10,12,34
Low_Demand,1,Static,10,13,34
Low_Demand,1,Static,10,14,34
Low_Demand,1,Static,10,15,34
Low_Demand,1,Static,10,16,34
Low_Demand,1,Static,10,17,34
Low_Demand,1,Static,10,18,34
Low_Demand,1,Static,10,19,34
Low_Demand,1,Static,10,20,34
Low_Demand,1,Static,10,21,34
Low_Demand,1,Static,10,22,34
Low_Demand,1,Static,10,23,34
Low_Demand,1,Static,10,24,34
Low_Demand,1,Static,10,25,34
Low_Demand,1,Static,10,26,34
Low_Demand,1,Static,10,27,34
Low_Demand,1,Static,10,28,34
Low_Demand,1,Static,10,29,34
Low_Demand,1,Static,5,0,34
Low_Demand,1,Static,5,1,34
Low_Demand,1,Static,5,2,34
Low_Demand,1,Static,5,3,34
Low_Demand,1,Static,5,4,34
Low_Demand,1,Static,5,5,34
Low_Demand,1,Static,5,6,34
Low_Demand,1,Static,5,7,34
Low_Demand,1,Static,5,8,34
Low_Demand,1,Static,5,9,34
Low_Demand,1,Static,5,10,34
Low_Demand,1,Static,5,11,34
Low_Demand,1,Static,5,12,34
Low_Demand,1,Static,5,13,34
Low_Demand,1,Static,5,14,34
Low_Demand,1,Static,5,15,34
Low_Demand,1,Static,5,16,34
Low_Demand,1,Static,5,17,34
Low_Demand,1,Static,5,18,34
Low_Demand,1,Static,5,19,34
Low_Demand,1,Static,5,20,34
Low_Demand,1,Static,5,21,34
Low_Demand,1,Static,5,22,34
Low_Demand,1,Static,5,23,34
Low_Demand,1,Static,5,24,34
Low_Demand,1,Static,5,25,34
Low_Demand,1,Static,5,26,34
Low_Demand,1,Static,5,27,34
Low_Demand,1,Static,5,28,34
Low_Demand,1,Static,5,29,34
Low_Demand,1,Static,9,0,34
Low_Demand,1,Static,9,1,34
Low_Demand,1,Static,9,2,34
Low_Demand,1,Static,9,3,34
Low_Demand,1,Static,9,4,34
Low_Demand,1,Static,9,5,34
Low_Demand,1,Static,9,6,34
Low_Demand,1,Static,9,7,34
Low_Demand,1,Static,9,8,34
Low_Demand,1,Static,9,9,34
Low_Demand,1,Static,9,10,34
Low_Demand,1,Static,9,11,34
Low_Demand,1,Static,9,12,34
Low_Demand,1,Static,9,13,34
Low_Demand,1,Static,9,14,34
Low_Demand,1,Static,9,15,34
Low_Demand,1,Static,9,16,34
Low_Demand,1,Static,9,17,34
Low_Demand,1,Static,9,18,34
Low_Demand,1,Static,9,19,34
Low_Demand,1,Static,9,20,34
Low_Demand,1,Static,9,21,34
Low_Demand,1,Static,9,22,34
Low_Demand,1,Static,9,23,34
Low_Demand,1,Static,9,24,34
Low_Demand,1,Static,9,25,34
Low_Demand,1,Static,9,26,34
Low_Demand,1,Static,9,27,34
Low_Demand,1,Static,9,28,34
Low_Demand,1,Static,9,29,34
Low_Demand,1,Dynamic,3,0,38
Low_Demand,1,Dynamic,3,1,38
Low_Demand,1,Dynamic,3,2,38
Low_Demand,1,Dynamic,3,3,38
Low_Demand,1,Dynamic,3,4,38
Low_Demand,1,Dynamic,3,5,38
Low_Demand,1,Dynamic,3,6,38
Low_Demand,1,Dynamic,3,7,38
Low_Demand,1,Dynamic,3,8,38
Low_Demand,1,Dynamic,3,9,38
Low_Demand,1,Dynamic,3,10,38
Low_Demand,1,Dynamic,3,11,38
Low_Demand,1,Dynamic,3,12,38
Low_Demand,1,Dynamic,3,13,38
Low_Demand,1,Dynamic,3,14,38
Low_Demand,1,Dynamic,3,15,38
Low_Demand,1,Dynamic,3,16,38
Low_Demand,1,Dynamic,3,17,38
Low_Demand,1,Dynamic,3,18,38
Low_Demand,1,Dynamic,3,19,38
Low_Demand,1,Dynamic,3,20,38
Low_Demand,1,Dynamic,3,21,38
Low_Demand,1,Dynamic,3,22,38
Low_Demand,1,Dynamic,3,23,38
Low_Demand,1,Dynamic,3,24,38
Low_Demand,1,Dynamic,3,25,38
Low_Demand,1,Dynamic,3,26,38
Low_Demand,1,Dynamic,3,27,38
Low_Demand,1,Dynamic,3,28,38
Low_Demand,1,Dynamic,3,29,38
Low_Demand,1,Dynamic,5,0,38
Low_Demand,1,Dynamic,5,1,38
Low_Demand,1,Dynamic,5,2,38
Low_Demand,1,Dynamic,5,3,38
Low_Demand,1,Dynamic,5,4,38
Low_Demand,1,Dynamic,5,5,38
Low_Demand,1,Dynamic,5,6,38
Low_Demand,1,Dynamic,5,7,38
Low_Demand,1,Dynamic,5,8,38
Low_Demand,1,Dynamic,5,9,38
Low_Demand,1,Dynamic,5,10,38
Low_Demand,1,Dynamic,5,11,38
Low_Demand,1,Dynamic,5,12,38
Low_Demand,1,Dynamic,5,13,38
Low_Demand,1,Dynamic,5,14,38
Low_Demand,1,Dynamic,5,15,38
Low_Demand,1,Dynamic,5,16,38
Low_Demand,1,Dynamic,5,17,38
Low_Demand,1,Dynamic,5,18,38
Low_Demand,1,Dynamic,5,19,38
Low_Demand,1,Dynamic,5,20,38
Low_Demand,1,Dynamic,5,21,38
Low_Demand,1,Dynamic,5,22,38
Low_Demand,1,Dynamic,5,23,38
Low_Demand,1,Dynamic,5,24,38
Low_Demand,1,Dynamic,5,25,38
Low_Demand,1,Dynamic,5,26,38
Low_Demand,1,Dynamic,5,27,38
Low_Demand,1,Dynamic,5,28,38
Low_Demand,1,Dynamic,5,29,38
Low_Demand,1,Dynamic,1,0,38
Low_Demand,1,Dynamic,1,1,38
Low_Demand,1,Dynamic,1,2,38
Low_Demand,1,Dynamic,1,3,38
Low_Demand,1,Dynamic,1,4,38
Low_Demand,1,Dynamic,1,5,38
Low_Demand,1,Dynamic,1,6,38
Low_Demand,1,Dynamic,1,7,38
Low_Demand,1,Dynamic,1,8,38
Low_Demand,1,Dynamic,1,9,38
Low_Demand,1,Dynamic,1,10,38
Low_Demand,1,Dynamic,1,11,38
Low_Demand,1,Dynamic,1,12,38
Low_Demand,1,Dynamic,1,13,38
Low_Demand,1,Dynamic,1,14,38
Low_Demand,1,Dynamic,1,15,38
Low_Demand,1,Dynamic,1,16,38
Low_Demand,1,Dynamic,1,17,38
Low_Demand,1,Dynamic,1,18,38
Low_Demand,1,Dynamic,1,19,38
Low_Demand,1,Dynamic,1,20,38
Low_Demand,1,Dynamic,1,21,38
Low_Demand,1,Dynamic,1,22,38
Low_Demand,1,Dynamic,1,23,38
Low_Demand,1,Dynamic,1,24,38
Low_Demand,1,Dynamic,1,25,38
Low_Demand,1,Dynamic,1,26,38
Low_Demand,1,Dynamic,1,27,38
Low_Demand,1,Dynamic,1,28,38
Low_Demand,1,Dynamic,1,29,38
Low_Demand,1,Dynamic,4,0,38
Low_Demand,1,Dynamic,4,1,38
Low_Demand,1,Dynamic,4,2,38
Low_Demand,1,Dynamic,4,3,38
Low_Demand,1,Dynamic,4,4,38
Low_Demand,1,Dynamic,4,5,38
Low_Demand,1,Dynamic,4,6,38
Low_Demand,1,Dynamic,4,7,38
Low_Demand,1,Dynamic,4,8,38
Low_Demand,1,Dynamic,4,9,38
Low_Demand,1,Dynamic,4,10,38
Low_Demand,1,Dynamic,4,11,38
Low_Demand,1,Dynamic,4,12,38
Low_Demand,1,Dynamic,4,13,38
Low_Demand,1,Dynamic,4,14,38
Low_Demand,1,Dynamic,4,15,38
Low_Demand,1,Dynamic,4,16,38
Low_Demand,1,Dynamic,4,17,38
Low_Demand,1,Dynamic,4,18,38
Low_Demand,1,Dynamic,4,19,38
Low_Demand,1,Dynamic,4,20,38
Low_Demand,1,Dynamic,4,21,38
Low_Demand,1,Dynamic,4,22,38
Low_Demand,1,Dynamic,4,23,38
Low_Demand,1,Dynamic,4,24,38
Low_Demand,1,Dynamic,4,25,38
Low_Demand,1,Dynamic,4,26,38
Low_Demand,1,Dynamic,4,27,38
Low_Demand,1,Dynamic,4,28,38
Low_Demand,1,Dynamic,4,29,38
Low_Demand,1,Dynamic,7,0,38
Low_Demand,1,Dynamic,7,1,38
Low_Demand,1,Dynamic,7,2,38
Low_Demand,1,Dynamic,7,3,38
Low_Demand,1,Dynamic,7,4,38
Low_Demand,1,Dynamic,7,5,38
Low_Demand,1,Dynamic,7,6,38
Low_Demand,1,Dynamic,7,7,38
Low_Demand,1,Dynamic,7,8,38
Low_Demand,1,Dynamic,7,9,38
Low_Demand,1,Dynamic,7,10,38
Low_Demand,1,Dynamic,7,11,38
Low_Demand,1,Dynamic,7,12,38
Low_Demand,1,Dynamic,7,13,38
Low_Demand,1,Dynamic,7,14,38
Low_Demand,1,Dynamic,7,15,38
Low_Demand,1,Dynamic,7,16,38
Low_Demand,1,Dynamic,7,17,38
Low_Demand,1,Dynamic,7,18,38
Low_Demand,1,Dynamic,7,19,38
Low_Demand,1,Dynamic,7,20,38
Low_Demand,1,Dynamic,7,21,38
Low_Demand,1,Dynamic,7,22,38
Low_Demand,1,Dynamic,7,23,38
Low_Demand,1,Dynamic,7,24,38
Low_Demand,1,Dynamic,7,25,38
Low_Demand,1,Dynamic,7,26,38
Low_Demand,1,Dynamic,7,27,38
Low_Demand,1,Dynamic,7,28,38
Low_Demand,1,Dynamic,7,29,38
Low_Demand,1,Dynamic,6,0,38
Low_Demand,1,Dynamic,6,1,38
Low_Demand,1,Dynamic,6,2,38
Low_Demand,1,Dynamic,6,3,38
Low_Demand,1,Dynamic,6,4,38
Low_Demand,1,Dynamic,6,5,38
Low_Demand,1,Dynamic,6,6,38
Low_Demand,1,Dynamic,6,7,38
Low_Demand,1,Dynamic,6,8,38
Low_Demand,1,Dynamic,6,9,38
Low_Demand,1,Dynamic,6,10,38
Low_Demand,1,Dynamic,6,11,38
Low_Demand,1,Dynamic,6,12,38
Low_Demand,1,Dynamic,6,13,38
Low_Demand,1,Dynamic,6,14,38
Low_Demand,1,Dynamic,6,15,38
Low_Demand,1,Dynamic,6,16,38
Low_Demand,1,Dynamic,6,17,38
Low_Demand,1,Dynamic,6,18,38
Low_Demand,1,Dynamic,6,19,38
Low_Demand,1,Dynamic,6,20,38
Low_Demand,1,Dynamic,6,21,38
Low_Demand,1,Dynamic,6,22,38
Low_Demand,1,Dynamic,6,23,38
Low_Demand,1,Dynamic,6,24,38
Low_Demand,1,Dynamic,6,25,38
Low_Demand,1,Dynamic,6,26,38
Low_Demand,1,Dynamic,6,27,38
Low_Demand,1,Dynamic,6,28,38
Low_Demand,1,Dynamic,6,29,38
Low_Demand,1,Dynamic,2,0,38
Low_Demand,1,Dynamic,2,1,38
Low_Demand,1,Dynamic,2,2,38
Low_Demand,1,Dynamic,2,3,38
Low_Demand,1,Dynamic,2,4,38
Low_Demand,1,Dynamic,2,5,38
Low_Demand,1,Dynamic,2,6,38
Low_Demand,1,Dynamic,2,7,38
Low_Demand,1,Dynamic,2,8,38
Low_Demand,1,Dynamic,2,9,38
Low_Demand,1,Dynamic,2,10,38
Low_Demand,1,Dynamic,2,11,38
Low_Demand,1,Dynamic,2,12,38
Low_Demand,1,Dynamic,2,13,38
Low_Demand,1,Dynamic,2,14,38
Low_Demand,1,Dynamic,2,15,38
Low_Demand,1,Dynamic,2,16,38
Low_Demand,1,Dynamic,2,17,38
Low_Demand,1,Dynamic,2,18,38
Low_Demand,1,Dynamic,2,19,38
Low_Demand,1,Dynamic,2,20,38
Low_Demand,1,Dynamic,2,21,38
Low_Demand,1,Dynamic,2,22,38
Low_Demand,1,Dynamic,2,23,38
Low_Demand,1,Dynamic,2,24,38
Low_Demand,1,Dynamic,2,25,38
Low_Demand,1,Dynamic,2,26,38
Low_Demand,1,Dynamic,2,27,38
Low_Demand,1,Dynamic,2,28,38
Low_Demand,1,Dynamic,2,29,38
Low_Demand,1,Dynamic,8,0,38
Low_Demand,1,Dynamic,8,1,38
Low_Demand,1,Dynamic,8,2,38
Low_Demand,1,Dynamic,8,3,38
Low_Demand,1,Dynamic,8,4,38
Low_Demand,1,Dynamic,8,5,38
Low_Demand,1,Dynamic,8,6,38
Low_Demand,1,Dynamic,8,7,38
Low_Demand,1,Dynamic,8,8,38
Low_Demand,1,Dynamic,8,9,38
Low_Demand,1,Dynamic,8,10,38
Low_Demand,1,Dynamic,8,11,38
Low_Demand,1,Dynamic,8,12,38
Low_Demand,1,Dynamic,8,13,38
Low_Demand,1,Dynamic,8,14,38
Low_Demand,1,Dynamic,8,15,38
Low_Demand,1,Dynamic,8,16,38
Low_Demand,1,Dynamic,8,17,38
Low_Demand,1,Dynamic,8,18,38
Low_Demand,1,Dynamic,8,19,38
Low_Demand,1,Dynamic,8,20,38
Low_Demand,1,Dynamic,8,21,38
Low_Demand,1,Dynamic,8,22,38
Low_Demand,1,Dynamic,8,23,38
Low_Demand,1,Dynamic,8,24,38
Low_Demand,1,Dynamic,8,25,38
Low_Demand,1,Dynamic,8,26,38
Low_Demand,1,Dynamic,8,27,38
Low_Demand,1,Dynamic,8,28,38
Low_Demand,1,Dynamic,8,29,38
Low_Demand,1,Dynamic,9,0,38
Low_Demand,1,Dynamic,9,1,38
Low_Demand,1,Dynamic,9,2,38
Low_Demand,1,Dynamic,9,3,38
Low_Demand,1,Dynamic,9,4,38
Low_Demand,1,Dynamic,9,5,38
Low_Demand,1,Dynamic,9,6,38
Low_Demand,1,Dynamic,9,7,38
Low_Demand,1,Dynamic,9,8,38
Low_Demand,1,Dynamic,9,9,38
Low_Demand,1,Dynamic,9,10,38
Low_Demand,1,Dynamic,9,11,38
Low_Demand,1,Dynamic,9,12,38
Low_Demand,1,Dynamic,9,13,38
Low_Demand,1,Dynamic,9,14,38
Low_Demand,1,Dynamic,9,15,38
Low_Demand,1,Dynamic,9,16,38
Low_Demand,1,Dynamic,9,17,38
Low_Demand,1,Dynamic,9,18,38
Low_Demand,1,Dynamic,9,19,38
Low_Demand,1,Dynamic,9,20,38
Low_Demand,1,Dynamic,9,21,38
Low_Demand,1,Dynamic,9,22,38
Low_Demand,1,Dynamic,9,23,38
Low_Demand,1,Dynamic,9,24,38
Low_Demand,1,Dynamic,9,25,38
Low_Demand,1,Dynamic,9,26,38
Low_Demand,1,Dynamic,9,27,38
Low_Demand,1,Dynamic,9,28,38
Low_Demand,1,Dynamic,9,29,38
Low_Demand,1,Dynamic,10,0,38
Low_Demand,1,Dynamic,10,1,38
Low_Demand,1,Dynamic,10,2,38
Low_Demand,1,Dynamic,10,3,38
Low_Demand,1,Dynamic,10,4,38
Low_Demand,1,Dynamic,10,5,38
Low_Demand,1,Dynamic,10,6,38
Low_Demand,1,Dynamic,10,7,38
Low_Demand,1,Dynamic,10,8,38
Low_Demand,1,Dynamic,10,9,38
Low_Demand,1,Dynamic,10,10,38
Low_Demand,1,Dynamic,10,11,38
Low_Demand,1,Dynamic,10,12,38
Low_Demand,1,Dynamic,10,13,38
Low_Demand,1,Dynamic,10,14,38
Low_Demand,1,Dynamic,10,15,38
Low_Demand,1,Dynamic,10,16,38
Low_Demand,1,Dynamic,10,17,38
Low_Demand,1,Dynamic,10,18,38
Low_Demand,1,Dynamic,10,19,38
Low_Demand,1,Dynamic,10,20,38
Low_Demand,1,Dynamic,10,21,38
Low_Demand,1,Dynamic,10,22,38
Low_Demand,1,Dynamic,10,23,38
Low_Demand,1,Dynamic,10,24,38
Low_Demand,1,Dynamic,10,25,38
Low_Demand,1,Dynamic,10,26,38
Low_Demand,1,Dynamic,10,27,38
Low_Demand,1,Dynamic,10,28,38
Low_Demand,1,Dynamic,10,29,38
Low_Demand,2,Static,1,0,28
Low_Demand,2,Static,1,1,28
Low_Demand,2,Static,1,2,28
Low_Demand,2,Static,1,3,28
Low_Demand,2,Static,1,4,28
Low_Demand,2,Static,1,5,28
Low_Demand,2,Static,1,6,28
Low_Demand,2,Static,1,7,28
Low_Demand,2,Static,1,8,28
Low_Demand,2,Static,1,9,28
Low_Demand,2,Static,1,10,28
Low_Demand,2,Static,1,11,28
Low_Demand,2,Static,1,12,28
Low_Demand,2,Static,1,13,28
Low_Demand,2,Static,1,14,28
Low_Demand,2,Static,1,15,28
Low_Demand,2,Static,1,16,28
Low_Demand,2,Static,1,17,28
Low_Demand,2,Static,1,18,28
Low_Demand,2,Static,1,19,28
Low_Demand,2,Static,1,20,28
Low_Demand,2,Static,1,21,28
Low_Demand,2,Static,1,22,28
Low_Demand,2,Static,1,23,28
Low_Demand,2,Static,1,24,28
Low_Demand,2,Static,1,25,28
Low_Demand,2,Static,1,26,28
Low_Demand,2,Static,1,27,28
Low_Demand,2,Static,1,28,28
Low_Demand,2,Static,1,29,28
Low_Demand,2,Static,5,0,28
Low_Demand,2,Static,5,1,28
Low_Demand,2,Static,5,2,28
Low_Demand,2,Static,5,3,28
Low_Demand,2,Static,5,4,28
Low_Demand,2,Static,5,5,28
Low_Demand,2,Static,5,6,28
Low_Demand,2,Static,5,7,28
Low_Demand,2,Static,5,8,28
Low_Demand,2,Static,5,9,28
Low_Demand,2,Static,5,10,28
Low_Demand,2,Static,5,11,28
Low_Demand,2,Static,5,12,28
Low_Demand,2,Static,5,13,28
Low_Demand,2,Static,5,14,28
Low_Demand,2,Static,5,15,28
Low_Demand,2,Static,5,16,28
Low_Demand,2,Static,5,17,28
Low_Demand,2,Static,5,18,28
Low_Demand,2,Static,5,19,28
Low_Demand,2,Static,5,20,28
Low_Demand,2,Static,5,21,28
Low_Demand,2,Static,5,22,28
Low_Demand,2,Static,5,23,28
Low_Demand,2,Static,5,24,28
Low_Demand,2,Static,5,25,28
Low_Demand,2,Static,5,26,28
Low_Demand,2,Static,5,27,28
Low_Demand,2,Static,5,28,28
Low_Demand,2,Static,5,29,28
Low_Demand,2,Static,2,0,28
Low_Demand,2,Static,2,1,28
Low_Demand,2,Static,2,2,28
Low_Demand,2,Static,2,3,28
Low_Demand,2,Static,2,4,28
Low_Demand,2,Static,2,5,28
Low_Demand,2,Static,2,6,28
Low_Demand,2,Static,2,7,28
Low_Demand,2,Static,2,8,28
Low_Demand,2,Static,2,9,28
Low_Demand,2,Static,2,10,28
Low_Demand,2,Static,2,11,28
Low_Demand,2,Static,2,12,28
Low_Demand,2,Static,2,13,28
Low_Demand,2,Static,2,14,28
Low_Demand,2,Static,2,15,28
Low_Demand,2,Static,2,16,28
Low_Demand,2,Static,2,17,28
Low_Demand,2,Static,2,18,28
Low_Demand,2,Static,2,19,28
Low_Demand,2,Static,2,20,28
Low_Demand,2,Static,2,21,28
Low_Demand,2,Static,2,22,28
Low_Demand,2,Static,2,23,28
Low_Demand,2,Static,2,24,28
Low_Demand,2,Static,2,25,28
Low_Demand,2,Static,2,26,28
Low_Demand,2,Static,2,27,28
Low_Demand,2,Static,2,28,28
Low_Demand,2,Static,2,29,28
Low_Demand,2,Static,10,0,28
Low_Demand,2,Static,10,1,28
Low_Demand,2,Static,10,2,28
Low_Demand,2,Static,10,3,28
Low_Demand,2,Static,10,4,28
Low_Demand,2,Static,10,5,28
Low_Demand,2,Static,10,6,28
Low_Demand,2,Static,10,7,28
Low_Demand,2,Static,10,8,28
Low_Demand,2,Static,10,9,28
Low_Demand,2,Static,10,10,28
Low_Demand,2,Static,10,11,28
Low_Demand,2,Static,10,12,28
Low_Demand,2,Static,10,13,28
Low_Demand,2,Static,10,14,28
Low_Demand,2,Static,10,15,28
Low_Demand,2,Static,10,16,28
Low_Demand,2,Static,10,17,28
Low_Demand,2,Static,10,18,28
Low_Demand,2,Static,10,19,28
Low_Demand,2,Static,10,20,28
Low_Demand,2,Static,10,21,28
Low_Demand,2,Static,10,22,28
Low_Demand,2,Static,10,23,28
Low_Demand,2,Static,10,24,28
Low_Demand,2,Static,10,25,28
Low_Demand,2,Static,10,26,28
Low_Demand,2,Static,10,27,28
Low_Demand,2,Static,10,28,28
Low_Demand,2,Static,10,29,28
Low_Demand,2,Static,7,0,28
Low_Demand,2,Static,7,1,28
Low_Demand,2,Static,7,2,28
Low_Demand,2,Static,7,3,28
Low_Demand,2,Static,7,4,28
Low_Demand,2,Static,7,5,28
Low_Demand,2,Static,7,6,28
Low_Demand,2,Static,7,7,28
Low_Demand,2,Static,7,8,28
Low_Demand,2,Static,7,9,28
Low_Demand,2,Static,7,10,28
Low_Demand,2,Static,7,11,28
Low_Demand,2,Static,7,12,28
Low_Demand,2,Static,7,13,28
Low_Demand,2,Static,7,14,28
Low_Demand,2,Static,7,15,28
Low_Demand,2,Static,7,16,28
Low_Demand,2,Static,7,17,28
Low_Demand,2,Static,7,18,28
Low_Demand,2,Static,7,19,28
Low_Demand,2,Static,7,20,28
Low_Demand,2,Static,7,21,28
Low_Demand,2,Static,7,22,28
Low_Demand,2,Static,7,23,28
Low_Demand,2,Static,7,24,28
Low_Demand,2,Static,7,25,28
Low_Demand,2,Static,7,26,28
Low_Demand,2,Static,7,27,28
Low_Demand,2,Static,7,28,28
Low_Demand,2,Static,7,29,28
Low_Demand,2,Static,6,0,28
Low_Demand,2,Static,6,1,28
Low_Demand,2,Static,6,2,28
Low_Demand,2,Static,6,3,28
Low_Demand,2,Static,6,4,28
Low_Demand,2,Static,6,5,28
Low_Demand,2,Static,6,6,28
Low_Demand,2,Static,6,7,28
Low_Demand,2,Static,6,8,28
Low_Demand,2,Static,6,9,28
Low_Demand,2,Static,6,10,28
Low_Demand,2,Static,6,11,28
Low_Demand,2,Static,6,12,28
Low_Demand,2,Static,6,13,28
Low_Demand,2,Static,6,14,28
Low_Demand,2,Static,6,15,28
Low_Demand,2,Static,6,16,28
Low_Demand,2,Static,6,17,28
Low_Demand,2,Static,6,18,28
Low_Demand,2,Static,6,19,28
Low_Demand,2,Static,6,20,28
Low_Demand,2,Static,6,21,28
Low_Demand,2,Static,6,22,28
Low_Demand,2,Static,6,23,28
Low_Demand,2,Static,6,24,28
Low_Demand,2,Static,6,25,28
Low_Demand,2,Static,6,26,28
Low_Demand,2,Static,6,27,28
Low_Demand,2,Static,6,28,28
Low_Demand,2,Static,6,29,28
Low_Demand,2,Static,4,0,28
Low_Demand,2,Static,4,1,28
Low_Demand,2,Static,4,2,28
Low_Demand,2,Static,4,3,28
Low_Demand,2,Static,4,4,28
Low_Demand,2,Static,4,5,28
Low_Demand,2,Static,4,6,28
Low_Demand,2,Static,4,7,28
Low_Demand,2,Static,4,8,28
Low_Demand,2,Static,4,9,28
Low_Demand,2,Static,4,10,28
Low_Demand,2,Static,4,11,28
Low_Demand,2,Static,4,12,28
Low_Demand,2,Static,4,13,28
Low_Demand,2,Static,4,14,28
Low_Demand,2,Static,4,15,28
Low_Demand,2,Static,4,16,28
Low_Demand,2,Static,4,17,28
Low_Demand,2,Static,4,18,28
Low_Demand,2,Static,4,19,28
Low_Demand,2,Static,4,20,28
Low_Demand,2,Static,4,21,28
Low_Demand,2,Static,4,22,28
Low_Demand,2,Static,4,23,28
Low_Demand,2,Static,4,24,28
Low_Demand,2,Static,4,25,28
Low_Demand,2,Static,4,26,28
Low_Demand,2,Static,4,27,28
Low_Demand,2,Static,4,28,28
Low_Demand,2,Static,4,29,28
Low_Demand,2,Static,3,0,28
Low_Demand,2,Static,3,1,28
Low_Demand,2,Static,3,2,28
Low_Demand,2,Static,3,3,28
Low_Demand,2,Static,3,4,28
Low_Demand,2,Static,3,5,28
Low_Demand,2,Static,3,6,28
Low_Demand,2,Static,3,7,28
Low_Demand,2,Static,3,8,28
Low_Demand,2,Static,3,9,28
Low_Demand,2,Static,3,10,28
Low_Demand,2,Static,3,11,28
Low_Demand,2,Static,3,12,28
Low_Demand,2,Static,3,13,28
Low_Demand,2,Static,3,14,28
Low_Demand,2,Static,3,15,28
Low_Demand,2,Static,3,16,28
Low_Demand,2,Static,3,17,28
Low_Demand,2,Static,3,18,28
Low_Demand,2,Static,3,19,28
Low_Demand,2,Static,3,20,28
Low_Demand,2,Static,3,21,28
Low_Demand,2,Static,3,22,28
Low_Demand,2,Static,3,23,28
Low_Demand,2,Static,3,24,28
Low_Demand,2,Static,3,25,28
Low_Demand,2,Static,3,26,28
Low_Demand,2,Static,3,27,28
Low_Demand,2,Static,3,28,28
Low_Demand,2,Static,3,29,28
Low_Demand,2,Static,9,0,28
Low_Demand,2,Static,9,1,28
Low_Demand,2,Static,9,2,28
Low_Demand,2,Static,9,3,28
Low_Demand,2,Static,9,4,28
Low_Demand,2,Static,9,5,28
Low_Demand,2,Static,9,6,28
Low_Demand,2,Static,9,7,28
Low_Demand,2,Static,9,8,28
Low_Demand,2,Static,9,9,28
Low_Demand,2,Static,9,10,28
Low_Demand,2,Static,9,11,28
Low_Demand,2,Static,9,12,28
Low_Demand,2,Static,9,13,28
Low_Demand,2,Static,9,14,28
Low_Demand,2,Static,9,15,28
Low_Demand,2,Static,9,16,28
Low_Demand,2,Static,9,17,28
Low_Demand,2,Static,9,18,28
Low_Demand,2,Static,9,19,28
Low_Demand,2,Static,9,20,28
Low_Demand,2,Static,9,21,28
Low_Demand,2,Static,9,22,28
Low_Demand,2,Static,9,23,28
Low_Demand,2,Static,9,24,28
Low_Demand,2,Static,9,25,28
Low_Demand,2,Static,9,26,28
Low_Demand,2,Static,9,27,28
Low_Demand,2,Static,9,28,28
Low_Demand,2,Static,9,29,28
Low_Demand,2,Static,8,0,28
Low_Demand,2,Static,8,1,28
Low_Demand,2,Static,8,2,28
Low_Demand,2,Static,8,3,28
Low_Demand,2,Static,8,4,28
Low_Demand,2,Static,8,5,28
Low_Demand,2,Static,8,6,28
Low_Demand,2,Static,8,7,28
Low_Demand,2,Static,8,8,28
Low_Demand,2,Static,8,9,28
Low_Demand,2,Static,8,10,28
Low_Demand,2,Static,8,11,28
Low_Demand,2,Static,8,12,28
Low_Demand,2,Static,8,13,28
Low_Demand,2,Static,8,14,28
Low_Demand,2,Static,8,15,28
Low_Demand,2,Static,8,16,28
Low_Demand,2,Static,8,17,28
Low_Demand,2,Static,8,18,28
Low_Demand,2,Static,8,19,28
Low_Demand,2,Static,8,20,28
Low_Demand,2,Static,8,21,28
Low_Demand,2,Static,8,22,28
Low_Demand,2,Static,8,23,28
Low_Demand,2,Static,8,24,28
Low_Demand,2,Static,8,25,28
Low_Demand,2,Static,8,26,28
Low_Demand,2,Static,8,27,28
Low_Demand,2,Static,8,28,28
Low_Demand,2,Static,8,29,28
Low_Demand,2,Dynamic,10,0,39
Low_Demand,2,Dynamic,10,1,39
Low_Demand,2,Dynamic,10,2,39
Low_Demand,2,Dynamic,10,3,39
Low_Demand,2,Dynamic,10,4,39
Low_Demand,2,Dynamic,10,5,39
Low_Demand,2,Dynamic,10,6,39
Low_Demand,2,Dynamic,10,7,39
Low_Demand,2,Dynamic,10,8,39
Low_Demand,2,Dynamic,10,9,39
Low_Demand,2,Dynamic,10,10,39
Low_Demand,2,Dynamic,10,11,39
Low_Demand,2,Dynamic,10,12,39
Low_Demand,2,Dynamic,10,13,39
Low_Demand,2,Dynamic,10,14,39
Low_Demand,2,Dynamic,10,15,39
Low_Demand,2,Dynamic,10,16,39
Low_Demand,2,Dynamic,10,17,39
Low_Demand,2,Dynamic,10,18,39
Low_Demand,2,Dynamic,10,19,39
Low_Demand,2,Dynamic,10,20,39
Low_Demand,2,Dynamic,10,21,39
Low_Demand,2,Dynamic,10,22,39
Low_Demand,2,Dynamic,10,23,39
Low_Demand,2,Dynamic,10,24,39
Low_Demand,2,Dynamic,10,25,39
Low_Demand,2,Dynamic,10,26,39
Low_Demand,2,Dynamic,10,27,39
Low_Demand,2,Dynamic,10,28,39
Low_Demand,2,Dynamic,10,29,39
Low_Demand,2,Dynamic,9,0,39
Low_Demand,2,Dynamic,9,1,39
Low_Demand,2,Dynamic,9,2,39
Low_Demand,2,Dynamic,9,3,39
Low_Demand,2,Dynamic,9,4,39
Low_Demand,2,Dynamic,9,5,39
Low_Demand,2,Dynamic,9,6,39
Low_Demand,2,Dynamic,9,7,39
Low_Demand,2,Dynamic,9,8,39
Low_Demand,2,Dynamic,9,9,39
Low_Demand,2,Dynamic,9,10,39
Low_Demand,2,Dynamic,9,11,39
Low_Demand,2,Dynamic,9,12,39
Low_Demand,2,Dynamic,9,13,39
Low_Demand,2,Dynamic,9,14,39
Low_Demand,2,Dynamic,9,15,39
Low_Demand,2,Dynamic,9,16,39
Low_Demand,2,Dynamic,9,17,39
Low_Demand,2,Dynamic,9,18,39
Low_Demand,2,Dynamic,9,19,39
Low_Demand,2,Dynamic,9,20,39
Low_Demand,2,Dynamic,9,21,39
Low_Demand,2,Dynamic,9,22,39
Low_Demand,2,Dynamic,9,23,39
Low_Demand,2,Dynamic,9,24,39
Low_Demand,2,Dynamic,9,25,39
Low_Demand,2,Dynamic,9,26,39
Low_Demand,2,Dynamic,9,27,39
Low_Demand,2,Dynamic,9,28,39
Low_Demand,2,Dynamic,9,29,39
Low_Demand,2,Dynamic,2,0,39
Low_Demand,2,Dynamic,2,1,39
Low_Demand,2,Dynamic,2,2,39
Low_Demand,2,Dynamic,2,3,39
Low_Demand,2,Dynamic,2,4,39
Low_Demand,2,Dynamic,2,5,39
Low_Demand,2,Dynamic,2,6,39
Low_Demand,2,Dynamic,2,7,39
Low_Demand,2,Dynamic,2,8,39
Low_Demand,2,Dynamic,2,9,39
Low_Demand,2,Dynamic,2,10,39
Low_Demand,2,Dynamic,2,11,39
Low_Demand,2,Dynamic,2,12,39
Low_Demand,2,Dynamic,2,13,39
Low_Demand,2,Dynamic,2,14,39
Low_Demand,2,Dynamic,2,15,39
Low_Demand,2,Dynamic,2,16,39
Low_Demand,2,Dynamic,2,17,39
Low_Demand,2,Dynamic,2,18,39
Low_Demand,2,Dynamic,2,19,39
Low_Demand,2,Dynamic,2,20,39
Low_Demand,2,Dynamic,2,21,39
Low_Demand,2,Dynamic,2,22,39
Low_Demand,2,Dynamic,2,23,39
Low_Demand,2,Dynamic,2,24,39
Low_Demand,2,Dynamic,2,25,39
Low_Demand,2,Dynamic,2,26,39
Low_Demand,2,Dynamic,2,27,39
Low_Demand,2,Dynamic,2,28,39
Low_Demand,2,Dynamic,2,29,39
Low_Demand,2,Dynamic,3,0,39
Low_Demand,2,Dynamic,3,1,39
Low_Demand,2,Dynamic,3,2,39
Low_Demand,2,Dynamic,3,3,39
Low_Demand,2,Dynamic,3,4,39
Low_Demand,2,Dynamic,3,5,39
Low_Demand,2,Dynamic,3,6,39
Low_Demand,2,Dynamic,3,7,39
Low_Demand,2,Dynamic,3,8,39
Low_Demand,2,Dynamic,3,9,39
Low_Demand,2,Dynamic,3,10,39
Low_Demand,2,Dynamic,3,11,39
Low_Demand,2,Dynamic,3,12,39
Low_Demand,2,Dynamic,3,13,39
Low_Demand,2,Dynamic,3,14,39
Low_Demand,2,Dynamic,3,15,39
Low_Demand,2,Dynamic,3,16,39
Low_Demand,2,Dynamic,3,17,39
Low_Demand,2,Dynamic,3,18,39
Low_Demand,2,Dynamic,3,19,39
Low_Demand,2,Dynamic,3,20,39
Low_Demand,2,Dynamic,3,21,39
Low_Demand,2,Dynamic,3,22,39
Low_Demand,2,Dynamic,3,23,39
Low_Demand,2,Dynamic,3,24,39
Low_Demand,2,Dynamic,3,25,39
Low_Demand,2,Dynamic,3,26,39
Low_Demand,2,Dynamic,3,27,39
Low_Demand,2,Dynamic,3,28,39
Low_Demand,2,Dynamic,3,29,39
Low_Demand,2,Dynamic,7,0,39
Low_Demand,2,Dynamic,7,1,39
Low_Demand,2,Dynamic,7,2,39
Low_Demand,2,Dynamic,7,3,39
Low_Demand,2,Dynamic,7,4,39
Low_Demand,2,Dynamic,7,5,39
Low_Demand,2,Dynamic,7,6,39
Low_Demand,2,Dynamic,7,7,39
Low_Demand,2,Dynamic,7,8,39
Low_Demand,2,Dynamic,7,9,39
Low_Demand,2,Dynamic,7,10,39
Low_Demand,2,Dynamic,7,11,39
Low_Demand,2,Dynamic,7,12,39
Low_Demand,2,Dynamic,7,13,39
Low_Demand,2,Dynamic,7,14,39
Low_Demand,2,Dynamic,7,15,39
Low_Demand,2,Dynamic,7,16,39
Low_Demand,2,Dynamic,7,17,39
Low_Demand,2,Dynamic,7,18,39
Low_Demand,2,Dynamic,7,19,39
Low_Demand,2,Dynamic,7,20,39
Low_Demand,2,Dynamic,7,21,39
Low_Demand,2,Dynamic,7,22,39
Low_Demand,2,Dynamic,7,23,39
Low_Demand,2,Dynamic,7,24,39
Low_Demand,2,Dynamic,7,25,39
Low_Demand,2,Dynamic,7,26,39
Low_Demand,2,Dynamic,7,27,39
Low_Demand,2,Dynamic,7,28,39
Low_Demand,2,Dynamic,7,29,39
Low_Demand,2,Dynamic,4,0,39
Low_Demand,2,Dynamic,4,1,39
Low_Demand,2,Dynamic,4,2,39
Low_Demand,2,Dynamic,4,3,39
Low_Demand,2,Dynamic,4,4,39
Low_Demand,2,Dynamic,4,5,39
Low_Demand,2,Dynamic,4,6,39
Low_Demand,2,Dynamic,4,7,39
Low_Demand,2,Dynamic,4,8,39
Low_Demand,2,Dynamic,4,9,39
Low_Demand,2,Dynamic,4,10,39
Low_Demand,2,Dynamic,4,11,39
Low_Demand,2,Dynamic,4,12,39
Low_Demand,2,Dynamic,4,13,39
Low_Demand,2,Dynamic,4,14,39
Low_Demand,2,Dynamic,4,15,39
Low_Demand,2,Dynamic,4,16,39
Low_Demand,2,Dynamic,4,17,39
Low_Demand,2,Dynamic,4,18,39
Low_Demand,2,Dynamic,4,19,39
Low_Demand,2,Dynamic,4,20,39
Low_Demand,2,Dynamic,4,21,39
Low_Demand,2,Dynamic,4,22,39
Low_Demand,2,Dynamic,4,23,39
Low_Demand,2,Dynamic,4,24,39
Low_Demand,2,Dynamic,4,25,39
Low_Demand,2,Dynamic,4,26,39
Low_Demand,2,Dynamic,4,27,39
Low_Demand,2,Dynamic,4,28,39
Low_Demand,2,Dynamic,4,29,39
Low_Demand,2,Dynamic,8,0,39
Low_Demand,2,Dynamic,8,1,39
Low_Demand,2,Dynamic,8,2,39
Low_Demand,2,Dynamic,8,3,39
Low_Demand,2,Dynamic,8,4,39
Low_Demand,2,Dynamic,8,5,39
Low_Demand,2,Dynamic,8,6,39
Low_Demand,2,Dynamic,8,7,39
Low_Demand,2,Dynamic,8,8,39
Low_Demand,2,Dynamic,8,9,39
Low_Demand,2,Dynamic,8,10,39
Low_Demand,2,Dynamic,8,11,39
Low_Demand,2,Dynamic,8,12,39
Low_Demand,2,Dynamic,8,13,39
Low_Demand,2,Dynamic,8,14,39
Low_Demand,2,Dynamic,8,15,39
Low_Demand,2,Dynamic,8,16,39
Low_Demand,2,Dynamic,8,17,39
Low_Demand,2,Dynamic,8,18,39
Low_Demand,2,Dynamic,8,19,39
Low_Demand,2,Dynamic,8,20,39
Low_Demand,2,Dynamic,8,21,39
Low_Demand,2,Dynamic,8,22,39
Low_Demand,2,Dynamic,8,23,39
Low_Demand,2,Dynamic,8,24,39
Low_Demand,2,Dynamic,8,25,39
Low_Demand,2,Dynamic,8,26,39
Low_Demand,2,Dynamic,8,27,39
Low_Demand,2,Dynamic,8,28,39
Low_Demand,2,Dynamic,8,29,39
Low_Demand,2,Dynamic,1,0,39
Low_Demand,2,Dynamic,1,1,39
Low_Demand,2,Dynamic,1,2,39
Low_Demand,2,Dynamic,1,3,39
Low_Demand,2,Dynamic,1,4,39
Low_Demand,2,Dynamic,1,5,39
Low_Demand,2,Dynamic,1,6,39
Low_Demand,2,Dynamic,1,7,39
Low_Demand,2,Dynamic,1,8,39
Low_Demand,2,Dynamic,1,9,39
Low_Demand,2,Dynamic,1,10,39
Low_Demand,2,Dynamic,1,11,39
Low_Demand,2,Dynamic,1,12,39
Low_Demand,2,Dynamic,1,13,39
Low_Demand,2,Dynamic,1,14,39
Low_Demand,2,Dynamic,1,15,39
Low_Demand,2,Dynamic,1,16,39
Low_Demand,2,Dynamic,1,17,39
Low_Demand,2,Dynamic,1,18,39
Low_Demand,2,Dynamic,1,19,39
Low_Demand,2,Dynamic,1,20,39
Low_Demand,2,Dynamic,1,21,39
Low_Demand,2,Dynamic,1,22,39
Low_Demand,2,Dynamic,1,23,39
Low_Demand,2,Dynamic,1,24,39
Low_Demand,2,Dynamic,1,25,39
Low_Demand,2,Dynamic,1,26,39
Low_Demand,2,Dynamic,1,27,39
Low_Demand,2,Dynamic,1,28,39
Low_Demand,2,Dynamic,1,29,39
Low_Demand,2,Dynamic,6,0,39
Low_Demand,2,Dynamic,6,1,39
Low_Demand,2,Dynamic,6,2,39
Low_Demand,2,Dynamic,6,3,39
Low_Demand,2,Dynamic,6,4,39
Low_Demand,2,Dynamic,6,5,39
Low_Demand,2,Dynamic,6,6,39
Low_Demand,2,Dynamic,6,7,39
Low_Demand,2,Dynamic,6,8,39
Low_Demand,2,Dynamic,6,9,39
Low_Demand,2,Dynamic,6,10,39
Low_Demand,2,Dynamic,6,11,39
Low_Demand,2,Dynamic,6,12,39
Low_Demand,2,Dynamic,6,13,39
Low_Demand,2,Dynamic,6,14,39
Low_Demand,2,Dynamic,6,15,39
Low_Demand,2,Dynamic,6,16,39
Low_Demand,2,Dynamic,6,17,39
Low_Demand,2,Dynamic,6,18,39
Low_Demand,2,Dynamic,6,19,39
Low_Demand,2,Dynamic,6,20,39
Low_Demand,2,Dynamic,6,21,39
Low_Demand,2,Dynamic,6,22,39
Low_Demand,2,Dynamic,6,23,39
Low_Demand,2,Dynamic,6,24,39
Low_Demand,2,Dynamic,6,25,39
Low_Demand,2,Dynamic,6,26,39
Low_Demand,2,Dynamic,6,27,39
Low_Demand,2,Dynamic,6,28,39
Low_Demand,2,Dynamic,6,29,39
Low_Demand,2,Dynamic,5,0,39
Low_Demand,2,Dynamic,5,1,39
Low_Demand,2,Dynamic,5,2,39
Low_Demand,2,Dynamic,5,3,39
Low_Demand,2,Dynamic,5,4,39
Low_Demand,2,Dynamic,5,5,39
Low_Demand,2,Dynamic,5,6,39
Low_Demand,2,Dynamic,5,7,39
Low_Demand,2,Dynamic,5,8,39
Low_Demand,2,Dynamic,5,9,39
Low_Demand,2,Dynamic,5,10,39
Low_Demand,2,Dynamic,5,11,39
Low_Demand,2,Dynamic,5,12,39
Low_Demand,2,Dynamic,5,13,39
Low_Demand,2,Dynamic,5,14,39
Low_Demand,2,Dynamic,5,15,39
Low_Demand,2,Dynamic,5,16,39
Low_Demand,2,Dynamic,5,17,39
Low_Demand,2,Dynamic,5,18,39
Low_Demand,2,Dynamic,5,19,39
Low_Demand,2,Dynamic,5,20,39
Low_Demand,2,Dynamic,5,21,39
Low_Demand,2,Dynamic,5,22,39
Low_Demand,2,Dynamic,5,23,39
Low_Demand,2,Dynamic,5,24,39
Low_Demand,2,Dynamic,5,25,39
Low_Demand,2,Dynamic,5,26,39
Low_Demand,2,Dynamic,5,27,39
Low_Demand,2,Dynamic,5,28,39
Low_Demand,2,Dynamic,5,29,39
Low_Demand,3,Static,2,0,34
Low_Demand,3,Static,2,1,34
Low_Demand,3,Static,2,2,34
Low_Demand,3,Static,2,3,34
Low_Demand,3,Static,2,4,34
Low_Demand,3,Static,2,5,34
Low_Demand,3,Static,2,6,34
Low_Demand,3,Static,2,7,34
Low_Demand,3,Static,2,8,34
Low_Demand,3,Static,2,9,34
Low_Demand,3,Static,2,10,34
Low_Demand,3,Static,2,11,34
Low_Demand,3,Static,2,12,34
Low_Demand,3,Static,2,13,34
Low_Demand,3,Static,2,14,34
Low_Demand,3,Static,2,15,34
Low_Demand,3,Static,2,16,34
Low_Demand,3,Static,2,17,34
Low_Demand,3,Static,2,18,34
Low_Demand,3,Static,2,19,34
Low_Demand,3,Static,2,20,34
Low_Demand,3,Static,2,21,34
Low_Demand,3,Static,2,22,34
Low_Demand,3,Static,2,23,34
Low_Demand,3,Static,2,24,34
Low_Demand,3,Static,2,25,34
Low_Demand,3,Static,2,26,34
Low_Demand,3,Static,2,27,34
Low_Demand,3,Static,2,28,34
Low_Demand,3,Static,2,29,34
Low_Demand,3,Static,4,0,34
Low_Demand,3,Static,4,1,34
Low_Demand,3,Static,4,2,34
Low_Demand,3,Static,4,3,34
Low_Demand,3,Static,4,4,34
Low_Demand,3,Static,4,5,34
Low_Demand,3,Static,4,6,34
Low_Demand,3,Static,4,7,34
Low_Demand,3,Static,4,8,34
Low_Demand,3,Static,4,9,34
Low_Demand,3,Static,4,10,34
Low_Demand,3,Static,4,11,34
Low_Demand,3,Static,4,12,34
Low_Demand,3,Static,4,13,34
Low_Demand,3,Static,4,14,34
Low_Demand,3,Static,4,15,34
Low_Demand,3,Static,4,16,34
Low_Demand,3,Static,4,17,34
Low_Demand,3,Static,4,18,34
Low_Demand,3,Static,4,19,34
Low_Demand,3,Static,4,20,34
Low_Demand,3,Static,4,21,34
Low_Demand,3,Static,4,22,34
Low_Demand,3,Static,4,23,34
Low_Demand,3,Static,4,24,34
Low_Demand,3,Static,4,25,34
Low_Demand,3,Static,4,26,34
Low_Demand,3,Static,4,27,34
Low_Demand,3,Static,4,28,34
Low_Demand,3,Static,4,29,34
Low_Demand,3,Static,1,0,34
Low_Demand,3,Static,1,1,34
Low_Demand,3,Static,1,2,34
Low_Demand,3,Static,1,3,34
Low_Demand,3,Static,1,4,34
Low_Demand,3,Static,1,5,34
Low_Demand,3,Static,1,6,34
Low_Demand,3,Static,1,7,34
Low_Demand,3,Static,1,8,34
Low_Demand,3,Static,1,9,34
Low_Demand,3,Static,1,10,34
Low_Demand,3,Static,1,11,34
Low_Demand,3,Static,1,12,34
Low_Demand,3,Static,1,13,34
Low_Demand,3,Static,1,14,34
Low_Demand,3,Static,1,15,34
Low_Demand,3,Static,1,16,34
Low_Demand,3,Static,1,17,34
Low_Demand,3,Static,1,18,34
Low_Demand,3,Static,1,19,34
Low_Demand,3,Static,1,20,34
Low_Demand,3,Static,1,21,34
Low_Demand,3,Static,1,22,34
Low_Demand,3,Static,1,23,34
Low_Demand,3,Static,1,24,34
Low_Demand,3,Static,1,25,34
Low_Demand,3,Static,1,26,34
Low_Demand,3,Static,1,27,34
Low_Demand,3,Static,1,28,34
Low_Demand,3,Static,1,29,34
Low_Demand,3,Static,8,0,34
Low_Demand,3,Static,8,1,34
Low_Demand,3,Static,8,2,34
Low_Demand,3,Static,8,3,34
Low_Demand,3,Static,8,4,34
Low_Demand,3,Static,8,5,34
Low_Demand,3,Static,8,6,34
Low_Demand,3,Static,8,7,34
Low_Demand,3,Static,8,8,34
Low_Demand,3,Static,8,9,34
Low_Demand,3,Static,8,10,34
Low_Demand,3,Static,8,11,34
Low_Demand,3,Static,8,12,34
Low_Demand,3,Static,8,13,34
Low_Demand,3,Static,8,14,34
Low_Demand,3,Static,8,15,34
Low_Demand,3,Static,8,16,34
Low_Demand,3,Static,8,17,34
Low_Demand,3,Static,8,18,34
Low_Demand,3,Static,8,19,34
Low_Demand,3,Static,8,20,34
Low_Demand,3,Static,8,21,34
Low_Demand,3,Static,8,22,34
Low_Demand,3,Static,8,23,34
Low_Demand,3,Static,8,24,34
Low_Demand,3,Static,8,25,34
Low_Demand,3,Static,8,26,34
Low_Demand,3,Static,8,27,34
Low_Demand,3,Static,8,28,34
Low_Demand,3,Static,8,29,34
Low_Demand,3,Static,3,0,34
Low_Demand,3,Static,3,1,34
Low_Demand,3,Static,3,2,34
Low_Demand,3,Static,3,3,34
Low_Demand,3,Static,3,4,34
Low_Demand,3,Static,3,5,34
Low_Demand,3,Static,3,6,34
Low_Demand,3,Static,3,7,34
Low_Demand,3,Static,3,8,34
Low_Demand,3,Static,3,9,34
Low_Demand,3,Static,3,10,34
Low_Demand,3,Static,3,11,34
Low_Demand,3,Static,3,12,34
Low_Demand,3,Static,3,13,34
Low_Demand,3,Static,3,14,34
Low_Demand,3,Static,3,15,34
Low_Demand,3,Static,3,16,34
Low_Demand,3,Static,3,17,34
Low_Demand,3,Static,3,18,34
Low_Demand,3,Static,3,19,34
Low_Demand,3,Static,3,20,34
Low_Demand,3,Static,3,21,34
Low_Demand,3,Static,3,22,34
Low_Demand,3,Static,3,23,34
Low_Demand,3,Static,3,24,34
Low_Demand,3,Static,3,25,34
Low_Demand,3,Static,3,26,34
Low_Demand,3,Static,3,27,34
Low_Demand,3,Static,3,28,34
Low_Demand,3,Static,3,29,34
Low_Demand,3,Static,5,0,34
Low_Demand,3,Static,5,1,34
Low_Demand,3,Static,5,2,34
Low_Demand,3,Static,5,3,34
Low_Demand,3,Static,5,4,34
Low_Demand,3,Static,5,5,34
Low_Demand,3,Static,5,6,34
Low_Demand,3,Static,5,7,34
Low_Demand,3,Static,5,8,34
Low_Demand,3,Static,5,9,34
Low_Demand,3,Static,5,10,34
Low_Demand,3,Static,5,11,34
Low_Demand,3,Static,5,12,34
Low_Demand,3,Static,5,13,34
Low_Demand,3,Static,5,14,34
Low_Demand,3,Static,5,15,34
Low_Demand,3,Static,5,16,34
Low_Demand,3,Static,5,17,34
Low_Demand,3,Static,5,18,34
Low_Demand,3,Static,5,19,34
Low_Demand,3,Static,5,20,34
Low_Demand,3,Static,5,21,34
Low_Demand,3,Static,5,22,34
Low_Demand,3,Static,5,23,34
Low_Demand,3,Static,5,24,34
Low_Demand,3,Static,5,25,34
Low_Demand,3,Static,5,26,34
Low_Demand,3,Static,5,27,34
Low_Demand,3,Static,5,28,34
Low_Demand,3,Static,5,29,34
Low_Demand,3,Static,10,0,34
Low_Demand,3,Static,10,1,34
Low_Demand,3,Static,10,2,34
Low_Demand,3,Static,10,3,34
Low_Demand,3,Static,10,4,34
Low_Demand,3,Static,10,5,34
Low_Demand,3,Static,10,6,34
Low_Demand,3,Static,10,7,34
Low_Demand,3,Static,10,8,34
Low_Demand,3,Static,10,9,34
Low_Demand,3,Static,10,10,34
Low_Demand,3,Static,10,11,34
Low_Demand,3,Static,10,12,34
Low_Demand,3,Static,10,13,34
Low_Demand,3,Static,10,14,34
Low_Demand,3,Static,10,15,34
Low_Demand,3,Static,10,16,34
Low_Demand,3,Static,10,17,34
Low_Demand,3,Static,10,18,34
Low_Demand,3,Static,10,19,34
Low_Demand,3,Static,10,20,34
Low_Demand,3,Static,10,21,34
Low_Demand,3,Static,10,22,34
Low_Demand,3,Static,10,23,34
Low_Demand,3,Static,10,24,34
Low_Demand,3,Static,10,25,34
Low_Demand,3,Static,10,26,34
Low_Demand,3,Static,10,27,34
Low_Demand,3,Static,10,28,34
Low_Demand,3,Static,10,29,34
Low_Demand,3,Static,6,0,34
Low_Demand,3,Static,6,1,34
Low_Demand,3,Static,6,2,34
Low_Demand,3,Static,6,3,34
Low_Demand,3,Static,6,4,34
Low_Demand,3,Static,6,5,34
Low_Demand,3,Static,6,6,34
Low_Demand,3,Static,6,7,34
Low_Demand,3,Static,6,8,34
Low_Demand,3,Static,6,9,34
Low_Demand,3,Static,6,10,34
Low_Demand,3,Static,6,11,34
Low_Demand,3,Static,6,12,34
Low_Demand,3,Static,6,13,34
Low_Demand,3,Static,6,14,34
Low_Demand,3,Static,6,15,34
Low_Demand,3,Static,6,16,34
Low_Demand,3,Static,6,17,34
Low_Demand,3,Static,6,18,34
Low_Demand,3,Static,6,19,34
Low_Demand,3,Static,6,20,34
Low_Demand,3,Static,6,21,34
Low_Demand,3,Static,6,22,34
Low_Demand,3,Static,6,23,34
Low_Demand,3,Static,6,24,34
Low_Demand,3,Static,6,25,34
Low_Demand,3,Static,6,26,34
Low_Demand,3,Static,6,27,34
Low_Demand,3,Static,6,28,34
Low_Demand,3,Static,6,29,34
Low_Demand,3,Static,9,0,34
Low_Demand,3,Static,9,1,34
Low_Demand,3,Static,9,2,34
Low_Demand,3,Static,9,3,34
Low_Demand,3,Static,9,4,34
Low_Demand,3,Static,9,5,34
Low_Demand,3,Static,9,6,34
Low_Demand,3,Static,9,7,34
Low_Demand,3,Static,9,8,34
Low_Demand,3,Static,9,9,34
Low_Demand,3,Static,9,10,34
Low_Demand,3,Static,9,11,34
Low_Demand,3,Static,9,12,34
Low_Demand,3,Static,9,13,34
Low_Demand,3,Static,9,14,34
Low_Demand,3,Static,9,15,34
Low_Demand,3,Static,9,16,34
Low_Demand,3,Static,9,17,34
Low_Demand,3,Static,9,18,34
Low_Demand,3,Static,9,19,34
Low_Demand,3,Static,9,20,34
Low_Demand,3,Static,9,21,34
Low_Demand,3,Static,9,22,34
Low_Demand,3,Static,9,23,34
Low_Demand,3,Static,9,24,34
Low_Demand,3,Static,9,25,34
Low_Demand,3,Static,9,26,34
Low_Demand,3,Static,9,27,34
Low_Demand,3,Static,9,28,34
Low_Demand,3,Static,9,29,34
Low_Demand,3,Static,7,0,34
Low_Demand,3,Static,7,1,34
Low_Demand,3,Static,7,2,34
Low_Demand,3,Static,7,3,34
Low_Demand,3,Static,7,4,34
Low_Demand,3,Static,7,5,34
Low_Demand,3,Static,7,6,34
Low_Demand,3,Static,7,7,34
Low_Demand,3,Static,7,8,34
Low_Demand,3,Static,7,9,34
Low_Demand,3,Static,7,10,34
Low_Demand,3,Static,7,11,34
Low_Demand,3,Static,7,12,34
Low_Demand,3,Static,7,13,34
Low_Demand,3,Static,7,14,34
Low_Demand,3,Static,7,15,34
Low_Demand,3,Static,7,16,34
Low_Demand,3,Static,7,17,34
Low_Demand,3,Static,7,18,34
Low_Demand,3,Static,7,19,34
Low_Demand,3,Static,7,20,34
Low_Demand,3,Static,7,21,34
Low_Demand,3,Static,7,22,34
Low_Demand,3,Static,7,23,34
Low_Demand,3,Static,7,24,34
Low_Demand,3,Static,7,25,34
Low_Demand,3,Static,7,26,34
Low_Demand,3,Static,7,27,34
Low_Demand,3,Static,7,28,34
Low_Demand,3,Static,7,29,34
Low_Demand,3,Dynamic,4,0,36
Low_Demand,3,Dynamic,4,1,36
Low_Demand,3,Dynamic,4,2,36
Low_Demand,3,Dynamic,4,3,36
Low_Demand,3,Dynamic,4,4,36
Low_Demand,3,Dynamic,4,5,36
Low_Demand,3,Dynamic,4,6,36
Low_Demand,3,Dynamic,4,7,36
Low_Demand,3,Dynamic,4,8,36
Low_Demand,3,Dynamic,4,9,36
Low_Demand,3,Dynamic,4,10,36
Low_Demand,3,Dynamic,4,11,36
Low_Demand,3,Dynamic,4,12,36
Low_Demand,3,Dynamic,4,13,36
Low_Demand,3,Dynamic,4,14,36
Low_Demand,3,Dynamic,4,15,36
Low_Demand,3,Dynamic,4,16,36
Low_Demand,3,Dynamic,4,17,36
Low_Demand,3,Dynamic,4,18,36
Low_Demand,3,Dynamic,4,19,36
Low_Demand,3,Dynamic,4,20,36
Low_Demand,3,Dynamic,4,21,36
Low_Demand,3,Dynamic,4,22,36
Low_Demand,3,Dynamic,4,23,36
Low_Demand,3,Dynamic,4,24,36
Low_Demand,3,Dynamic,4,25,36
Low_Demand,3,Dynamic,4,26,36
Low_Demand,3,Dynamic,4,27,36
Low_Demand,3,Dynamic,4,28,36
Low_Demand,3,Dynamic,4,29,36
Low_Demand,3,Dynamic,10,0,36
Low_Demand,3,Dynamic,10,1,36
Low_Demand,3,Dynamic,10,2,36
Low_Demand,3,Dynamic,10,3,36
Low_Demand,3,Dynamic,10,4,36
Low_Demand,3,Dynamic,10,5,36
Low_Demand,3,Dynamic,10,6,36
Low_Demand,3,Dynamic,10,7,36
Low_Demand,3,Dynamic,10,8,36
Low_Demand,3,Dynamic,10,9,36
Low_Demand,3,Dynamic,10,10,36
Low_Demand,3,Dynamic,10,11,36
Low_Demand,3,Dynamic,10,12,36
Low_Demand,3,Dynamic,10,13,36
Low_Demand,3,Dynamic,10,14,36
Low_Demand,3,Dynamic,10,15,36
Low_Demand,3,Dynamic,10,16,36
Low_Demand,3,Dynamic,10,17,36
Low_Demand,3,Dynamic,10,18,36
Low_Demand,3,Dynamic,10,19,36
Low_Demand,3,Dynamic,10,20,36
Low_Demand,3,Dynamic,10,21,36
Low_Demand,3,Dynamic,10,22,36
Low_Demand,3,Dynamic,10,23,36
Low_Demand,3,Dynamic,10,24,36
Low_Demand,3,Dynamic,10,25,36
Low_Demand,3,Dynamic,10,26,36
Low_Demand,3,Dynamic,10,27,36
Low_Demand,3,Dynamic,10,28,36
Low_Demand,3,Dynamic,10,29,36
Low_Demand,3,Dynamic,1,0,36
Low_Demand,3,Dynamic,1,1,36
Low_Demand,3,Dynamic,1,2,36
Low_Demand,3,Dynamic,1,3,36
Low_Demand,3,Dynamic,1,4,36
Low_Demand,3,Dynamic,1,5,36
Low_Demand,3,Dynamic,1,6,36
Low_Demand,3,Dynamic,1,7,36
Low_Demand,3,Dynamic,1,8,36
Low_Demand,3,Dynamic,1,9,36
Low_Demand,3,Dynamic,1,10,36
Low_Demand,3,Dynamic,1,11,36
Low_Demand,3,Dynamic,1,12,36
Low_Demand,3,Dynamic,1,13,36
Low_Demand,3,Dynamic,1,14,36
Low_Demand,3,Dynamic,1,15,36
Low_Demand,3,Dynamic,1,16,36
Low_Demand,3,Dynamic,1,17,36
Low_Demand,3,Dynamic,1,18,36
Low_Demand,3,Dynamic,1,19,36
Low_Demand,3,Dynamic,1,20,36
Low_Demand,3,Dynamic,1,21,36
Low_Demand,3,Dynamic,1,22,36
Low_Demand,3,Dynamic,1,23,36
Low_Demand,3,Dynamic,1,24,36
Low_Demand,3,Dynamic,1,25,36
Low_Demand,3,Dynamic,1,26,36
Low_Demand,3,Dynamic,1,27,36
Low_Demand,3,Dynamic,1,28,36
Low_Demand,3,Dynamic,1,29,36
Low_Demand,3,Dynamic,7,0,36
Low_Demand,3,Dynamic,7,1,36
Low_Demand,3,Dynamic,7,2,36
Low_Demand,3,Dynamic,7,3,36
Low_Demand,3,Dynamic,7,4,36
Low_Demand,3,Dynamic,7,5,36
Low_Demand,3,Dynamic,7,6,36
Low_Demand,3,Dynamic,7,7,36
Low_Demand,3,Dynamic,7,8,36
Low_Demand,3,Dynamic,7,9,36
Low_Demand,3,Dynamic,7,10,36
Low_Demand,3,Dynamic,7,11,36
Low_Demand,3,Dynamic,7,12,36
Low_Demand,3,Dynamic,7,13,36
Low_Demand,3,Dynamic,7,14,36
Low_Demand,3,Dynamic,7,15,36
Low_Demand,3,Dynamic,7,16,36
Low_Demand,3,Dynamic,7,17,36
Low_Demand,3,Dynamic,7,18,36
Low_Demand,3,Dynamic,7,19,36
Low_Demand,3,Dynamic,7,20,36
Low_Demand,3,Dynamic,7,21,36
Low_Demand,3,Dynamic,7,22,36
Low_Demand,3,Dynamic,7,23,36
Low_Demand,3,Dynamic,7,24,36
Low_Demand,3,Dynamic,7,25,36
Low_Demand,3,Dynamic,7,26,36
Low_Demand,3,Dynamic,7,27,36
Low_Demand,3,Dynamic,7,28,36
Low_Demand,3,Dynamic,7,29,36
Low_Demand,3,Dynamic,5,0,36
Low_Demand,3,Dynamic,5,1,36
Low_Demand,3,Dynamic,5,2,36
Low_Demand,3,Dynamic,5,3,36
Low_Demand,3,Dynamic,5,4,36
Low_Demand,3,Dynamic,5,5,36
Low_Demand,3,Dynamic,5,6,36
Low_Demand,3,Dynamic,5,7,36
Low_Demand,3,Dynamic,5,8,36
Low_Demand,3,Dynamic,5,9,36
Low_Demand,3,Dynamic,5,10,36
Low_Demand,3,Dynamic,5,11,36
Low_Demand,3,Dynamic,5,12,36
Low_Demand,3,Dynamic,5,13,36
Low_Demand,3,Dynamic,5,14,36
Low_Demand,3,Dynamic,5,15,36
Low_Demand,3,Dynamic,5,16,36
Low_Demand,3,Dynamic,5,17,36
Low_Demand,3,Dynamic,5,18,36
Low_Demand,3,Dynamic,5,19,36
Low_Demand,3,Dynamic,5,20,36
Low_Demand,3,Dynamic,5,21,36
Low_Demand,3,Dynamic,5,22,36
Low_Demand,3,Dynamic,5,23,36
Low_Demand,3,Dynamic,5,24,36
Low_Demand,3,Dynamic,5,25,36
Low_Demand,3,Dynamic,5,26,36
Low_Demand,3,Dynamic,5,27,36
Low_Demand,3,Dynamic,5,28,36
Low_Demand,3,Dynamic,5,29,36
Low_Demand,3,Dynamic,8,0,36
Low_Demand,3,Dynamic,8,1,36
Low_Demand,3,Dynamic,8,2,36
Low_Demand,3,Dynamic,8,3,36
Low_Demand,3,Dynamic,8,4,36
Low_Demand,3,Dynamic,8,5,36
Low_Demand,3,Dynamic,8,6,36
Low_Demand,3,Dynamic,8,7,36
Low_Demand,3,Dynamic,8,8,36
Low_Demand,3,Dynamic,8,9,36
Low_Demand,3,Dynamic,8,10,36
Low_Demand,3,Dynamic,8,11,36
Low_Demand,3,Dynamic,8,12,36
Low_Demand,3,Dynamic,8,13,36
Low_Demand,3,Dynamic,8,14,36
Low_Demand,3,Dynamic,8,15,36
Low_Demand,3,Dynamic,8,16,36
Low_Demand,3,Dynamic,8,17,36
Low_Demand,3,Dynamic,8,18,36
Low_Demand,3,Dynamic,8,19,36
Low_Demand,3,Dynamic,8,20,36
Low_Demand,3,Dynamic,8,21,36
Low_Demand,3,Dynamic,8,22,36
Low_Demand,3,Dynamic,8,23,36
Low_Demand,3,Dynamic,8,24,36
Low_Demand,3,Dynamic,8,25,36
Low_Demand,3,Dynamic,8,26,36
Low_Demand,3,Dynamic,8,27,36
Low_Demand,3,Dynamic,8,28,36
Low_Demand,3,Dynamic,8,29,36
Low_Demand,3,Dynamic,3,0,36
Low_Demand,3,Dynamic,3,1,36
Low_Demand,3,Dynamic,3,2,36
Low_Demand,3,Dynamic,3,3,36
Low_Demand,3,Dynamic,3,4,36
Low_Demand,3,Dynamic,3,5,36
Low_Demand,3,Dynamic,3,6,36
Low_Demand,3,Dynamic,3,7,36
Low_Demand,3,Dynamic,3,8,36
Low_Demand,3,Dynamic,3,9,36
Low_Demand,3,Dynamic,3,10,36
Low_Demand,3,Dynamic,3,11,36
Low_Demand,3,Dynamic,3,12,36
Low_Demand,3,Dynamic,3,13,36
Low_Demand,3,Dynamic,3,14,36
Low_Demand,3,Dynamic,3,15,36
Low_Demand,3,Dynamic,3,16,36
Low_Demand,3,Dynamic,3,17,36
Low_Demand,3,Dynamic,3,18,36
Low_Demand,3,Dynamic,3,19,36
Low_Demand,3,Dynamic,3,20,36
Low_Demand,3,Dynamic,3,21,36
Low_Demand,3,Dynamic,3,22,36
Low_Demand,3,Dynamic,3,23,36
Low_Demand,3,Dynamic,3,24,36
Low_Demand,3,Dynamic,3,25,36
Low_Demand,3,Dynamic,3,26,36
Low_Demand,3,Dynamic,3,27,36
Low_Demand,3,Dynamic,3,28,36
Low_Demand,3,Dynamic,3,29,36
Low_Demand,3,Dynamic,6,0,36
Low_Demand,3,Dynamic,6,1,36
Low_Demand,3,Dynamic,6,2,36
Low_Demand,3,Dynamic,6,3,36
Low_Demand,3,Dynamic,6,4,36
Low_Demand,3,Dynamic,6,5,36
Low_Demand,3,Dynamic,6,6,36
Low_Demand,3,Dynamic,6,7,36
Low_Demand,3,Dynamic,6,8,36
Low_Demand,3,Dynamic,6,9,36
Low_Demand,3,Dynamic,6,10,36
Low_Demand,3,Dynamic,6,11,36
Low_Demand,3,Dynamic,6,12,36
Low_Demand,3,Dynamic,6,13,36
Low_Demand,3,Dynamic,6,14,36
Low_Demand,3,Dynamic,6,15,36
Low_Demand,3,Dynamic,6,16,36
Low_Demand,3,Dynamic,6,17,36
Low_Demand,3,Dynamic,6,18,36
Low_Demand,3,Dynamic,6,19,36
Low_Demand,3,Dynamic,6,20,36
Low_Demand,3,Dynamic,6,21,36
Low_Demand,3,Dynamic,6,22,36
Low_Demand,3,Dynamic,6,23,36
Low_Demand,3,Dynamic,6,24,36
Low_Demand,3,Dynamic,6,25,36
Low_Demand,3,Dynamic,6,26,36
Low_Demand,3,Dynamic,6,27,36
Low_Demand,3,Dynamic,6,28,36
Low_Demand,3,Dynamic,6,29,36
Low_Demand,3,Dynamic,2,0,36
Low_Demand,3,Dynamic,2,1,36
Low_Demand,3,Dynamic,2,2,36
Low_Demand,3,Dynamic,2,3,36
Low_Demand,3,Dynamic,2,4,36
Low_Demand,3,Dynamic,2,5,36
Low_Demand,3,Dynamic,2,6,36
Low_Demand,3,Dynamic,2,7,36
Low_Demand,3,Dynamic,2,8,36
Low_Demand,3,Dynamic,2,9,36
Low_Demand,3,Dynamic,2,10,36
Low_Demand,3,Dynamic,2,11,36
Low_Demand,3,Dynamic,2,12,36
Low_Demand,3,Dynamic,2,13,36
Low_Demand,3,Dynamic,2,14,36
Low_Demand,3,Dynamic,2,15,36
Low_Demand,3,Dynamic,2,16,36
Low_Demand,3,Dynamic,2,17,36
Low_Demand,3,Dynamic,2,18,36
Low_Demand,3,Dynamic,2,19,36
Low_Demand,3,Dynamic,2,20,36
Low_Demand,3,Dynamic,2,21,36
Low_Demand,3,Dynamic,2,22,36
Low_Demand,3,Dynamic,2,23,36
Low_Demand,3,Dynamic,2,24,36
Low_Demand,3,Dynamic,2,25,36
Low_Demand,3,Dynamic,2,26,36
Low_Demand,3,Dynamic,2,27,36
Low_Demand,3,Dynamic,2,28,36
Low_Demand,3,Dynamic,2,29,36
Low_Demand,3,Dynamic,9,0,36
Low_Demand,3,Dynamic,9,1,36
Low_Demand,3,Dynamic,9,2,36
Low_Demand,3,Dynamic,9,3,36
Low_Demand,3,Dynamic,9,4,36
Low_Demand,3,Dynamic,9,5,36
Low_Demand,3,Dynamic,9,6,36
Low_Demand,3,Dynamic,9,7,36
Low_Demand,3,Dynamic,9,8,36
Low_Demand,3,Dynamic,9,9,36
Low_Demand,3,Dynamic,9,10,36
Low_Demand,3,Dynamic,9,11,36
Low_Demand,3,Dynamic,9,12,36
Low_Demand,3,Dynamic,9,13,36
Low_Demand,3,Dynamic,9,14,36
Low_Demand,3,Dynamic,9,15,36
Low_Demand,3,Dynamic,9,16,36
Low_Demand,3,Dynamic,9,17,36
Low_Demand,3,Dynamic,9,18,36
Low_Demand,3,Dynamic,9,19,36
Low_Demand,3,Dynamic,9,20,36
Low_Demand,3,Dynamic,9,21,36
Low_Demand,3,Dynamic,9,22,36
Low_Demand,3,Dynamic,9,23,36
Low_Demand,3,Dynamic,9,24,36
Low_Demand,3,Dynamic,9,25,36
Low_Demand,3,Dynamic,9,26,36
Low_Demand,3,Dynamic,9,27,36
Low_Demand,3,Dynamic,9,28,36
Low_Demand,3,Dynamic,9,29,36
Low_Demand,4,Static,4,0,35
Low_Demand,4,Static,4,1,35
Low_Demand,4,Static,4,2,35
Low_Demand,4,Static,4,3,35
Low_Demand,4,Static,4,4,35
Low_Demand,4,Static,4,5,35
Low_Demand,4,Static,4,6,35
Low_Demand,4,Static,4,7,35
Low_Demand,4,Static,4,8,35
Low_Demand,4,Static,4,9,35
Low_Demand,4,Static,4,10,35
Low_Demand,4,Static,4,11,35
Low_Demand,4,Static,4,12,35
Low_Demand,4,Static,4,13,35
Low_Demand,4,Static,4,14,35
Low_Demand,4,Static,4,15,35
Low_Demand,4,Static,4,16,35
Low_Demand,4,Static,4,17,35
Low_Demand,4,Static,4,18,35
Low_Demand,4,Static,4,19,35
Low_Demand,4,Static,4,20,35
Low_Demand,4,Static,4,21,35
Low_Demand,4,Static,4,22,35
Low_Demand,4,Static,4,23,35
Low_Demand,4,Static,4,24,35
Low_Demand,4,Static,4,25,35
Low_Demand,4,Static,4,26,35
Low_Demand,4,Static,4,27,35
Low_Demand,4,Static,4,28,35
Low_Demand,4,Static,4,29,35
Low_Demand,4,Static,7,0,35
Low_Demand,4,Static,7,1,35
Low_Demand,4,Static,7,2,35
Low_Demand,4,Static,7,3,35
Low_Demand,4,Static,7,4,35
Low_Demand,4,Static,7,5,35
Low_Demand,4,Static,7,6,35
Low_Demand,4,Static,7,7,35
Low_Demand,4,Static,7,8,35
Low_Demand,4,Static,7,9,35
Low_Demand,4,Static,7,10,35
Low_Demand,4,Static,7,11,35
Low_Demand,4,Static,7,12,35
Low_Demand,4,Static,7,13,35
Low_Demand,4,Static,7,14,35
Low_Demand,4,Static,7,15,35
Low_Demand,4,Static,7,16,35
Low_Demand,4,Static,7,17,35
Low_Demand,4,Static,7,18,35
Low_Demand,4,Static,7,19,35
Low_Demand,4,Static,7,20,35
Low_Demand,4,Static,7,21,35
Low_Demand,4,Static,7,22,35
Low_Demand,4,Static,7,23,35
Low_Demand,4,Static,7,24,35
Low_Demand,4,Static,7,25,35
Low_Demand,4,Static,7,26,35
Low_Demand,4,Static,7,27,35
Low_Demand,4,Static,7,28,35
Low_Demand,4,Static,7,29,35
Low_Demand,4,Static,3,0,35
Low_Demand,4,Static,3,1,35
Low_Demand,4,Static,3,2,35
Low_Demand,4,Static,3,3,35
Low_Demand,4,Static,3,4,35
Low_Demand,4,Static,3,5,35
Low_Demand,4,Static,3,6,35
Low_Demand,4,Static,3,7,35
Low_Demand,4,Static,3,8,35
Low_Demand,4,Static,3,9,35
Low_Demand,4,Static,3,10,35
Low_Demand,4,Static,3,11,35
Low_Demand,4,Static,3,12,35
Low_Demand,4,Static,3,13,35
Low_Demand,4,Static,3,14,35
Low_Demand,4,Static,3,15,35
Low_Demand,4,Static,3,16,35
Low_Demand,4,Static,3,17,35
Low_Demand,4,Static,3,18,35
Low_Demand,4,Static,3,19,35
Low_Demand,4,Static,3,20,35
Low_Demand,4,Static,3,21,35
Low_Demand,4,Static,3,22,35
Low_Demand,4,Static,3,23,35
Low_Demand,4,Static,3,24,35
Low_Demand,4,Static,3,25,35
Low_Demand,4,Static,3,26,35
Low_Demand,4,Static,3,27,35
Low_Demand,4,Static,3,28,35
Low_Demand,4,Static,3,29,35
Low_Demand,4,Static,5,0,35
Low_Demand,4,Static,5,1,35
Low_Demand,4,Static,5,2,35
Low_Demand,4,Static,5,3,35
Low_Demand,4,Static,5,4,35
Low_Demand,4,Static,5,5,35
Low_Demand,4,Static,5,6,35
Low_Demand,4,Static,5,7,35
Low_Demand,4,Static,5,8,35
Low_Demand,4,Static,5,9,35
Low_Demand,4,Static,5,10,35
Low_Demand,4,Static,5,11,35
Low_Demand,4,Static,5,12,35
Low_Demand,4,Static,5,13,35
Low_Demand,4,Static,5,14,35
Low_Demand,4,Static,5,15,35
Low_Demand,4,Static,5,16,35
Low_Demand,4,Static,5,17,35
Low_Demand,4,Static,5,18,35
Low_Demand,4,Static,5,19,35
Low_Demand,4,Static,5,20,35
Low_Demand,4,Static,5,21,35
Low_Demand,4,Static,5,22,35
Low_Demand,4,Static,5,23,35
Low_Demand,4,Static,5,24,35
Low_Demand,4,Static,5,25,35
Low_Demand,4,Static,5,26,35
Low_Demand,4,Static,5,27,35
Low_Demand,4,Static,5,28,35
Low_Demand,4,Static,5,29,35
Low_Demand,4,Static,6,0,35
Low_Demand,4,Static,6,1,35
Low_Demand,4,Static,6,2,35
Low_Demand,4,Static,6,3,35
Low_Demand,4,Static,6,4,35
Low_Demand,4,Static,6,5,35
Low_Demand,4,Static,6,6,35
Low_Demand,4,Static,6,7,35
Low_Demand,4,Static,6,8,35
Low_Demand,4,Static,6,9,35
Low_Demand,4,Static,6,10,35
Low_Demand,4,Static,6,11,35
Low_Demand,4,Static,6,12,35
Low_Demand,4,Static,6,13,35
Low_Demand,4,Static,6,14,35
Low_Demand,4,Static,6,15,35
Low_Demand,4,Static,6,16,35
Low_Demand,4,Static,6,17,35
Low_Demand,4,Static,6,18,35
Low_Demand,4,Static,6,19,35
Low_Demand,4,Static,6,20,35
Low_Demand,4,Static,6,21,35
Low_Demand,4,Static,6,22,35
Low_Demand,4,Static,6,23,35
Low_Demand,4,Static,6,24,35
Low_Demand,4,Static,6,25,35
Low_Demand,4,Static,6,26,35
Low_Demand,4,Static,6,27,35
Low_Demand,4,Static,6,28,35
Low_Demand,4,Static,6,29,35
Low_Demand,4,Static,8,0,35
Low_Demand,4,Static,8,1,35
Low_Demand,4,Static,8,2,35
Low_Demand,4,Static,8,3,35
Low_Demand,4,Static,8,4,35
Low_Demand,4,Static,8,5,35
Low_Demand,4,Static,8,6,35
Low_Demand,4,Static,8,7,35
Low_Demand,4,Static,8,8,35
Low_Demand,4,Static,8,9,35
Low_Demand,4,Static,8,10,35
Low_Demand,4,Static,8,11,35
Low_Demand,4,Static,8,12,35
Low_Demand,4,Static,8,13,35
Low_Demand,4,Static,8,14,35
Low_Demand,4,Static,8,15,35
Low_Demand,4,Static,8,16,35
Low_Demand,4,Static,8,17,35
Low_Demand,4,Static,8,18,35
Low_Demand,4,Static,8,19,35
Low_Demand,4,Static,8,20,35
Low_Demand,4,Static,8,21,35
Low_Demand,4,Static,8,22,35
Low_Demand,4,Static,8,23,35
Low_Demand,4,Static,8,24,35
Low_Demand,4,Static,8,25,35
Low_Demand,4,Static,8,26,35
Low_Demand,4,Static,8,27,35
Low_Demand,4,Static,8,28,35
Low_Demand,4,Static,8,29,35
Low_Demand,4,Static,2,0,35
Low_Demand,4,Static,2,1,35
Low_Demand,4,Static,2,2,35
Low_Demand,4,Static,2,3,35
Low_Demand,4,Static,2,4,35
Low_Demand,4,Static,2,5,35
Low_Demand,4,Static,2,6,35
Low_Demand,4,Static,2,7,35
Low_Demand,4,Static,2,8,35
Low_Demand,4,Static,2,9,35
Low_Demand,4,Static,2,10,35
Low_Demand,4,Static,2,11,35
Low_Demand,4,Static,2,12,35
Low_Demand,4,Static,2,13,35
Low_Demand,4,Static,2,14,35
Low_Demand,4,Static,2,15,35
Low_Demand,4,Static,2,16,35
Low_Demand,4,Static,2,17,35
Low_Demand,4,Static,2,18,35
Low_Demand,4,Static,2,19,35
Low_Demand,4,Static,2,20,35
Low_Demand,4,Static,2,21,35
Low_Demand,4,Static,2,22,35
Low_Demand,4,Static,2,23,35
Low_Demand,4,Static,2,24,35
Low_Demand,4,Static,2,25,35
Low_Demand,4,Static,2,26,35
Low_Demand,4,Static,2,27,35
Low_Demand,4,Static,2,28,35
Low_Demand,4,Static,2,29,35
Low_Demand,4,Static,1,0,35
Low_Demand,4,Static,1,1,35
Low_Demand,4,Static,1,2,35
Low_Demand,4,Static,1,3,35
Low_Demand,4,Static,1,4,35
Low_Demand,4,Static,1,5,35
Low_Demand,4,Static,1,6,35
Low_Demand,4,Static,1,7,35
Low_Demand,4,Static,1,8,35
Low_Demand,4,Static,1,9,35
Low_Demand,4,Static,1,10,35
Low_Demand,4,Static,1,11,35
Low_Demand,4,Static,1,12,35
Low_Demand,4,Static,1,13,35
Low_Demand,4,Static,1,14,35
Low_Demand,4,Static,1,15,35
Low_Demand,4,Static,1,16,35
Low_Demand,4,Static,1,17,35
Low_Demand,4,Static,1,18,35
Low_Demand,4,Static,1,19,35
Low_Demand,4,Static,1,20,35
Low_Demand,4,Static,1,21,35
Low_Demand,4,Static,1,22,35
Low_Demand,4,Static,1,23,35
Low_Demand,4,Static,1,24,35
Low_Demand,4,Static,1,25,35
Low_Demand,4,Static,1,26,35
Low_Demand,4,Static,1,27,35
Low_Demand,4,Static,1,28,35
Low_Demand,4,Static,1,29,35
Low_Demand,4,Static,9,0,35
Low_Demand,4,Static,9,1,35
Low_Demand,4,Static,9,2,35
Low_Demand,4,Static,9,3,35
Low_Demand,4,Static,9,4,35
Low_Demand,4,Static,9,5,35
Low_Demand,4,Static,9,6,35
Low_Demand,4,Static,9,7,35
Low_Demand,4,Static,9,8,35
Low_Demand,4,Static,9,9,35
Low_Demand,4,Static,9,10,35
Low_Demand,4,Static,9,11,35
Low_Demand,4,Static,9,12,35
Low_Demand,4,Static,9,13,35
Low_Demand,4,Static,9,14,35
Low_Demand,4,Static,9,15,35
Low_Demand,4,Static,9,16,35
Low_Demand,4,Static,9,17,35
Low_Demand,4,Static,9,18,35
Low_Demand,4,Static,9,19,35
Low_Demand,4,Static,9,20,35
Low_Demand,4,Static,9,21,35
Low_Demand,4,Static,9,22,35
Low_Demand,4,Static,9,23,35
Low_Demand,4,Static,9,24,35
Low_Demand,4,Static,9,25,35
Low_Demand,4,Static,9,26,35
Low_Demand,4,Static,9,27,35
Low_Demand,4,Static,9,28,35
Low_Demand,4,Static,9,29,35
Low_Demand,4,Static,10,0,35
Low_Demand,4,Static,10,1,35
Low_Demand,4,Static,10,2,35
Low_Demand,4,Static,10,3,35
Low_Demand,4,Static,10,4,35
Low_Demand,4,Static,10,5,35
Low_Demand,4,Static,10,6,35
Low_Demand,4,Static,10,7,35
Low_Demand,4,Static,10,8,35
Low_Demand,4,Static,10,9,35
Low_Demand,4,Static,10,10,35
Low_Demand,4,Static,10,11,35
Low_Demand,4,Static,10,12,35
Low_Demand,4,Static,10,13,35
Low_Demand,4,Static,10,14,35
Low_Demand,4,Static,10,15,35
Low_Demand,4,Static,10,16,35
Low_Demand,4,Static,10,17,35
Low_Demand,4,Static,10,18,35
Low_Demand,4,Static,10,19,35
Low_Demand,4,Static,10,20,35
Low_Demand,4,Static,10,21,35
Low_Demand,4,Static,10,22,35
Low_Demand,4,Static,10,23,35
Low_Demand,4,Static,10,24,35
Low_Demand,4,Static,10,25,35
Low_Demand,4,Static,10,26,35
Low_Demand,4,Static,10,27,35
Low_Demand,4,Static,10,28,35
Low_Demand,4,Static,10,29,35
Low_Demand,4,Dynamic,1,0,37
Low_Demand,4,Dynamic,1,1,37
Low_Demand,4,Dynamic,1,2,37
Low_Demand,4,Dynamic,1,3,37
Low_Demand,4,Dynamic,1,4,37
Low_Demand,4,Dynamic,1,5,37
Low_Demand,4,Dynamic,1,6,37
Low_Demand,4,Dynamic,1,7,37
Low_Demand,4,Dynamic,1,8,37
Low_Demand,4,Dynamic,1,9,37
Low_Demand,4,Dynamic,1,10,37
Low_Demand,4,Dynamic,1,11,37
Low_Demand,4,Dynamic,1,12,37
Low_Demand,4,Dynamic,1,13,37
Low_Demand,4,Dynamic,1,14,37
Low_Demand,4,Dynamic,1,15,37
Low_Demand,4,Dynamic,1,16,37
Low_Demand,4,Dynamic,1,17,37
Low_Demand,4,Dynamic,1,18,37
Low_Demand,4,Dynamic,1,19,37
Low_Demand,4,Dynamic,1,20,37
Low_Demand,4,Dynamic,1,21,37
Low_Demand,4,Dynamic,1,22,37
Low_Demand,4,Dynamic,1,23,37
Low_Demand,4,Dynamic,1,24,37
Low_Demand,4,Dynamic,1,25,37
Low_Demand,4,Dynamic,1,26,37
Low_Demand,4,Dynamic,1,27,37
Low_Demand,4,Dynamic,1,28,37
Low_Demand,4,Dynamic,1,29,37
Low_Demand,4,Dynamic,5,0,37
Low_Demand,4,Dynamic,5,1,37
Low_Demand,4,Dynamic,5,2,37
Low_Demand,4,Dynamic,5,3,37
Low_Demand,4,Dynamic,5,4,37
Low_Demand,4,Dynamic,5,5,37
Low_Demand,4,Dynamic,5,6,37
Low_Demand,4,Dynamic,5,7,37
Low_Demand,4,Dynamic,5,8,37
Low_Demand,4,Dynamic,5,9,37
Low_Demand,4,Dynamic,5,10,37
Low_Demand,4,Dynamic,5,11,37
Low_Demand,4,Dynamic,5,12,37
Low_Demand,4,Dynamic,5,13,37
Low_Demand,4,Dynamic,5,14,37
Low_Demand,4,Dynamic,5,15,37
Low_Demand,4,Dynamic,5,16,37
Low_Demand,4,Dynamic,5,17,37
Low_Demand,4,Dynamic,5,18,37
Low_Demand,4,Dynamic,5,19,37
Low_Demand,4,Dynamic,5,20,37
Low_Demand,4,Dynamic,5,21,37
Low_Demand,4,Dynamic,5,22,37
Low_Demand,4,Dynamic,5,23,37
Low_Demand,4,Dynamic,5,24,37
Low_Demand,4,Dynamic,5,25,37
Low_Demand,4,Dynamic,5,26,37
Low_Demand,4,Dynamic,5,27,37
Low_Demand,4,Dynamic,5,28,37
Low_Demand,4,Dynamic,5,29,37
Low_Demand,4,Dynamic,3,0,37
Low_Demand,4,Dynamic,3,1,37
Low_Demand,4,Dynamic,3,2,37
Low_Demand,4,Dynamic,3,3,37
Low_Demand,4,Dynamic,3,4,37
Low_Demand,4,Dynamic,3,5,37
Low_Demand,4,Dynamic,3,6,37
Low_Demand,4,Dynamic,3,7,37
Low_Demand,4,Dynamic,3,8,37
Low_Demand,4,Dynamic,3,9,37
Low_Demand,4,Dynamic,3,10,37
Low_Demand,4,Dynamic,3,11,37
Low_Demand,4,Dynamic,3,12,37
Low_Demand,4,Dynamic,3,13,37
Low_Demand,4,Dynamic,3,14,37
Low_Demand,4,Dynamic,3,15,37
Low_Demand,4,Dynamic,3,16,37
Low_Demand,4,Dynamic,3,17,37
Low_Demand,4,Dynamic,3,18,37
Low_Demand,4,Dynamic,3,19,37
Low_Demand,4,Dynamic,3,20,37
Low_Demand,4,Dynamic,3,21,37
Low_Demand,4,Dynamic,3,22,37
Low_Demand,4,Dynamic,3,23,37
Low_Demand,4,Dynamic,3,24,37
Low_Demand,4,Dynamic,3,25,37
Low_Demand,4,Dynamic,3,26,37
Low_Demand,4,Dynamic,3,27,37
Low_Demand,4,Dynamic,3,28,37
Low_Demand,4,Dynamic,3,29,37
Low_Demand,4,Dynamic,4,0,37
Low_Demand,4,Dynamic,4,1,37
Low_Demand,4,Dynamic,4,2,37
Low_Demand,4,Dynamic,4,3,37
Low_Demand,4,Dynamic,4,4,37
Low_Demand,4,Dynamic,4,5,37
Low_Demand,4,Dynamic,4,6,37
Low_Demand,4,Dynamic,4,7,37
Low_Demand,4,Dynamic,4,8,37
Low_Demand,4,Dynamic,4,9,37
Low_Demand,4,Dynamic,4,10,37
Low_Demand,4,Dynamic,4,11,37
Low_Demand,4,Dynamic,4,12,37
Low_Demand,4,Dynamic,4,13,37
Low_Demand,4,Dynamic,4,14,37
Low_Demand,4,Dynamic,4,15,37
Low_Demand,4,Dynamic,4,16,37
Low_Demand,4,Dynamic,4,17,37
Low_Demand,4,Dynamic,4,18,37
Low_Demand,4,Dynamic,4,19,37
Low_Demand,4,Dynamic,4,20,37
Low_Demand,4,Dynamic,4,21,37
Low_Demand,4,Dynamic,4,22,37
Low_Demand,4,Dynamic,4,23,37
Low_Demand,4,Dynamic,4,24,37
Low_Demand,4,Dynamic,4,25,37
Low_Demand,4,Dynamic,4,26,37
Low_Demand,4,Dynamic,4,27,37
Low_Demand,4,Dynamic,4,28,37
Low_Demand,4,Dynamic,4,29,37
Low_Demand,4,Dynamic,7,0,37
Low_Demand,4,Dynamic,7,1,37
Low_Demand,4,Dynamic,7,2,37
Low_Demand,4,Dynamic,7,3,37
Low_Demand,4,Dynamic,7,4,37
Low_Demand,4,Dynamic,7,5,37
Low_Demand,4,Dynamic,7,6,37
Low_Demand,4,Dynamic,7,7,37
Low_Demand,4,Dynamic,7,8,37
Low_Demand,4,Dynamic,7,9,37
Low_Demand,4,Dynamic,7,10,37
Low_Demand,4,Dynamic,7,11,37
Low_Demand,4,Dynamic,7,12,37
Low_Demand,4,Dynamic,7,13,37
Low_Demand,4,Dynamic,7,14,37
Low_Demand,4,Dynamic,7,15,37
Low_Demand,4,Dynamic,7,16,37
Low_Demand,4,Dynamic,7,17,37
Low_Demand,4,Dynamic,7,18,37
Low_Demand,4,Dynamic,7,19,37
Low_Demand,4,Dynamic,7,20,37
Low_Demand,4,Dynamic,7,21,37
Low_Demand,4,Dynamic,7,22,37
Low_Demand,4,Dynamic,7,23,37
Low_Demand,4,Dynamic,7,24,37
Low_Demand,4,Dynamic,7,25,37
Low_Demand,4,Dynamic,7,26,37
Low_Demand,4,Dynamic,7,27,37
Low_Demand,4,Dynamic,7,28,37
Low_Demand,4,Dynamic,7,29,37
Low_Demand,4,Dynamic,8,0,37
Low_Demand,4,Dynamic,8,1,37
Low_Demand,4,Dynamic,8,2,37
Low_Demand,4,Dynamic,8,3,37
Low_Demand,4,Dynamic,8,4,37
Low_Demand,4,Dynamic,8,5,37
Low_Demand,4,Dynamic,8,6,37
Low_Demand,4,Dynamic,8,7,37
Low_Demand,4,Dynamic,8,8,37
Low_Demand,4,Dynamic,8,9,37
Low_Demand,4,Dynamic,8,10,37
Low_Demand,4,Dynamic,8,11,37
Low_Demand,4,Dynamic,8,12,37
Low_Demand,4,Dynamic,8,13,37
Low_Demand,4,Dynamic,8,14,37
Low_Demand,4,Dynamic,8,15,37
Low_Demand,4,Dynamic,8,16,37
Low_Demand,4,Dynamic,8,17,37
Low_Demand,4,Dynamic,8,18,37
Low_Demand,4,Dynamic,8,19,37
Low_Demand,4,Dynamic,8,20,37
Low_Demand,4,Dynamic,8,21,37
Low_Demand,4,Dynamic,8,22,37
Low_Demand,4,Dynamic,8,23,37
Low_Demand,4,Dynamic,8,24,37
Low_Demand,4,Dynamic,8,25,37
Low_Demand,4,Dynamic,8,26,37
Low_Demand,4,Dynamic,8,27,37
Low_Demand,4,Dynamic,8,28,37
Low_Demand,4,Dynamic,8,29,37
Low_Demand,4,Dynamic,2,0,37
Low_Demand,4,Dynamic,2,1,37
Low_Demand,4,Dynamic,2,2,37
Low_Demand,4,Dynamic,2,3,37
Low_Demand,4,Dynamic,2,4,37
Low_Demand,4,Dynamic,2,5,37
Low_Demand,4,Dynamic,2,6,37
Low_Demand,4,Dynamic,2,7,37
Low_Demand,4,Dynamic,2,8,37
Low_Demand,4,Dynamic,2,9,37
Low_Demand,4,Dynamic,2,10,37
Low_Demand,4,Dynamic,2,11,37
Low_Demand,4,Dynamic,2,12,37
Low_Demand,4,Dynamic,2,13,37
Low_Demand,4,Dynamic,2,14,37
Low_Demand,4,Dynamic,2,15,37
Low_Demand,4,Dynamic,2,16,37
Low_Demand,4,Dynamic,2,17,37
Low_Demand,4,Dynamic,2,18,37
Low_Demand,4,Dynamic,2,19,37
Low_Demand,4,Dynamic,2,20,37
Low_Demand,4,Dynamic,2,21,37
Low_Demand,4,Dynamic,2,22,37
Low_Demand,4,Dynamic,2,23,37
Low_Demand,4,Dynamic,2,24,37
Low_Demand,4,Dynamic,2,25,37
Low_Demand,4,Dynamic,2,26,37
Low_Demand,4,Dynamic,2,27,37
Low_Demand,4,Dynamic,2,28,37
Low_Demand,4,Dynamic,2,29,37
Low_Demand,4,Dynamic,6,0,37
Low_Demand,4,Dynamic,6,1,37
Low_Demand,4,Dynamic,6,2,37
Low_Demand,4,Dynamic,6,3,37
Low_Demand,4,Dynamic,6,4,37
Low_Demand,4,Dynamic,6,5,37
Low_Demand,4,Dynamic,6,6,37
Low_Demand,4,Dynamic,6,7,37
Low_Demand,4,Dynamic,6,8,37
Low_Demand,4,Dynamic,6,9,37
Low_Demand,4,Dynamic,6,10,37
Low_Demand,4,Dynamic,6,11,37
Low_Demand,4,Dynamic,6,12,37
Low_Demand,4,Dynamic,6,13,37
Low_Demand,4,Dynamic,6,14,37
Low_Demand,4,Dynamic,6,15,37
Low_Demand,4,Dynamic,6,16,37
Low_Demand,4,Dynamic,6,17,37
Low_Demand,4,Dynamic,6,18,37
Low_Demand,4,Dynamic,6,19,37
Low_Demand,4,Dynamic,6,20,37
Low_Demand,4,Dynamic,6,21,37
Low_Demand,4,Dynamic,6,22,37
Low_Demand,4,Dynamic,6,23,37
Low_Demand,4,Dynamic,6,24,37
Low_Demand,4,Dynamic,6,25,37
Low_Demand,4,Dynamic,6,26,37
Low_Demand,4,Dynamic,6,27,37
Low_Demand,4,Dynamic,6,28,37
Low_Demand,4,Dynamic,6,29,37
Low_Demand,4,Dynamic,9,0,37
Low_Demand,4,Dynamic,9,1,37
Low_Demand,4,Dynamic,9,2,37
Low_Demand,4,Dynamic,9,3,37
Low_Demand,4,Dynamic,9,4,37
Low_Demand,4,Dynamic,9,5,37
Low_Demand,4,Dynamic,9,6,37
Low_Demand,4,Dynamic,9,7,37
Low_Demand,4,Dynamic,9,8,37
Low_Demand,4,Dynamic,9,9,37
Low_Demand,4,Dynamic,9,10,37
Low_Demand,4,Dynamic,9,11,37
Low_Demand,4,Dynamic,9,12,37
Low_Demand,4,Dynamic,9,13,37
Low_Demand,4,Dynamic,9,14,37
Low_Demand,4,Dynamic,9,15,37
Low_Demand,4,Dynamic,9,16,37
Low_Demand,4,Dynamic,9,17,37
Low_Demand,4,Dynamic,9,18,37
Low_Demand,4,Dynamic,9,19,37
Low_Demand,4,Dynamic,9,20,37
Low_Demand,4,Dynamic,9,21,37
Low_Demand,4,Dynamic,9,22,37
Low_Demand,4,Dynamic,9,23,37
Low_Demand,4,Dynamic,9,24,37
Low_Demand,4,Dynamic,9,25,37
Low_Demand,4,Dynamic,9,26,37
Low_Demand,4,Dynamic,9,27,37
Low_Demand,4,Dynamic,9,28,37
Low_Demand,4,Dynamic,9,29,37
Low_Demand,4,Dynamic,10,0,37
Low_Demand,4,Dynamic,10,1,37
Low_Demand,4,Dynamic,10,2,37
Low_Demand,4,Dynamic,10,3,37
Low_Demand,4,Dynamic,10,4,37
Low_Demand,4,Dynamic,10,5,37
Low_Demand,4,Dynamic,10,6,37
Low_Demand,4,Dynamic,10,7,37
Low_Demand,4,Dynamic,10,8,37
Low_Demand,4,Dynamic,10,9,37
Low_Demand,4,Dynamic,10,10,37
Low_Demand,4,Dynamic,10,11,37
Low_Demand,4,Dynamic,10,12,37
Low_Demand,4,Dynamic,10,13,37
Low_Demand,4,Dynamic,10,14,37
Low_Demand,4,Dynamic,10,15,37
Low_Demand,4,Dynamic,10,16,37
Low_Demand,4,Dynamic,10,17,37
Low_Demand,4,Dynamic,10,18,37
Low_Demand,4,Dynamic,10,19,37
Low_Demand,4,Dynamic,10,20,37
Low_Demand,4,Dynamic,10,21,37
Low_Demand,4,Dynamic,10,22,37
Low_Demand,4,Dynamic,10,23,37
Low_Demand,4,Dynamic,10,24,37
Low_Demand,4,Dynamic,10,25,37
Low_Demand,4,Dynamic,10,26,37
Low_Demand,4,Dynamic,10,27,37
Low_Demand,4,Dynamic,10,28,37
Low_Demand,4,Dynamic,10,29,37
Low_Demand,5,Static,4,0,26
Low_Demand,5,Static,4,1,26
Low_Demand,5,Static,4,2,26
Low_Demand,5,Static,4,3,26
Low_Demand,5,Static,4,4,26
Low_Demand,5,Static,4,5,26
Low_Demand,5,Static,4,6,26
Low_Demand,5,Static,4,7,26
Low_Demand,5,Static,4,8,26
Low_Demand,5,Static,4,9,26
Low_Demand,5,Static,4,10,26
Low_Demand,5,Static,4,11,26
Low_Demand,5,Static,4,12,26
Low_Demand,5,Static,4,13,26
Low_Demand,5,Static,4,14,26
Low_Demand,5,Static,4,15,26
Low_Demand,5,Static,4,16,26
Low_Demand,5,Static,4,17,26
Low_Demand,5,Static,4,18,26
Low_Demand,5,Static,4,19,26
Low_Demand,5,Static,4,20,26
Low_Demand,5,Static,4,21,26
Low_Demand,5,Static,4,22,26
Low_Demand,5,Static,4,23,26
Low_Demand,5,Static,4,24,26
Low_Demand,5,Static,4,25,26
Low_Demand,5,Static,4,26,26
Low_Demand,5,Static,4,27,26
Low_Demand,5,Static,4,28,26
Low_Demand,5,Static,4,29,26
Low_Demand,5,Static,7,0,26
Low_Demand,5,Static,7,1,26
Low_Demand,5,Static,7,2,26
Low_Demand,5,Static,7,3,26
Low_Demand,5,Static,7,4,26
Low_Demand,5,Static,7,5,26
Low_Demand,5,Static,7,6,26
Low_Demand,5,Static,7,7,26
Low_Demand,5,Static,7,8,26
Low_Demand,5,Static,7,9,26
Low_Demand,5,Static,7,10,26
Low_Demand,5,Static,7,11,26
Low_Demand,5,Static,7,12,26
Low_Demand,5,Static,7,13,26
Low_Demand,5,Static,7,14,26
Low_Demand,5,Static,7,15,26
Low_Demand,5,Static,7,16,26
Low_Demand,5,Static,7,17,26
Low_Demand,5,Static,7,18,26
Low_Demand,5,Static,7,19,26
Low_Demand,5,Static,7,20,26
Low_Demand,5,Static,7,21,26
Low_Demand,5,Static,7,22,26
Low_Demand,5,Static,7,23,26
Low_Demand,5,Static,7,24,26
Low_Demand,5,Static,7,25,26
Low_Demand,5,Static,7,26,26
Low_Demand,5,Static,7,27,26
Low_Demand,5,Static,7,28,26
Low_Demand,5,Static,7,29,26
Low_Demand,5,Static,2,0,26
Low_Demand,5,Static,2,1,26
Low_Demand,5,Static,2,2,26
Low_Demand,5,Static,2,3,26
Low_Demand,5,Static,2,4,26
Low_Demand,5,Static,2,5,26
Low_Demand,5,Static,2,6,26
Low_Demand,5,Static,2,7,26
Low_Demand,5,Static,2,8,26
Low_Demand,5,Static,2,9,26
Low_Demand,5,Static,2,10,26
Low_Demand,5,Static,2,11,26
Low_Demand,5,Static,2,12,26
Low_Demand,5,Static,2,13,26
Low_Demand,5,Static,2,14,26
Low_Demand,5,Static,2,15,26
Low_Demand,5,Static,2,16,26
Low_Demand,5,Static,2,17,26
Low_Demand,5,Static,2,18,26
Low_Demand,5,Static,2,19,26
Low_Demand,5,Static,2,20,26
Low_Demand,5,Static,2,21,26
Low_Demand,5,Static,2,22,26
Low_Demand,5,Static,2,23,26
Low_Demand,5,Static,2,24,26
Low_Demand,5,Static,2,25,26
Low_Demand,5,Static,2,26,26
Low_Demand,5,Static,2,27,26
Low_Demand,5,Static,2,28,26
Low_Demand,5,Static,2,29,26
Low_Demand,5,Static,1,0,26
Low_Demand,5,Static,1,1,26
Low_Demand,5,Static,1,2,26
Low_Demand,5,Static,1,3,26
Low_Demand,5,Static,1,4,26
Low_Demand,5,Static,1,5,26
Low_Demand,5,Static,1,6,26
Low_Demand,5,Static,1,7,26
Low_Demand,5,Static,1,8,26
Low_Demand,5,Static,1,9,26
Low_Demand,5,Static,1,10,26
Low_Demand,5,Static,1,11,26
Low_Demand,5,Static,1,12,26
Low_Demand,5,Static,1,13,26
Low_Demand,5,Static,1,14,26
Low_Demand,5,Static,1,15,26
Low_Demand,5,Static,1,16,26
Low_Demand,5,Static,1,17,26
Low_Demand,5,Static,1,18,26
Low_Demand,5,Static,1,19,26
Low_Demand,5,Static,1,20,26
Low_Demand,5,Static,1,21,26
Low_Demand,5,Static,1,22,26
Low_Demand,5,Static,1,23,26
Low_Demand,5,Static,1,24,26
Low_Demand,5,Static,1,25,26
Low_Demand,5,Static,1,26,26
Low_Demand,5,Static,1,27,26
Low_Demand,5,Static,1,28,26
Low_Demand,5,Static,1,29,26
Low_Demand,5,Static,8,0,26
Low_Demand,5,Static,8,1,26
Low_Demand,5,Static,8,2,26
Low_Demand,5,Static,8,3,26
Low_Demand,5,Static,8,4,26
Low_Demand,5,Static,8,5,26
Low_Demand,5,Static,8,6,26
Low_Demand,5,Static,8,7,26
Low_Demand,5,Static,8,8,26
Low_Demand,5,Static,8,9,26
Low_Demand,5,Static,8,10,26
Low_Demand,5,Static,8,11,26
Low_Demand,5,Static,8,12,26
Low_Demand,5,Static,8,13,26
Low_Demand,5,Static,8,14,26
Low_Demand,5,Static,8,15,26
Low_Demand,5,Static,8,16,26
Low_Demand,5,Static,8,17,26
Low_Demand,5,Static,8,18,26
Low_Demand,5,Static,8,19,26
Low_Demand,5,Static,8,20,26
Low_Demand,5,Static,8,21,26
Low_Demand,5,Static,8,22,26
Low_Demand,5,Static,8,23,26
Low_Demand,5,Static,8,24,26
Low_Demand,5,Static,8,25,26
Low_Demand,5,Static,8,26,26
Low_Demand,5,Static,8,27,26
Low_Demand,5,Static,8,28,26
Low_Demand,5,Static,8,29,26
Low_Demand,5,Static,5,0,26
Low_Demand,5,Static,5,1,26
Low_Demand,5,Static,5,2,26
Low_Demand,5,Static,5,3,26
Low_Demand,5,Static,5,4,26
Low_Demand,5,Static,5,5,26
Low_Demand,5,Static,5,6,26
Low_Demand,5,Static,5,7,26
Low_Demand,5,Static,5,8,26
Low_Demand,5,Static,5,9,26
Low_Demand,5,Static,5,10,26
Low_Demand,5,Static,5,11,26
Low_Demand,5,Static,5,12,26
Low_Demand,5,Static,5,13,26
Low_Demand,5,Static,5,14,26
Low_Demand,5,Static,5,15,26
Low_Demand,5,Static,5,16,26
Low_Demand,5,Static,5,17,26
Low_Demand,5,Static,5,18,26
Low_Demand,5,Static,5,19,26
Low_Demand,5,Static,5,20,26
Low_Demand,5,Static,5,21,26
Low_Demand,5,Static,5,22,26
Low_Demand,5,Static,5,23,26
Low_Demand,5,Static,5,24,26
Low_Demand,5,Static,5,25,26
Low_Demand,5,Static,5,26,26
Low_Demand,5,Static,5,27,26
Low_Demand,5,Static,5,28,26
Low_Demand,5,Static,5,29,26
Low_Demand,5,Static,3,0,26
Low_Demand,5,Static,3,1,26
Low_Demand,5,Static,3,2,26
Low_Demand,5,Static,3,3,26
Low_Demand,5,Static,3,4,26
Low_Demand,5,Static,3,5,26
Low_Demand,5,Static,3,6,26
Low_Demand,5,Static,3,7,26
Low_Demand,5,Static,3,8,26
Low_Demand,5,Static,3,9,26
Low_Demand,5,Static,3,10,26
Low_Demand,5,Static,3,11,26
Low_Demand,5,Static,3,12,26
Low_Demand,5,Static,3,13,26
Low_Demand,5,Static,3,14,26
Low_Demand,5,Static,3,15,26
Low_Demand,5,Static,3,16,26
Low_Demand,5,Static,3,17,26
Low_Demand,5,Static,3,18,26
Low_Demand,5,Static,3,19,26
Low_Demand,5,Static,3,20,26
Low_Demand,5,Static,3,21,26
Low_Demand,5,Static,3,22,26
Low_Demand,5,Static,3,23,26
Low_Demand,5,Static,3,24,26
Low_Demand,5,Static,3,25,26
Low_Demand,5,Static,3,26,26
Low_Demand,5,Static,3,27,26
Low_Demand,5,Static,3,28,26
Low_Demand,5,Static,3,29,26
Low_Demand,5,Static,9,0,26
Low_Demand,5,Static,9,1,26
Low_Demand,5,Static,9,2,26
Low_Demand,5,Static,9,3,26
Low_Demand,5,Static,9,4,26
Low_Demand,5,Static,9,5,26
Low_Demand,5,Static,9,6,26
Low_Demand,5,Static,9,7,26
Low_Demand,5,Static,9,8,26
Low_Demand,5,Static,9,9,26
Low_Demand,5,Static,9,10,26
Low_Demand,5,Static,9,11,26
Low_Demand,5,Static,9,12,26
Low_Demand,5,Static,9,13,26
Low_Demand,5,Static,9,14,26
Low_Demand,5,Static,9,15,26
Low_Demand,5,Static,9,16,26
Low_Demand,5,Static,9,17,26
Low_Demand,5,Static,9,18,26
Low_Demand,5,Static,9,19,26
Low_Demand,5,Static,9,20,26
Low_Demand,5,Static,9,21,26
Low_Demand,5,Static,9,22,26
Low_Demand,5,Static,9,23,26
Low_Demand,5,Static,9,24,26
Low_Demand,5,Static,9,25,26
Low_Demand,5,Static,9,26,26
Low_Demand,5,Static,9,27,26
Low_Demand,5,Static,9,28,26
Low_Demand,5,Static,9,29,26
Low_Demand,5,Static,6,0,26
Low_Demand,5,Static,6,1,26
Low_Demand,5,Static,6,2,26
Low_Demand,5,Static,6,3,26
Low_Demand,5,Static,6,4,26
Low_Demand,5,Static,6,5,26
Low_Demand,5,Static,6,6,26
Low_Demand,5,Static,6,7,26
Low_Demand,5,Static,6,8,26
Low_Demand,5,Static,6,9,26
Low_Demand,5,Static,6,10,26
Low_Demand,5,Static,6,11,26
Low_Demand,5,Static,6,12,26
Low_Demand,5,Static,6,13,26
Low_Demand,5,Static,6,14,26
Low_Demand,5,Static,6,15,26
Low_Demand,5,Static,6,16,26
Low_Demand,5,Static,6,17,26
Low_Demand,5,Static,6,18,26
Low_Demand,5,Static,6,19,26
Low_Demand,5,Static,6,20,26
Low_Demand,5,Static,6,21,26
Low_Demand,5,Static,6,22,26
Low_Demand,5,Static,6,23,26
Low_Demand,5,Static,6,24,26
Low_Demand,5,Static,6,25,26
Low_Demand,5,Static,6,26,26
Low_Demand,5,Static,6,27,26
Low_Demand,5,Static,6,28,26
Low_Demand,5,Static,6,29,26
Low_Demand,5,Static,10,0,26
Low_Demand,5,Static,10,1,26
Low_Demand,5,Static,10,2,26
Low_Demand,5,Static,10,3,26
Low_Demand,5,Static,10,4,26
Low_Demand,5,Static,10,5,26
Low_Demand,5,Static,10,6,26
Low_Demand,5,Static,10,7,26
Low_Demand,5,Static,10,8,26
Low_Demand,5,Static,10,9,26
Low_Demand,5,Static,10,10,26
Low_Demand,5,Static,10,11,26
Low_Demand,5,Static,10,12,26
Low_Demand,5,Static,10,13,26
Low_Demand,5,Static,10,14,26
Low_Demand,5,Static,10,15,26
Low_Demand,5,Static,10,16,26
Low_Demand,5,Static,10,17,26
Low_Demand,5,Static,10,18,26
Low_Demand,5,Static,10,19,26
Low_Demand,5,Static,10,20,26
Low_Demand,5,Static,10,21,26
Low_Demand,5,Static,10,22,26
Low_Demand,5,Static,10,23,26
Low_Demand,5,Static,10,24,26
Low_Demand,5,Static,10,25,26
Low_Demand,5,Static,10,26,26
Low_Demand,5,Static,10,27,26
Low_Demand,5,Static,10,28,26
Low_Demand,5,Static,10,29,26
Low_Demand,5,Dynamic,5,0,34
Low_Demand,5,Dynamic,5,1,34
Low_Demand,5,Dynamic,5,2,35
Low_Demand,5,Dynamic,5,3,35
Low_Demand,5,Dynamic,5,4,35
Low_Demand,5,Dynamic,5,5,35
Low_Demand,5,Dynamic,5,6,35
Low_Demand,5,Dynamic,5,7,35
Low_Demand,5,Dynamic,5,8,35
Low_Demand,5,Dynamic,5,9,35
Low_Demand,5,Dynamic,5,10,35
Low_Demand,5,Dynamic,5,11,35
Low_Demand,5,Dynamic,5,12,35
Low_Demand,5,Dynamic,5,13,35
Low_Demand,5,Dynamic,5,14,35
Low_Demand,5,Dynamic,5,15,35
Low_Demand,5,Dynamic,5,16,35
Low_Demand,5,Dynamic,5,17,35
Low_Demand,5,Dynamic,5,18,35
Low_Demand,5,Dynamic,5,19,35
Low_Demand,5,Dynamic,5,20,35
Low_Demand,5,Dynamic,5,21,35
Low_Demand,5,Dynamic,5,22,35
Low_Demand,5,Dynamic,5,23,35
Low_Demand,5,Dynamic,5,24,35
Low_Demand,5,Dynamic,5,25,35
Low_Demand,5,Dynamic,5,26,35
Low_Demand,5,Dynamic,5,27,35
Low_Demand,5,Dynamic,5,28,35
Low_Demand,5,Dynamic,5,29,35
Low_Demand,5,Dynamic,10,0,34
Low_Demand,5,Dynamic,10,1,34
Low_Demand,5,Dynamic,10,2,35
Low_Demand,5,Dynamic,10,3,35
Low_Demand,5,Dynamic,10,4,35
Low_Demand,5,Dynamic,10,5,35
Low_Demand,5,Dynamic,10,6,35
Low_Demand,5,Dynamic,10,7,35
Low_Demand,5,Dynamic,10,8,35
Low_Demand,5,Dynamic,10,9,35
Low_Demand,5,Dynamic,10,10,35
Low_Demand,5,Dynamic,10,11,35
Low_Demand,5,Dynamic,10,12,35
Low_Demand,5,Dynamic,10,13,35
Low_Demand,5,Dynamic,10,14,35
Low_Demand,5,Dynamic,10,15,35
Low_Demand,5,Dynamic,10,16,35
Low_Demand,5,Dynamic,10,17,35
Low_Demand,5,Dynamic,10,18,35
Low_Demand,5,Dynamic,10,19,35
Low_Demand,5,Dynamic,10,20,35
Low_Demand,5,Dynamic,10,21,35
Low_Demand,5,Dynamic,10,22,35
Low_Demand,5,Dynamic,10,23,35
Low_Demand,5,Dynamic,10,24,35
Low_Demand,5,Dynamic,10,25,35
Low_Demand,5,Dynamic,10,26,35
Low_Demand,5,Dynamic,10,27,35
Low_Demand,5,Dynamic,10,28,35
Low_Demand,5,Dynamic,10,29,35
Low_Demand,5,Dynamic,3,0,34
Low_Demand,5,Dynamic,3,1,35
Low_Demand,5,Dynamic,3,2,35
Low_Demand,5,Dynamic,3,3,35
Low_Demand,5,Dynamic,3,4,35
Low_Demand,5,Dynamic,3,5,35
Low_Demand,5,Dynamic,3,6,35
Low_Demand,5,Dynamic,3,7,35
Low_Demand,5,Dynamic,3,8,35
Low_Demand,5,Dynamic,3,9,35
Low_Demand,5,Dynamic,3,10,35
Low_Demand,5,Dynamic,3,11,35
Low_Demand,5,Dynamic,3,12,35
Low_Demand,5,Dynamic,3,13,35
Low_Demand,5,Dynamic,3,14,35
Low_Demand,5,Dynamic,3,15,35
Low_Demand,5,Dynamic,3,16,35
Low_Demand,5,Dynamic,3,17,35
Low_Demand,5,Dynamic,3,18,35
Low_Demand,5,Dynamic,3,19,35
Low_Demand,5,Dynamic,3,20,35
Low_Demand,5,Dynamic,3,21,35
Low_Demand,5,Dynamic,3,22,35
Low_Demand,5,Dynamic,3,23,35
Low_Demand,5,Dynamic,3,24,35
Low_Demand,5,Dynamic,3,25,35
Low_Demand,5,Dynamic,3,26,35
Low_Demand,5,Dynamic,3,27,35
Low_Demand,5,Dynamic,3,28,35
Low_Demand,5,Dynamic,3,29,35
Low_Demand,5,Dynamic,4,0,34
Low_Demand,5,Dynamic,4,1,35
Low_Demand,5,Dynamic,4,2,35
Low_Demand,5,Dynamic,4,3,35
Low_Demand,5,Dynamic,4,4,35
Low_Demand,5,Dynamic,4,5,35
Low_Demand,5,Dynamic,4,6,35
Low_Demand,5,Dynamic,4,7,35
Low_Demand,5,Dynamic,4,8,35
Low_Demand,5,Dynamic,4,9,35
Low_Demand,5,Dynamic,4,10,35
Low_Demand,5,Dynamic,4,11,35
Low_Demand,5,Dynamic,4,12,35
Low_Demand,5,Dynamic,4,13,35
Low_Demand,5,Dynamic,4,14,35
Low_Demand,5,Dynamic,4,15,35
Low_Demand,5,Dynamic,4,16,35
Low_Demand,5,Dynamic,4,17,35
Low_Demand,5,Dynamic,4,18,35
Low_Demand,5,Dynamic,4,19,35
Low_Demand,5,Dynamic,4,20,35
Low_Demand,5,Dynamic,4,21,35
Low_Demand,5,Dynamic,4,22,35
Low_Demand,5,Dynamic,4,23,35
Low_Demand,5,Dynamic,4,24,35
Low_Demand,5,Dynamic,4,25,35
Low_Demand,5,Dynamic,4,26,35
Low_Demand,5,Dynamic,4,27,35
Low_Demand,5,Dynamic,4,28,35
Low_Demand,5,Dynamic,4,29,35
Low_Demand,5,Dynamic,8,0,34
Low_Demand,5,Dynamic,8,1,35
Low_Demand,5,Dynamic,8,2,35
Low_Demand,5,Dynamic,8,3,35
Low_Demand,5,Dynamic,8,4,35
Low_Demand,5,Dynamic,8,5,35
Low_Demand,5,Dynamic,8,6,35
Low_Demand,5,Dynamic,8,7,35
Low_Demand,5,Dynamic,8,8,35
Low_Demand,5,Dynamic,8,9,35
Low_Demand,5,Dynamic,8,10,35
Low_Demand,5,Dynamic,8,11,35
Low_Demand,5,Dynamic,8,12,35
Low_Demand,5,Dynamic,8,13,35
Low_Demand,5,Dynamic,8,14,35
Low_Demand,5,Dynamic,8,15,35
Low_Demand,5,Dynamic,8,16,35
Low_Demand,5,Dynamic,8,17,35
Low_Demand,5,Dynamic,8,18,35
Low_Demand,5,Dynamic,8,19,35
Low_Demand,5,Dynamic,8,20,35
Low_Demand,5,Dynamic,8,21,35
Low_Demand,5,Dynamic,8,22,35
Low_Demand,5,Dynamic,8,23,35
Low_Demand,5,Dynamic,8,24,35
Low_Demand,5,Dynamic,8,25,35
Low_Demand,5,Dynamic,8,26,35
Low_Demand,5,Dynamic,8,27,35
Low_Demand,5,Dynamic,8,28,35
Low_Demand,5,Dynamic,8,29,35
Low_Demand,5,Dynamic,6,0,34
Low_Demand,5,Dynamic,6,1,35
Low_Demand,5,Dynamic,6,2,35
Low_Demand,5,Dynamic,6,3,35
Low_Demand,5,Dynamic,6,4,35
Low_Demand,5,Dynamic,6,5,35
Low_Demand,5,Dynamic,6,6,35
Low_Demand,5,Dynamic,6,7,35
Low_Demand,5,Dynamic,6,8,35
Low_Demand,5,Dynamic,6,9,35
Low_Demand,5,Dynamic,6,10,35
Low_Demand,5,Dynamic,6,11,35
Low_Demand,5,Dynamic,6,12,35
Low_Demand,5,Dynamic,6,13,35
Low_Demand,5,Dynamic,6,14,35
Low_Demand,5,Dynamic,6,15,35
Low_Demand,5,Dynamic,6,16,35
Low_Demand,5,Dynamic,6,17,35
Low_Demand,5,Dynamic,6,18,35
Low_Demand,5,Dynamic,6,19,35
Low_Demand,5,Dynamic,6,20,35
Low_Demand,5,Dynamic,6,21,35
Low_Demand,5,Dynamic,6,22,35
Low_Demand,5,Dynamic,6,23,35
Low_Demand,5,Dynamic,6,24,35
Low_Demand,5,Dynamic,6,25,35
Low_Demand,5,Dynamic,6,26,35
Low_Demand,5,Dynamic,6,27,35
Low_Demand,5,Dynamic,6,28,35
Low_Demand,5,Dynamic,6,29,35
Low_Demand,5,Dynamic,1,0,34
Low_Demand,5,Dynamic,1,1,35
Low_Demand,5,Dynamic,1,2,35
Low_Demand,5,Dynamic,1,3,35
Low_Demand,5,Dynamic,1,4,35
Low_Demand,5,Dynamic,1,5,35
Low_Demand,5,Dynamic,1,6,35
Low_Demand,5,Dynamic,1,7,35
Low_Demand,5,Dynamic,1,8,35
Low_Demand,5,Dynamic,1,9,35
Low_Demand,5,Dynamic,1,10,35
Low_Demand,5,Dynamic,1,11,35
Low_Demand,5,Dynamic,1,12,35
Low_Demand,5,Dynamic,1,13,35
Low_Demand,5,Dynamic,1,14,35
Low_Demand,5,Dynamic,1,15,35
Low_Demand,5,Dynamic,1,16,35
Low_Demand,5,Dynamic,1,17,35
Low_Demand,5,Dynamic,1,18,35
Low_Demand,5,Dynamic,1,19,35
Low_Demand,5,Dynamic,1,20,35
Low_Demand,5,Dynamic,1,21,35
Low_Demand,5,Dynamic,1,22,35
Low_Demand,5,Dynamic,1,23,35
Low_Demand,5,Dynamic,1,24,35
Low_Demand,5,Dynamic,1,25,35
Low_Demand,5,Dynamic,1,26,35
Low_Demand,5,Dynamic,1,27,35
Low_Demand,5,Dynamic,1,28,35
Low_Demand,5,Dynamic,1,29,35
Low_Demand,5,Dynamic,2,0,35
Low_Demand,5,Dynamic,2,1,35
Low_Demand,5,Dynamic,2,2,35
Low_Demand,5,Dynamic,2,3,35
Low_Demand,5,Dynamic,2,4,35
Low_Demand,5,Dynamic,2,5,35
Low_Demand,5,Dynamic,2,6,35
Low_Demand,5,Dynamic,2,7,35
Low_Demand,5,Dynamic,2,8,35
Low_Demand,5,Dynamic,2,9,35
Low_Demand,5,Dynamic,2,10,35
Low_Demand,5,Dynamic,2,11,35
Low_Demand,5,Dynamic,2,12,35
Low_Demand,5,Dynamic,2,13,35
Low_Demand,5,Dynamic,2,14,35
Low_Demand,5,Dynamic,2,15,35
Low_Demand,5,Dynamic,2,16,35
Low_Demand,5,Dynamic,2,17,35
Low_Demand,5,Dynamic,2,18,35
Low_Demand,5,Dynamic,2,19,35
Low_Demand,5,Dynamic,2,20,35
Low_Demand,5,Dynamic,2,21,35
Low_Demand,5,Dynamic,2,22,35
Low_Demand,5,Dynamic,2,23,35
Low_Demand,5,Dynamic,2,24,35
Low_Demand,5,Dynamic,2,25,35
Low_Demand,5,Dynamic,2,26,35
Low_Demand,5,Dynamic,2,27,35
Low_Demand,5,Dynamic,2,28,35
Low_Demand,5,Dynamic,2,29,35
Low_Demand,5,Dynamic,7,0,34
Low_Demand,5,Dynamic,7,1,35
Low_Demand,5,Dynamic,7,2,35
Low_Demand,5,Dynamic,7,3,35
Low_Demand,5,Dynamic,7,4,35
Low_Demand,5,Dynamic,7,5,35
Low_Demand,5,Dynamic,7,6,35
Low_Demand,5,Dynamic,7,7,35
Low_Demand,5,Dynamic,7,8,35
Low_Demand,5,Dynamic,7,9,35
Low_Demand,5,Dynamic,7,10,35
Low_Demand,5,Dynamic,7,11,35
Low_Demand,5,Dynamic,7,12,35
Low_Demand,5,Dynamic,7,13,35
Low_Demand,5,Dynamic,7,14,35
Low_Demand,5,Dynamic,7,15,35
Low_Demand,5,Dynamic,7,16,35
Low_Demand,5,Dynamic,7,17,35
Low_Demand,5,Dynamic,7,18,35
Low_Demand,5,Dynamic,7,19,35
Low_Demand,5,Dynamic,7,20,35
Low_Demand,5,Dynamic,7,21,35
Low_Demand,5,Dynamic,7,22,35
Low_Demand,5,Dynamic,7,23,35
Low_Demand,5,Dynamic,7,24,35
Low_Demand,5,Dynamic,7,25,35
Low_Demand,5,Dynamic,7,26,35
Low_Demand,5,Dynamic,7,27,35
Low_Demand,5,Dynamic,7,28,35
Low_Demand,5,Dynamic,7,29,35
Low_Demand,5,Dynamic,9,0,34
Low_Demand,5,Dynamic,9,1,35
Low_Demand,5,Dynamic,9,2,35
Low_Demand,5,Dynamic,9,3,35
Low_Demand,5,Dynamic,9,4,35
Low_Demand,5,Dynamic,9,5,35
Low_Demand,5,Dynamic,9,6,35
Low_Demand,5,Dynamic,9,7,35
Low_Demand,5,Dynamic,9,8,35
Low_Demand,5,Dynamic,9,9,35
Low_Demand,5,Dynamic,9,10,35
Low_Demand,5,Dynamic,9,11,35
Low_Demand,5,Dynamic,9,12,35
Low_Demand,5,Dynamic,9,13,35
Low_Demand,5,Dynamic,9,14,35
Low_Demand,5,Dynamic,9,15,35
Low_Demand,5,Dynamic,9,16,35
Low_Demand,5,Dynamic,9,17,35
Low_Demand,5,Dynamic,9,18,35
Low_Demand,5,Dynamic,9,19,35
Low_Demand,5,Dynamic,9,20,35
Low_Demand,5,Dynamic,9,21,35
Low_Demand,5,Dynamic,9,22,35
Low_Demand,5,Dynamic,9,23,35
Low_Demand,5,Dynamic,9,24,35
Low_Demand,5,Dynamic,9,25,35
Low_Demand,5,Dynamic,9,26,35
Low_Demand,5,Dynamic,9,27,35
Low_Demand,5,Dynamic,9,28,35
Low_Demand,5,Dynamic,9,29,35
Medium_Urban,1,Static,1,0,84
Medium_Urban,1,Static,1,1,84
Medium_Urban,1,Static,1,2,84
Medium_Urban,1,Static,1,3,84
Medium_Urban,1,Static,1,4,84
Medium_Urban,1,Static,1,5,84
Medium_Urban,1,Static,1,6,84
Medium_Urban,1,Static,1,7,84
Medium_Urban,1,Static,1,8,84
Medium_Urban,1,Static,1,9,84
Medium_Urban,1,Static,1,10,84
Medium_Urban,1,Static,1,11,84
Medium_Urban,1,Static,1,12,84
Medium_Urban,1,Static,1,13,84
Medium_Urban,1,Static,1,14,84
Medium_Urban,1,Static,1,15,84
Medium_Urban,1,Static,1,16,84
Medium_Urban,1,Static,1,17,84
Medium_Urban,1,Static,1,18,84
Medium_Urban,1,Static,1,19,84
Medium_Urban,1,Static,1,20,84
Medium_Urban,1,Static,1,21,84
Medium_Urban,1,Static,1,22,84
Medium_Urban,1,Static,1,23,84
Medium_Urban,1,Static,1,24,84
Medium_Urban,1,Static,1,25,84
Medium_Urban,1,Static,1,26,84
Medium_Urban,1,Static,1,27,84
Medium_Urban,1,Static,1,28,84
Medium_Urban,1,Static,1,29,84
Medium_Urban,1,Static,3,0,84
Medium_Urban,1,Static,3,1,84
Medium_Urban,1,Static,3,2,84
Medium_Urban,1,Static,3,3,84
Medium_Urban,1,Static,3,4,84
Medium_Urban,1,Static,3,5,84
Medium_Urban,1,Static,3,6,84
Medium_Urban,1,Static,3,7,84
Medium_Urban,1,Static,3,8,84
Medium_Urban,1,Static,3,9,84
Medium_Urban,1,Static,3,10,84
Medium_Urban,1,Static,3,11,84
Medium_Urban,1,Static,3,12,84
Medium_Urban,1,Static,3,13,84
Medium_Urban,1,Static,3,14,84
Medium_Urban,1,Static,3,15,84
Medium_Urban,1,Static,3,16,84
Medium_Urban,1,Static,3,17,84
Medium_Urban,1,Static,3,18,84
Medium_Urban,1,Static,3,19,84
Medium_Urban,1,Static,3,20,84
Medium_Urban,1,Static,3,21,84
Medium_Urban,1,Static,3,22,84
Medium_Urban,1,Static,3,23,84
Medium_Urban,1,Static,3,24,84
Medium_Urban,1,Static,3,25,84
Medium_Urban,1,Static,3,26,84
Medium_Urban,1,Static,3,27,84
Medium_Urban,1,Static,3,28,84
Medium_Urban,1,Static,3,29,84
Medium_Urban,1,Static,6,0,84
Medium_Urban,1,Static,6,1,84
Medium_Urban,1,Static,6,2,84
Medium_Urban,1,Static,6,3,84
Medium_Urban,1,Static,6,4,84
Medium_Urban,1,Static,6,5,84
Medium_Urban,1,Static,6,6,84
Medium_Urban,1,Static,6,7,84
Medium_Urban,1,Static,6,8,84
Medium_Urban,1,Static,6,9,84
Medium_Urban,1,Static,6,10,84
Medium_Urban,1,Static,6,11,84
Medium_Urban,1,Static,6,12,84
Medium_Urban,1,Static,6,13,84
Medium_Urban,1,Static,6,14,84
Medium_Urban,1,Static,6,15,84
Medium_Urban,1,Static,6,16,84
Medium_Urban,1,Static,6,17,84
Medium_Urban,1,Static,6,18,84
Medium_Urban,1,Static,6,19,84
Medium_Urban,1,Static,6,20,84
Medium_Urban,1,Static,6,21,84
Medium_Urban,1,Static,6,22,84
Medium_Urban,1,Static,6,23,84
Medium_Urban,1,Static,6,24,84
Medium_Urban,1,Static,6,25,84
Medium_Urban,1,Static,6,26,84
Medium_Urban,1,Static,6,27,84
Medium_Urban,1,Static,6,28,84
Medium_Urban,1,Static,6,29,84
Medium_Urban,1,Static,4,0,84
Medium_Urban,1,Static,4,1,84
Medium_Urban,1,Static,4,2,84
Medium_Urban,1,Static,4,3,84
Medium_Urban,1,Static,4,4,84
Medium_Urban,1,Static,4,5,84
Medium_Urban,1,Static,4,6,84
Medium_Urban,1,Static,4,7,84
Medium_Urban,1,Static,4,8,84
Medium_Urban,1,Static,4,9,84
Medium_Urban,1,Static,4,10,84
Medium_Urban,1,Static,4,11,84
Medium_Urban,1,Static,4,12,84
Medium_Urban,1,Static,4,13,84
Medium_Urban,1,Static,4,14,84
Medium_Urban,1,Static,4,15,84
Medium_Urban,1,Static,4,16,84
Medium_Urban,1,Static,4,17,84
Medium_Urban,1,Static,4,18,84
Medium_Urban,1,Static,4,19,84
Medium_Urban,1,Static,4,20,84
Medium_Urban,1,Static,4,21,84
Medium_Urban,1,Static,4,22,84
Medium_Urban,1,Static,4,23,84
Medium_Urban,1,Static,4,24,84
Medium_Urban,1,Static,4,25,84
Medium_Urban,1,Static,4,26,84
Medium_Urban,1,Static,4,27,84
Medium_Urban,1,Static,4,28,84
Medium_Urban,1,Static,4,29,84
Medium_Urban,1,Static,2,0,84
Medium_Urban,1,Static,2,1,84
Medium_Urban,1,Static,2,2,84
Medium_Urban,1,Static,2,3,84
Medium_Urban,1,Static,2,4,84
Medium_Urban,1,Static,2,5,84
Medium_Urban,1,Static,2,6,84
Medium_Urban,1,Static,2,7,84
Medium_Urban,1,Static,2,8,84
Medium_Urban,1,Static,2,9,84
Medium_Urban,1,Static,2,10,84
Medium_Urban,1,Static,2,11,84
Medium_Urban,1,Static,2,12,84
Medium_Urban,1,Static,2,13,84
Medium_Urban,1,Static,2,14,84
Medium_Urban,1,Static,2,15,84
Medium_Urban,1,Static,2,16,84
Medium_Urban,1,Static,2,17,84
Medium_Urban,1,Static,2,18,84
Medium_Urban,1,Static,2,19,84
Medium_Urban,1,Static,2,20,84
Medium_Urban,1,Static,2,21,84
Medium_Urban,1,Static,2,22,84
Medium_Urban,1,Static,2,23,84
Medium_Urban,1,Static,2,24,84
Medium_Urban,1,Static,2,25,84
Medium_Urban,1,Static,2,26,84
Medium_Urban,1,Static,2,27,84
Medium_Urban,1,Static,2,28,84
Medium_Urban,1,Static,2,29,84
Medium_Urban,1,Static,9,0,84
Medium_Urban,1,Static,9,1,84
Medium_Urban,1,Static,9,2,84
Medium_Urban,1,Static,9,3,84
Medium_Urban,1,Static,9,4,84
Medium_Urban,1,Static,9,5,84
Medium_Urban,1,Static,9,6,84
Medium_Urban,1,Static,9,7,84
Medium_Urban,1,Static,9,8,84
Medium_Urban,1,Static,9,9,84
Medium_Urban,1,Static,9,10,84
Medium_Urban,1,Static,9,11,84
Medium_Urban,1,Static,9,12,84
Medium_Urban,1,Static,9,13,84
Medium_Urban,1,Static,9,14,84
Medium_Urban,1,Static,9,15,84
Medium_Urban,1,Static,9,16,84
Medium_Urban,1,Static,9,17,84
Medium_Urban,1,Static,9,18,84
Medium_Urban,1,Static,9,19,84
Medium_Urban,1,Static,9,20,84
Medium_Urban,1,Static,9,21,84
Medium_Urban,1,Static,9,22,84
Medium_Urban,1,Static,9,23,84
Medium_Urban,1,Static,9,24,84
Medium_Urban,1,Static,9,25,84
Medium_Urban,1,Static,9,26,84
Medium_Urban,1,Static,9,27,84
Medium_Urban,1,Static,9,28,84
Medium_Urban,1,Static,9,29,84
Medium_Urban,1,Static,5,0,84
Medium_Urban,1,Static,5,1,84
Medium_Urban,1,Static,5,2,84
Medium_Urban,1,Static,5,3,84
Medium_Urban,1,Static,5,4,84
Medium_Urban,1,Static,5,5,84
Medium_Urban,1,Static,5,6,84
Medium_Urban,1,Static,5,7,84
Medium_Urban,1,Static,5,8,84
Medium_Urban,1,Static,5,9,84
Medium_Urban,1,Static,5,10,84
Medium_Urban,1,Static,5,11,84
Medium_Urban,1,Static,5,12,84
Medium_Urban,1,Static,5,13,84
Medium_Urban,1,Static,5,14,84
Medium_Urban,1,Static,5,15,84
Medium_Urban,1,Static,5,16,84
Medium_Urban,1,Static,5,17,84
Medium_Urban,1,Static,5,18,84
Medium_Urban,1,Static,5,19,84
Medium_Urban,1,Static,5,20,84
Medium_Urban,1,Static,5,21,84
Medium_Urban,1,Static,5,22,84
Medium_Urban,1,Static,5,23,84
Medium_Urban,1,Static,5,24,84
Medium_Urban,1,Static,5,25,84
Medium_Urban,1,Static,5,26,84
Medium_Urban,1,Static,5,27,84
Medium_Urban,1,Static,5,28,84
Medium_Urban,1,Static,5,29,84
Medium_Urban,1,Static,8,0,84
Medium_Urban,1,Static,8,1,84
Medium_Urban,1,Static,8,2,84
Medium_Urban,1,Static,8,3,84
Medium_Urban,1,Static,8,4,84
Medium_Urban,1,Static,8,5,84
Medium_Urban,1,Static,8,6,84
Medium_Urban,1,Static,8,7,84
Medium_Urban,1,Static,8,8,84
Medium_Urban,1,Static,8,9,84
Medium_Urban,1,Static,8,10,84
Medium_Urban,1,Static,8,11,84
Medium_Urban,1,Static,8,12,84
Medium_Urban,1,Static,8,13,84
Medium_Urban,1,Static,8,14,84
Medium_Urban,1,Static,8,15,84
Medium_Urban,1,Static,8,16,84
Medium_Urban,1,Static,8,17,84
Medium_Urban,1,Static,8,18,84
Medium_Urban,1,Static,8,19,84
Medium_Urban,1,Static,8,20,84
Medium_Urban,1,Static,8,21,84
Medium_Urban,1,Static,8,22,84
Medium_Urban,1,Static,8,23,84
Medium_Urban,1,Static,8,24,84
Medium_Urban,1,Static,8,25,84
Medium_Urban,1,Static,8,26,84
Medium_Urban,1,Static,8,27,84
Medium_Urban,1,Static,8,28,84
Medium_Urban,1,Static,8,29,84
Medium_Urban,1,Static,7,0,84
Medium_Urban,1,Static,7,1,84
Medium_Urban,1,Static,7,2,84
Medium_Urban,1,Static,7,3,84
Medium_Urban,1,Static,7,4,84
Medium_Urban,1,Static,7,5,84
Medium_Urban,1,Static,7,6,84
Medium_Urban,1,Static,7,7,84
Medium_Urban,1,Static,7,8,84
Medium_Urban,1,Static,7,9,84
Medium_Urban,1,Static,7,10,84
Medium_Urban,1,Static,7,11,84
Medium_Urban,1,Static,7,12,84
Medium_Urban,1,Static,7,13,84
Medium_Urban,1,Static,7,14,84
Medium_Urban,1,Static,7,15,84
Medium_Urban,1,Static,7,16,84
Medium_Urban,1,Static,7,17,84
Medium_Urban,1,Static,7,18,84
Medium_Urban,1,Static,7,19,84
Medium_Urban,1,Static,7,20,84
Medium_Urban,1,Static,7,21,84
Medium_Urban,1,Static,7,22,84
Medium_Urban,1,Static,7,23,84
Medium_Urban,1,Static,7,24,84
Medium_Urban,1,Static,7,25,84
Medium_Urban,1,Static,7,26,84
Medium_Urban,1,Static,7,27,84
Medium_Urban,1,Static,7,28,84
Medium_Urban,1,Static,7,29,84
Medium_Urban,1,Static,10,0,84
Medium_Urban,1,Static,10,1,84
Medium_Urban,1,Static,10,2,84
Medium_Urban,1,Static,10,3,84
Medium_Urban,1,Static,10,4,84
Medium_Urban,1,Static,10,5,84
Medium_Urban,1,Static,10,6,84
Medium_Urban,1,Static,10,7,84
Medium_Urban,1,Static,10,8,84
Medium_Urban,1,Static,10,9,84
Medium_Urban,1,Static,10,10,84
Medium_Urban,1,Static,10,11,84
Medium_Urban,1,Static,10,12,84
Medium_Urban,1,Static,10,13,84
Medium_Urban,1,Static,10,14,84
Medium_Urban,1,Static,10,15,84
Medium_Urban,1,Static,10,16,84
Medium_Urban,1,Static,10,17,84
Medium_Urban,1,Static,10,18,84
Medium_Urban,1,Static,10,19,84
Medium_Urban,1,Static,10,20,84
Medium_Urban,1,Static,10,21,84
Medium_Urban,1,Static,10,22,84
Medium_Urban,1,Static,10,23,84
Medium_Urban,1,Static,10,24,84
Medium_Urban,1,Static,10,25,84
Medium_Urban,1,Static,10,26,84
Medium_Urban,1,Static,10,27,84
Medium_Urban,1,Static,10,28,84
Medium_Urban,1,Static,10,29,84
Medium_Urban,1,Dynamic,4,0,117
Medium_Urban,1,Dynamic,4,1,117
Medium_Urban,1,Dynamic,4,2,117
Medium_Urban,1,Dynamic,4,3,117
Medium_Urban,1,Dynamic,4,4,117
Medium_Urban,1,Dynamic,4,5,117
Medium_Urban,1,Dynamic,4,6,117
Medium_Urban,1,Dynamic,4,7,117
Medium_Urban,1,Dynamic,4,8,117
Medium_Urban,1,Dynamic,4,9,117
Medium_Urban,1,Dynamic,4,10,117
Medium_Urban,1,Dynamic,4,11,117
Medium_Urban,1,Dynamic,4,12,117
Medium_Urban,1,Dynamic,4,13,117
Medium_Urban,1,Dynamic,4,14,117
Medium_Urban,1,Dynamic,4,15,117
Medium_Urban,1,Dynamic,4,16,117
Medium_Urban,1,Dynamic,4,17,117
Medium_Urban,1,Dynamic,4,18,117
Medium_Urban,1,Dynamic,4,19,117
Medium_Urban,1,Dynamic,4,20,117
Medium_Urban,1,Dynamic,4,21,117
Medium_Urban,1,Dynamic,4,22,117
Medium_Urban,1,Dynamic,4,23,117
Medium_Urban,1,Dynamic,4,24,117
Medium_Urban,1,Dynamic,4,25,117
Medium_Urban,1,Dynamic,4,26,117
Medium_Urban,1,Dynamic,4,27,117
Medium_Urban,1,Dynamic,4,28,117
Medium_Urban,1,Dynamic,4,29,117
Medium_Urban,1,Dynamic,10,0,117
Medium_Urban,1,Dynamic,10,1,117
Medium_Urban,1,Dynamic,10,2,117
Medium_Urban,1,Dynamic,10,3,117
Medium_Urban,1,Dynamic,10,4,117
Medium_Urban,1,Dynamic,10,5,117
Medium_Urban,1,Dynamic,10,6,117
Medium_Urban,1,Dynamic,10,7,117
Medium_Urban,1,Dynamic,10,8,117
Medium_Urban,1,Dynamic,10,9,117
Medium_Urban,1,Dynamic,10,10,117
Medium_Urban,1,Dynamic,10,11,117
Medium_Urban,1,Dynamic,10,12,117
Medium_Urban,1,Dynamic,10,13,117
Medium_Urban,1,Dynamic,10,14,117
Medium_Urban,1,Dynamic,10,15,117
Medium_Urban,1,Dynamic,10,16,117
Medium_Urban,1,Dynamic,10,17,117
Medium_Urban,1,Dynamic,10,18,117
Medium_Urban,1,Dynamic,10,19,117
Medium_Urban,1,Dynamic,10,20,117
Medium_Urban,1,Dynamic,10,21,117
Medium_Urban,1,Dynamic,10,22,117
Medium_Urban,1,Dynamic,10,23,117
Medium_Urban,1,Dynamic,10,24,117
Medium_Urban,1,Dynamic,10,25,117
Medium_Urban,1,Dynamic,10,26,117
Medium_Urban,1,Dynamic,10,27,117
Medium_Urban,1,Dynamic,10,28,117
Medium_Urban,1,Dynamic,10,29,117
Medium_Urban,1,Dynamic,6,0,117
Medium_Urban,1,Dynamic,6,1,117
Medium_Urban,1,Dynamic,6,2,117
Medium_Urban,1,Dynamic,6,3,117
Medium_Urban,1,Dynamic,6,4,117
Medium_Urban,1,Dynamic,6,5,117
Medium_Urban,1,Dynamic,6,6,117
Medium_Urban,1,Dynamic,6,7,117
Medium_Urban,1,Dynamic,6,8,117
Medium_Urban,1,Dynamic,6,9,117
Medium_Urban,1,Dynamic,6,10,117
Medium_Urban,1,Dynamic,6,11,117
Medium_Urban,1,Dynamic,6,12,117
Medium_Urban,1,Dynamic,6,13,117
Medium_Urban,1,Dynamic,6,14,117
Medium_Urban,1,Dynamic,6,15,117
Medium_Urban,1,Dynamic,6,16,117
Medium_Urban,1,Dynamic,6,17,117
Medium_Urban,1,Dynamic,6,18,117
Medium_Urban,1,Dynamic,6,19,117
Medium_Urban,1,Dynamic,6,20,117
Medium_Urban,1,Dynamic,6,21,117
Medium_Urban,1,Dynamic,6,22,117
Medium_Urban,1,Dynamic,6,23,117
Medium_Urban,1,Dynamic,6,24,117
Medium_Urban,1,Dynamic,6,25,117
Medium_Urban,1,Dynamic,6,26,117
Medium_Urban,1,Dynamic,6,27,117
Medium_Urban,1,Dynamic,6,28,117
Medium_Urban,1,Dynamic,6,29,117
Medium_Urban,1,Dynamic,8,0,116
Medium_Urban,1,Dynamic,8,1,117
Medium_Urban,1,Dynamic,8,2,117
Medium_Urban,1,Dynamic,8,3,117
Medium_Urban,1,Dynamic,8,4,117
Medium_Urban,1,Dynamic,8,5,117
Medium_Urban,1,Dynamic,8,6,117
Medium_Urban,1,Dynamic,8,7,117
Medium_Urban,1,Dynamic,8,8,117
Medium_Urban,1,Dynamic,8,9,117
Medium_Urban,1,Dynamic,8,10,117
Medium_Urban,1,Dynamic,8,11,117
Medium_Urban,1,Dynamic,8,12,117
Medium_Urban,1,Dynamic,8,13,117
Medium_Urban,1,Dynamic,8,14,117
Medium_Urban,1,Dynamic,8,15,117
Medium_Urban,1,Dynamic,8,16,117
Medium_Urban,1,Dynamic,8,17,117
Medium_Urban,1,Dynamic,8,18,117
Medium_Urban,1,Dynamic,8,19,117
Medium_Urban,1,Dynamic,8,20,117
Medium_Urban,1,Dynamic,8,21,117
Medium_Urban,1,Dynamic,8,22,117
Medium_Urban,1,Dynamic,8,23,117
Medium_Urban,1,Dynamic,8,24,117
Medium_Urban,1,Dynamic,8,25,117
Medium_Urban,1,Dynamic,8,26,117
Medium_Urban,1,Dynamic,8,27,117
Medium_Urban,1,Dynamic,8,28,117
Medium_Urban,1,Dynamic,8,29,117
Medium_Urban,1,Dynamic,9,0,117
Medium_Urban,1,Dynamic,9,1,117
Medium_Urban,1,Dynamic,9,2,117
Medium_Urban,1,Dynamic,9,3,117
Medium_Urban,1,Dynamic,9,4,117
Medium_Urban,1,Dynamic,9,5,117
Medium_Urban,1,Dynamic,9,6,117
Medium_Urban,1,Dynamic,9,7,117
Medium_Urban,1,Dynamic,9,8,117
Medium_Urban,1,Dynamic,9,9,117
Medium_Urban,1,Dynamic,9,10,117
Medium_Urban,1,Dynamic,9,11,117
Medium_Urban,1,Dynamic,9,12,117
Medium_Urban,1,Dynamic,9,13,117
Medium_Urban,1,Dynamic,9,14,117
Medium_Urban,1,Dynamic,9,15,117
Medium_Urban,1,Dynamic,9,16,117
Medium_Urban,1,Dynamic,9,17,117
Medium_Urban,1,Dynamic,9,18,117
Medium_Urban,1,Dynamic,9,19,117
Medium_Urban,1,Dynamic,9,20,117
Medium_Urban,1,Dynamic,9,21,117
Medium_Urban,1,Dynamic,9,22,117
Medium_Urban,1,Dynamic,9,23,117
Medium_Urban,1,Dynamic,9,24,117
Medium_Urban,1,Dynamic,9,25,117
Medium_Urban,1,Dynamic,9,26,117
Medium_Urban,1,Dynamic,9,27,117
Medium_Urban,1,Dynamic,9,28,117
Medium_Urban,1,Dynamic,9,29,117
Medium_Urban,1,Dynamic,2,0,117
Medium_Urban,1,Dynamic,2,1,117
Medium_Urban,1,Dynamic,2,2,117
Medium_Urban,1,Dynamic,2,3,117
Medium_Urban,1,Dynamic,2,4,117
Medium_Urban,1,Dynamic,2,5,117
Medium_Urban,1,Dynamic,2,6,117
Medium_Urban,1,Dynamic,2,7,117
Medium_Urban,1,Dynamic,2,8,117
Medium_Urban,1,Dynamic,2,9,117
Medium_Urban,1,Dynamic,2,10,117
Medium_Urban,1,Dynamic,2,11,117
Medium_Urban,1,Dynamic,2,12,117
Medium_Urban,1,Dynamic,2,13,117
Medium_Urban,1,Dynamic,2,14,117
Medium_Urban,1,Dynamic,2,15,117
Medium_Urban,1,Dynamic,2,16,117
Medium_Urban,1,Dynamic,2,17,117
Medium_Urban,1,Dynamic,2,18,117
Medium_Urban,1,Dynamic,2,19,117
Medium_Urban,1,Dynamic,2,20,117
Medium_Urban,1,Dynamic,2,21,117
Medium_Urban,1,Dynamic,2,22,117
Medium_Urban,1,Dynamic,2,23,117
Medium_Urban,1,Dynamic,2,24,117
Medium_Urban,1,Dynamic,2,25,117
Medium_Urban,1,Dynamic,2,26,117
Medium_Urban,1,Dynamic,2,27,117
Medium_Urban,1,Dynamic,2,28,117
Medium_Urban,1,Dynamic,2,29,117
Medium_Urban,1,Dynamic,3,0,116
Medium_Urban,1,Dynamic,3,1,117
Medium_Urban,1,Dynamic,3,2,117
Medium_Urban,1,Dynamic,3,3,117
Medium_Urban,1,Dynamic,3,4,117
Medium_Urban,1,Dynamic,3,5,117
Medium_Urban,1,Dynamic,3,6,117
Medium_Urban,1,Dynamic,3,7,117
Medium_Urban,1,Dynamic,3,8,117
Medium_Urban,1,Dynamic,3,9,117
Medium_Urban,1,Dynamic,3,10,117
Medium_Urban,1,Dynamic,3,11,117
Medium_Urban,1,Dynamic,3,12,117
Medium_Urban,1,Dynamic,3,13,117
Medium_Urban,1,Dynamic,3,14,117
Medium_Urban,1,Dynamic,3,15,117
Medium_Urban,1,Dynamic,3,16,117
Medium_Urban,1,Dynamic,3,17,117
Medium_Urban,1,Dynamic,3,18,117
Medium_Urban,1,Dynamic,3,19,117
Medium_Urban,1,Dynamic,3,20,117
Medium_Urban,1,Dynamic,3,21,117
Medium_Urban,1,Dynamic,3,22,117
Medium_Urban,1,Dynamic,3,23,117
Medium_Urban,1,Dynamic,3,24,117
Medium_Urban,1,Dynamic,3,25,117
Medium_Urban,1,Dynamic,3,26,117
Medium_Urban,1,Dynamic,3,27,117
Medium_Urban,1,Dynamic,3,28,117
Medium_Urban,1,Dynamic,3,29,117
Medium_Urban,1,Dynamic,7,0,117
Medium_Urban,1,Dynamic,7,1,117
Medium_Urban,1,Dynamic,7,2,117
Medium_Urban,1,Dynamic,7,3,117
Medium_Urban,1,Dynamic,7,4,117
Medium_Urban,1,Dynamic,7,5,117
Medium_Urban,1,Dynamic,7,6,117
Medium_Urban,1,Dynamic,7,7,117
Medium_Urban,1,Dynamic,7,8,117
Medium_Urban,1,Dynamic,7,9,117
Medium_Urban,1,Dynamic,7,10,117
Medium_Urban,1,Dynamic,7,11,117
Medium_Urban,1,Dynamic,7,12,117
Medium_Urban,1,Dynamic,7,13,117
Medium_Urban,1,Dynamic,7,14,117
Medium_Urban,1,Dynamic,7,15,117
Medium_Urban,1,Dynamic,7,16,117
Medium_Urban,1,Dynamic,7,17,117
Medium_Urban,1,Dynamic,7,18,117
Medium_Urban,1,Dynamic,7,19,117
Medium_Urban,1,Dynamic,7,20,117
Medium_Urban,1,Dynamic,7,21,117
Medium_Urban,1,Dynamic,7,22,117
Medium_Urban,1,Dynamic,7,23,117
Medium_Urban,1,Dynamic,7,24,117
Medium_Urban,1,Dynamic,7,25,117
Medium_Urban,1,Dynamic,7,26,117
Medium_Urban,1,Dynamic,7,27,117
Medium_Urban,1,Dynamic,7,28,117
Medium_Urban,1,Dynamic,7,29,117
Medium_Urban,1,Dynamic,1,0,117
Medium_Urban,1,Dynamic,1,1,117
Medium_Urban,1,Dynamic,1,2,117
Medium_Urban,1,Dynamic,1,3,117
Medium_Urban,1,Dynamic,1,4,117
Medium_Urban,1,Dynamic,1,5,117
Medium_Urban,1,Dynamic,1,6,117
Medium_Urban,1,Dynamic,1,7,117
Medium_Urban,1,Dynamic,1,8,117
Medium_Urban,1,Dynamic,1,9,117
Medium_Urban,1,Dynamic,1,10,117
Medium_Urban,1,Dynamic,1,11,117
Medium_Urban,1,Dynamic,1,12,117
Medium_Urban,1,Dynamic,1,13,117
Medium_Urban,1,Dynamic,1,14,117
Medium_Urban,1,Dynamic,1,15,117
Medium_Urban,1,Dynamic,1,16,117
Medium_Urban,1,Dynamic,1,17,117
Medium_Urban,1,Dynamic,1,18,117
Medium_Urban,1,Dynamic,1,19,117
Medium_Urban,1,Dynamic,1,20,117
Medium_Urban,1,Dynamic,1,21,117
Medium_Urban,1,Dynamic,1,22,117
Medium_Urban,1,Dynamic,1,23,117
Medium_Urban,1,Dynamic,1,24,117
Medium_Urban,1,Dynamic,1,25,117
Medium_Urban,1,Dynamic,1,26,117
Medium_Urban,1,Dynamic,1,27,117
Medium_Urban,1,Dynamic,1,28,117
Medium_Urban,1,Dynamic,1,29,117
Medium_Urban,1,Dynamic,5,0,117
Medium_Urban,1,Dynamic,5,1,117
Medium_Urban,1,Dynamic,5,2,117
Medium_Urban,1,Dynamic,5,3,117
Medium_Urban,1,Dynamic,5,4,117
Medium_Urban,1,Dynamic,5,5,117
Medium_Urban,1,Dynamic,5,6,117
Medium_Urban,1,Dynamic,5,7,117
Medium_Urban,1,Dynamic,5,8,117
Medium_Urban,1,Dynamic,5,9,117
Medium_Urban,1,Dynamic,5,10,117
Medium_Urban,1,Dynamic,5,11,117
Medium_Urban,1,Dynamic,5,12,117
Medium_Urban,1,Dynamic,5,13,117
Medium_Urban,1,Dynamic,5,14,117
Medium_Urban,1,Dynamic,5,15,117
Medium_Urban,1,Dynamic,5,16,117
Medium_Urban,1,Dynamic,5,17,117
Medium_Urban,1,Dynamic,5,18,117
Medium_Urban,1,Dynamic,5,19,117
Medium_Urban,1,Dynamic,5,20,117
Medium_Urban,1,Dynamic,5,21,117
Medium_Urban,1,Dynamic,5,22,117
Medium_Urban,1,Dynamic,5,23,117
Medium_Urban,1,Dynamic,5,24,117
Medium_Urban,1,Dynamic,5,25,117
Medium_Urban,1,Dynamic,5,26,117
Medium_Urban,1,Dynamic,5,27,117
Medium_Urban,1,Dynamic,5,28,117
Medium_Urban,1,Dynamic,5,29,117
Medium_Urban,2,Static,3,0,77
Medium_Urban,2,Static,3,1,77
Medium_Urban,2,Static,3,2,77
Medium_Urban,2,Static,3,3,77
Medium_Urban,2,Static,3,4,77
Medium_Urban,2,Static,3,5,77
Medium_Urban,2,Static,3,6,77
Medium_Urban,2,Static,3,7,77
Medium_Urban,2,Static,3,8,77
Medium_Urban,2,Static,3,9,77
Medium_Urban,2,Static,3,10,77
Medium_Urban,2,Static,3,11,77
Medium_Urban,2,Static,3,12,77
Medium_Urban,2,Static,3,13,77
Medium_Urban,2,Static,3,14,77
Medium_Urban,2,Static,3,15,77
Medium_Urban,2,Static,3,16,77
Medium_Urban,2,Static,3,17,77
Medium_Urban,2,Static,3,18,77
Medium_Urban,2,Static,3,19,77
Medium_Urban,2,Static,3,20,77
Medium_Urban,2,Static,3,21,77
Medium_Urban,2,Static,3,22,77
Medium_Urban,2,Static,3,23,77
Medium_Urban,2,Static,3,24,77
Medium_Urban,2,Static,3,25,77
Medium_Urban,2,Static,3,26,77
Medium_Urban,2,Static,3,27,77
Medium_Urban,2,Static,3,28,77
Medium_Urban,2,Static,3,29,77
Medium_Urban,2,Static,2,0,77
Medium_Urban,2,Static,2,1,77
Medium_Urban,2,Static,2,2,77
Medium_Urban,2,Static,2,3,77
Medium_Urban,2,Static,2,4,77
Medium_Urban,2,Static,2,5,77
Medium_Urban,2,Static,2,6,77
Medium_Urban,2,Static,2,7,77
Medium_Urban,2,Static,2,8,77
Medium_Urban,2,Static,2,9,77
Medium_Urban,2,Static,2,10,77
Medium_Urban,2,Static,2,11,77
Medium_Urban,2,Static,2,12,77
Medium_Urban,2,Static,2,13,77
Medium_Urban,2,Static,2,14,77
Medium_Urban,2,Static,2,15,77
Medium_Urban,2,Static,2,16,77
Medium_Urban,2,Static,2,17,77
Medium_Urban,2,Static,2,18,77
Medium_Urban,2,Static,2,19,77
Medium_Urban,2,Static,2,20,77
Medium_Urban,2,Static,2,21,77
Medium_Urban,2,Static,2,22,77
Medium_Urban,2,Static,2,23,77
Medium_Urban,2,Static,2,24,77
Medium_Urban,2,Static,2,25,77
Medium_Urban,2,Static,2,26,77
Medium_Urban,2,Static,2,27,77
Medium_Urban,2,Static,2,28,77
Medium_Urban,2,Static,2,29,77
Medium_Urban,2,Static,7,0,77
Medium_Urban,2,Static,7,1,77
Medium_Urban,2,Static,7,2,77
Medium_Urban,2,Static,7,3,77
Medium_Urban,2,Static,7,4,77
Medium_Urban,2,Static,7,5,77
Medium_Urban,2,Static,7,6,77
Medium_Urban,2,Static,7,7,77
Medium_Urban,2,Static,7,8,77
Medium_Urban,2,Static,7,9,77
Medium_Urban,2,Static,7,10,77
Medium_Urban,2,Static,7,11,77
Medium_Urban,2,Static,7,12,77
Medium_Urban,2,Static,7,13,77
Medium_Urban,2,Static,7,14,77
Medium_Urban,2,Static,7,15,77
Medium_Urban,2,Static,7,16,77
Medium_Urban,2,Static,7,17,77
Medium_Urban,2,Static,7,18,77
Medium_Urban,2,Static,7,19,77
Medium_Urban,2,Static,7,20,77
Medium_Urban,2,Static,7,21,77
Medium_Urban,2,Static,7,22,77
Medium_Urban,2,Static,7,23,77
Medium_Urban,2,Static,7,24,77
Medium_Urban,2,Static,7,25,77
Medium_Urban,2,Static,7,26,77
Medium_Urban,2,Static,7,27,77
Medium_Urban,2,Static,7,28,77
Medium_Urban,2,Static,7,29,77
Medium_Urban,2,Static,8,0,77
Medium_Urban,2,Static,8,1,77
Medium_Urban,2,Static,8,2,77
Medium_Urban,2,Static,8,3,77
Medium_Urban,2,Static,8,4,77
Medium_Urban,2,Static,8,5,77
Medium_Urban,2,Static,8,6,77
Medium_Urban,2,Static,8,7,77
Medium_Urban,2,Static,8,8,77
Medium_Urban,2,Static,8,9,77
Medium_Urban,2,Static,8,10,77
Medium_Urban,2,Static,8,11,77
Medium_Urban,2,Static,8,12,77
Medium_Urban,2,Static,8,13,77
Medium_Urban,2,Static,8,14,77
Medium_Urban,2,Static,8,15,77
Medium_Urban,2,Static,8,16,77
Medium_Urban,2,Static,8,17,77
Medium_Urban,2,Static,8,18,77
Medium_Urban,2,Static,8,19,77
Medium_Urban,2,Static,8,20,77
Medium_Urban,2,Static,8,21,77
Medium_Urban,2,Static,8,22,77
Medium_Urban,2,Static,8,23,77
Medium_Urban,2,Static,8,24,77
Medium_Urban,2,Static,8,25,77
Medium_Urban,2,Static,8,26,77
Medium_Urban,2,Static,8,27,77
Medium_Urban,2,Static,8,28,77
Medium_Urban,2,Static,8,29,77
Medium_Urban,2,Static,1,0,77
Medium_Urban,2,Static,1,1,77
Medium_Urban,2,Static,1,2,77
Medium_Urban,2,Static,1,3,77
Medium_Urban,2,Static,1,4,77
Medium_Urban,2,Static,1,5,77
Medium_Urban,2,Static,1,6,77
Medium_Urban,2,Static,1,7,77
Medium_Urban,2,Static,1,8,77
Medium_Urban,2,Static,1,9,77
Medium_Urban,2,Static,1,10,77
Medium_Urban,2,Static,1,11,77
Medium_Urban,2,Static,1,12,77
Medium_Urban,2,Static,1,13,77
Medium_Urban,2,Static,1,14,77
Medium_Urban,2,Static,1,15,77
Medium_Urban,2,Static,1,16,77
Medium_Urban,2,Static,1,17,77
Medium_Urban,2,Static,1,18,77
Medium_Urban,2,Static,1,19,77
Medium_Urban,2,Static,1,20,77
Medium_Urban,2,Static,1,21,77
Medium_Urban,2,Static,1,22,77
Medium_Urban,2,Static,1,23,77
Medium_Urban,2,Static,1,24,77
Medium_Urban,2,Static,1,25,77
Medium_Urban,2,Static,1,26,77
Medium_Urban,2,Static,1,27,77
Medium_Urban,2,Static,1,28,77
Medium_Urban,2,Static,1,29,77
Medium_Urban,2,Static,4,0,77
Medium_Urban,2,Static,4,1,77
Medium_Urban,2,Static,4,2,77
Medium_Urban,2,Static,4,3,77
Medium_Urban,2,Static,4,4,77
Medium_Urban,2,Static,4,5,77
Medium_Urban,2,Static,4,6,77
Medium_Urban,2,Static,4,7,77
Medium_Urban,2,Static,4,8,77
Medium_Urban,2,Static,4,9,77
Medium_Urban,2,Static,4,10,77
Medium_Urban,2,Static,4,11,77
Medium_Urban,2,Static,4,12,77
Medium_Urban,2,Static,4,13,77
Medium_Urban,2,Static,4,14,77
Medium_Urban,2,Static,4,15,77
Medium_Urban,2,Static,4,16,77
Medium_Urban,2,Static,4,17,77
Medium_Urban,2,Static,4,18,77
Medium_Urban,2,Static,4,19,77
Medium_Urban,2,Static,4,20,77
Medium_Urban,2,Static,4,21,77
Medium_Urban,2,Static,4,22,77
Medium_Urban,2,Static,4,23,77
Medium_Urban,2,Static,4,24,77
Medium_Urban,2,Static,4,25,77
Medium_Urban,2,Static,4,26,77
Medium_Urban,2,Static,4,27,77
Medium_Urban,2,Static,4,28,77
Medium_Urban,2,Static,4,29,77
Medium_Urban,2,Static,6,0,77
Medium_Urban,2,Static,6,1,77
Medium_Urban,2,Static,6,2,77
Medium_Urban,2,Static,6,3,77
Medium_Urban,2,Static,6,4,77
Medium_Urban,2,Static,6,5,77
Medium_Urban,2,Static,6,6,77
Medium_Urban,2,Static,6,7,77
Medium_Urban,2,Static,6,8,77
Medium_Urban,2,Static,6,9,77
Medium_Urban,2,Static,6,10,77
Medium_Urban,2,Static,6,11,77
Medium_Urban,2,Static,6,12,77
Medium_Urban,2,Static,6,13,77
Medium_Urban,2,Static,6,14,77
Medium_Urban,2,Static,6,15,77
Medium_Urban,2,Static,6,16,77
Medium_Urban,2,Static,6,17,77
Medium_Urban,2,Static,6,18,77
Medium_Urban,2,Static,6,19,77
Medium_Urban,2,Static,6,20,77
Medium_Urban,2,Static,6,21,77
Medium_Urban,2,Static,6,22,77
Medium_Urban,2,Static,6,23,77
Medium_Urban,2,Static,6,24,77
Medium_Urban,2,Static,6,25,77
Medium_Urban,2,Static,6,26,77
Medium_Urban,2,Static,6,27,77
Medium_Urban,2,Static,6,28,77
Medium_Urban,2,Static,6,29,77
Medium_Urban,2,Static,10,0,77
Medium_Urban,2,Static,10,1,77
Medium_Urban,2,Static,10,2,77
Medium_Urban,2,Static,10,3,77
Medium_Urban,2,Static,10,4,77
Medium_Urban,2,Static,10,5,77
Medium_Urban,2,Static,10,6,77
Medium_Urban,2,Static,10,7,77
Medium_Urban,2,Static,10,8,77
Medium_Urban,2,Static,10,9,77
Medium_Urban,2,Static,10,10,77
Medium_Urban,2,Static,10,11,77
Medium_Urban,2,Static,10,12,77
Medium_Urban,2,Static,10,13,77
Medium_Urban,2,Static,10,14,77
Medium_Urban,2,Static,10,15,77
Medium_Urban,2,Static,10,16,77
Medium_Urban,2,Static,10,17,77
Medium_Urban,2,Static,10,18,77
Medium_Urban,2,Static,10,19,77
Medium_Urban,2,Static,10,20,77
Medium_Urban,2,Static,10,21,77
Medium_Urban,2,Static,10,22,77
Medium_Urban,2,Static,10,23,77
Medium_Urban,2,Static,10,24,77
Medium_Urban,2,Static,10,25,77
Medium_Urban,2,Static,10,26,77
Medium_Urban,2,Static,10,27,77
Medium_Urban,2,Static,10,28,77
Medium_Urban,2,Static,10,29,77
Medium_Urban,2,Static,9,0,77
Medium_Urban,2,Static,9,1,77
Medium_Urban,2,Static,9,2,77
Medium_Urban,2,Static,9,3,77
Medium_Urban,2,Static,9,4,77
Medium_Urban,2,Static,9,5,77
Medium_Urban,2,Static,9,6,77
Medium_Urban,2,Static,9,7,77
Medium_Urban,2,Static,9,8,77
Medium_Urban,2,Static,9,9,77
Medium_Urban,2,Static,9,10,77
Medium_Urban,2,Static,9,11,77
Medium_Urban,2,Static,9,12,77
Medium_Urban,2,Static,9,13,77
Medium_Urban,2,Static,9,14,77
Medium_Urban,2,Static,9,15,77
Medium_Urban,2,Static,9,16,77
Medium_Urban,2,Static,9,17,77
Medium_Urban,2,Static,9,18,77
Medium_Urban,2,Static,9,19,77
Medium_Urban,2,Static,9,20,77
Medium_Urban,2,Static,9,21,77
Medium_Urban,2,Static,9,22,77
Medium_Urban,2,Static,9,23,77
Medium_Urban,2,Static,9,24,77
Medium_Urban,2,Static,9,25,77
Medium_Urban,2,Static,9,26,77
Medium_Urban,2,Static,9,27,77
Medium_Urban,2,Static,9,28,77
Medium_Urban,2,Static,9,29,77
Medium_Urban,2,Static,5,0,77
Medium_Urban,2,Static,5,1,77
Medium_Urban,2,Static,5,2,77
Medium_Urban,2,Static,5,3,77
Medium_Urban,2,Static,5,4,77
Medium_Urban,2,Static,5,5,77
Medium_Urban,2,Static,5,6,77
Medium_Urban,2,Static,5,7,77
Medium_Urban,2,Static,5,8,77
Medium_Urban,2,Static,5,9,77
Medium_Urban,2,Static,5,10,77
Medium_Urban,2,Static,5,11,77
Medium_Urban,2,Static,5,12,77
Medium_Urban,2,Static,5,13,77
Medium_Urban,2,Static,5,14,77
Medium_Urban,2,Static,5,15,77
Medium_Urban,2,Static,5,16,77
Medium_Urban,2,Static,5,17,77
Medium_Urban,2,Static,5,18,77
Medium_Urban,2,Static,5,19,77
Medium_Urban,2,Static,5,20,77
Medium_Urban,2,Static,5,21,77
Medium_Urban,2,Static,5,22,77
Medium_Urban,2,Static,5,23,77
Medium_Urban,2,Static,5,24,77
Medium_Urban,2,Static,5,25,77
Medium_Urban,2,Static,5,26,77
Medium_Urban,2,Static,5,27,77
Medium_Urban,2,Static,5,28,77
Medium_Urban,2,Static,5,29,77
Medium_Urban,2,Dynamic,4,0,106
Medium_Urban,2,Dynamic,4,1,107
Medium_Urban,2,Dynamic,4,2,109
Medium_Urban,2,Dynamic,4,3,109
Medium_Urban,2,Dynamic,4,4,109
Medium_Urban,2,Dynamic,4,5,109
Medium_Urban,2,Dynamic,4,6,109
Medium_Urban,2,Dynamic,4,7,109
Medium_Urban,2,Dynamic,4,8,109
Medium_Urban,2,Dynamic,4,9,109
Medium_Urban,2,Dynamic,4,10,109
Medium_Urban,2,Dynamic,4,11,109
Medium_Urban,2,Dynamic,4,12,109
Medium_Urban,2,Dynamic,4,13,109
Medium_Urban,2,Dynamic,4,14,109
Medium_Urban,2,Dynamic,4,15,109
Medium_Urban,2,Dynamic,4,16,109
Medium_Urban,2,Dynamic,4,17,109
Medium_Urban,2,Dynamic,4,18,109
Medium_Urban,2,Dynamic,4,19,109
Medium_Urban,2,Dynamic,4,20,109
Medium_Urban,2,Dynamic,4,21,109
Medium_Urban,2,Dynamic,4,22,109
Medium_Urban,2,Dynamic,4,23,109
Medium_Urban,2,Dynamic,4,24,109
Medium_Urban,2,Dynamic,4,25,109
Medium_Urban,2,Dynamic,4,26,109
Medium_Urban,2,Dynamic,4,27,109
Medium_Urban,2,Dynamic,4,28,109
Medium_Urban,2,Dynamic,4,29,109
Medium_Urban,2,Dynamic,5,0,105
Medium_Urban,2,Dynamic,5,1,105
Medium_Urban,2,Dynamic,5,2,106
Medium_Urban,2,Dynamic,5,3,107
Medium_Urban,2,Dynamic,5,4,107
Medium_Urban,2,Dynamic,5,5,108
Medium_Urban,2,Dynamic,5,6,108
Medium_Urban,2,Dynamic,5,7,108
Medium_Urban,2,Dynamic,5,8,108
Medium_Urban,2,Dynamic,5,9,108
Medium_Urban,2,Dynamic,5,10,109
Medium_Urban,2,Dynamic,5,11,109
Medium_Urban,2,Dynamic,5,12,109
Medium_Urban,2,Dynamic,5,13,109
Medium_Urban,2,Dynamic,5,14,109
Medium_Urban,2,Dynamic,5,15,109
Medium_Urban,2,Dynamic,5,16,109
Medium_Urban,2,Dynamic,5,17,109
Medium_Urban,2,Dynamic,5,18,109
Medium_Urban,2,Dynamic,5,19,109
Medium_Urban,2,Dynamic,5,20,109
Medium_Urban,2,Dynamic,5,21,109
Medium_Urban,2,Dynamic,5,22,109
Medium_Urban,2,Dynamic,5,23,109
Medium_Urban,2,Dynamic,5,24,109
Medium_Urban,2,Dynamic,5,25,109
Medium_Urban,2,Dynamic,5,26,109
Medium_Urban,2,Dynamic,5,27,109
Medium_Urban,2,Dynamic,5,28,109
Medium_Urban,2,Dynamic,5,29,109
Medium_Urban,2,Dynamic,10,0,107
Medium_Urban,2,Dynamic,10,1,107
Medium_Urban,2,Dynamic,10,2,108
Medium_Urban,2,Dynamic,10,3,108
Medium_Urban,2,Dynamic,10,4,108
Medium_Urban,2,Dynamic,10,5,109
Medium_Urban,2,Dynamic,10,6,109
Medium_Urban,2,Dynamic,10,7,109
Medium_Urban,2,Dynamic,10,8,109
Medium_Urban,2,Dynamic,10,9,109
Medium_Urban,2,Dynamic,10,10,109
Medium_Urban,2,Dynamic,10,11,109
Medium_Urban,2,Dynamic,10,12,109
Medium_Urban,2,Dynamic,10,13,109
Medium_Urban,2,Dynamic,10,14,109
Medium_Urban,2,Dynamic,10,15,109
Medium_Urban,2,Dynamic,10,16,109
Medium_Urban,2,Dynamic,10,17,109
Medium_Urban,2,Dynamic,10,18,109
Medium_Urban,2,Dynamic,10,19,109
Medium_Urban,2,Dynamic,10,20,109
Medium_Urban,2,Dynamic,10,21,109
Medium_Urban,2,Dynamic,10,22,109
Medium_Urban,2,Dynamic,10,23,109
Medium_Urban,2,Dynamic,10,24,109
Medium_Urban,2,Dynamic,10,25,109
Medium_Urban,2,Dynamic,10,26,109
Medium_Urban,2,Dynamic,10,27,109
Medium_Urban,2,Dynamic,10,28,109
Medium_Urban,2,Dynamic,10,29,109
Medium_Urban,2,Dynamic,9,0,105
Medium_Urban,2,Dynamic,9,1,106
Medium_Urban,2,Dynamic,9,2,106
Medium_Urban,2,Dynamic,9,3,107
Medium_Urban,2,Dynamic,9,4,107
Medium_Urban,2,Dynamic,9,5,107
Medium_Urban,2,Dynamic,9,6,108
Medium_Urban,2,Dynamic,9,7,108
Medium_Urban,2,Dynamic,9,8,108
Medium_Urban,2,Dynamic,9,9,108
Medium_Urban,2,Dynamic,9,10,108
Medium_Urban,2,Dynamic,9,11,108
Medium_Urban,2,Dynamic,9,12,109
Medium_Urban,2,Dynamic,9,13,109
Medium_Urban,2,Dynamic,9,14,109
Medium_Urban,2,Dynamic,9,15,109
Medium_Urban,2,Dynamic,9,16,109
Medium_Urban,2,Dynamic,9,17,109
Medium_Urban,2,Dynamic,9,18,109
Medium_Urban,2,Dynamic,9,19,109
Medium_Urban,2,Dynamic,9,20,109
Medium_Urban,2,Dynamic,9,21,109
Medium_Urban,2,Dynamic,9,22,109
Medium_Urban,2,Dynamic,9,23,109
Medium_Urban,2,Dynamic,9,24,109
Medium_Urban,2,Dynamic,9,25,109
Medium_Urban,2,Dynamic,9,26,109
Medium_Urban,2,Dynamic,9,27,109
Medium_Urban,2,Dynamic,9,28,109
Medium_Urban,2,Dynamic,9,29,109
Medium_Urban,2,Dynamic,8,0,105
Medium_Urban,2,Dynamic,8,1,107
Medium_Urban,2,Dynamic,8,2,107
Medium_Urban,2,Dynamic,8,3,107
Medium_Urban,2,Dynamic,8,4,107
Medium_Urban,2,Dynamic,8,5,107
Medium_Urban,2,Dynamic,8,6,108
Medium_Urban,2,Dynamic,8,7,108
Medium_Urban,2,Dynamic,8,8,109
Medium_Urban,2,Dynamic,8,9,109
Medium_Urban,2,Dynamic,8,10,109
Medium_Urban,2,Dynamic,8,11,109
Medium_Urban,2,Dynamic,8,12,109
Medium_Urban,2,Dynamic,8,13,109
Medium_Urban,2,Dynamic,8,14,109
Medium_Urban,2,Dynamic,8,15,109
Medium_Urban,2,Dynamic,8,16,109
Medium_Urban,2,Dynamic,8,17,109
Medium_Urban,2,Dynamic,8,18,109
Medium_Urban,2,Dynamic,8,19,109
Medium_Urban,2,Dynamic,8,20,109
Medium_Urban,2,Dynamic,8,21,109
Medium_Urban,2,Dynamic,8,22,109
Medium_Urban,2,Dynamic,8,23,109
Medium_Urban,2,Dynamic,8,24,109
Medium_Urban,2,Dynamic,8,25,109
Medium_Urban,2,Dynamic,8,26,109
Medium_Urban,2,Dynamic,8,27,109
Medium_Urban,2,Dynamic,8,28,109
Medium_Urban,2,Dynamic,8,29,109
Medium_Urban,2,Dynamic,1,0,108
Medium_Urban,2,Dynamic,1,1,108
Medium_Urban,2,Dynamic,1,2,108
Medium_Urban,2,Dynamic,1,3,108
Medium_Urban,2,Dynamic,1,4,108
Medium_Urban,2,Dynamic,1,5,108
Medium_Urban,2,Dynamic,1,6,108
Medium_Urban,2,Dynamic,1,7,109
Medium_Urban,2,Dynamic,1,8,109
Medium_Urban,2,Dynamic,1,9,109
Medium_Urban,2,Dynamic,1,10,109
Medium_Urban,2,Dynamic,1,11,109
Medium_Urban,2,Dynamic,1,12,109
Medium_Urban,2,Dynamic,1,13,109
Medium_Urban,2,Dynamic,1,14,109
Medium_Urban,2,Dynamic,1,15,109
Medium_Urban,2,Dynamic,1,16,109
Medium_Urban,2,Dynamic,1,17,109
Medium_Urban,2,Dynamic,1,18,109
Medium_Urban,2,Dynamic,1,19,109
Medium_Urban,2,Dynamic,1,20,109
Medium_Urban,2,Dynamic,1,21,109
Medium_Urban,2,Dynamic,1,22,109
Medium_Urban,2,Dynamic,1,23,109
Medium_Urban,2,Dynamic,1,24,109
Medium_Urban,2,Dynamic,1,25,109
Medium_Urban,2,Dynamic,1,26,109
Medium_Urban,2,Dynamic,1,27,109
Medium_Urban,2,Dynamic,1,28,109
Medium_Urban,2,Dynamic,1,29,109
Medium_Urban,2,Dynamic,2,0,105
Medium_Urban,2,Dynamic,2,1,106
Medium_Urban,2,Dynamic,2,2,106
Medium_Urban,2,Dynamic,2,3,108
Medium_Urban,2,Dynamic,2,4,108
Medium_Urban,2,Dynamic,2,5,108
Medium_Urban,2,Dynamic,2,6,108
Medium_Urban,2,Dynamic,2,7,108
Medium_Urban,2,Dynamic,2,8,108
Medium_Urban,2,Dynamic,2,9,108
Medium_Urban,2,Dynamic,2,10,108
Medium_Urban,2,Dynamic,2,11,108
Medium_Urban,2,Dynamic,2,12,108
Medium_Urban,2,Dynamic,2,13,108
Medium_Urban,2,Dynamic,2,14,108
Medium_Urban,2,Dynamic,2,15,108
Medium_Urban,2,Dynamic,2,16,109
Medium_Urban,2,Dynamic,2,17,109
Medium_Urban,2,Dynamic,2,18,109
Medium_Urban,2,Dynamic,2,19,109
Medium_Urban,2,Dynamic,2,20,109
Medium_Urban,2,Dynamic,2,21,109
Medium_Urban,2,Dynamic,2,22,109
Medium_Urban,2,Dynamic,2,23,109
Medium_Urban,2,Dynamic,2,24,109
Medium_Urban,2,Dynamic,2,25,109
Medium_Urban,2,Dynamic,2,26,109
Medium_Urban,2,Dynamic,2,27,109
Medium_Urban,2,Dynamic,2,28,109
Medium_Urban,2,Dynamic,2,29,109
Medium_Urban,2,Dynamic,3,0,106
Medium_Urban,2,Dynamic,3,1,107
Medium_Urban,2,Dynamic,3,2,107
Medium_Urban,2,Dynamic,3,3,107
Medium_Urban,2,Dynamic,3,4,108
Medium_Urban,2,Dynamic,3,5,108
Medium_Urban,2,Dynamic,3,6,108
Medium_Urban,2,Dynamic,3,7,109
Medium_Urban,2,Dynamic,3,8,109
Medium_Urban,2,Dynamic,3,9,109
Medium_Urban,2,Dynamic,3,10,109
Medium_Urban,2,Dynamic,3,11,109
Medium_Urban,2,Dynamic,3,12,109
Medium_Urban,2,Dynamic,3,13,109
Medium_Urban,2,Dynamic,3,14,109
Medium_Urban,2,Dynamic,3,15,109
Medium_Urban,2,Dynamic,3,16,109
Medium_Urban,2,Dynamic,3,17,109
Medium_Urban,2,Dynamic,3,18,109
Medium_Urban,2,Dynamic,3,19,109
Medium_Urban,2,Dynamic,3,20,109
Medium_Urban,2,Dynamic,3,21,109
Medium_Urban,2,Dynamic,3,22,109
Medium_Urban,2,Dynamic,3,23,109
Medium_Urban,2,Dynamic,3,24,109
Medium_Urban,2,Dynamic,3,25,109
Medium_Urban,2,Dynamic,3,26,109
Medium_Urban,2,Dynamic,3,27,109
Medium_Urban,2,Dynamic,3,28,109
Medium_Urban,2,Dynamic,3,29,109
Medium_Urban,2,Dynamic,6,0,106
Medium_Urban,2,Dynamic,6,1,107
Medium_Urban,2,Dynamic,6,2,107
Medium_Urban,2,Dynamic,6,3,107
Medium_Urban,2,Dynamic,6,4,108
Medium_Urban,2,Dynamic,6,5,108
Medium_Urban,2,Dynamic,6,6,108
Medium_Urban,2,Dynamic,6,7,108
Medium_Urban,2,Dynamic,6,8,109
Medium_Urban,2,Dynamic,6,9,109
Medium_Urban,2,Dynamic,6,10,109
Medium_Urban,2,Dynamic,6,11,109
Medium_Urban,2,Dynamic,6,12,109
Medium_Urban,2,Dynamic,6,13,109
Medium_Urban,2,Dynamic,6,14,109
Medium_Urban,2,Dynamic,6,15,109
Medium_Urban,2,Dynamic,6,16,109
Medium_Urban,2,Dynamic,6,17,109
Medium_Urban,2,Dynamic,6,18,109
Medium_Urban,2,Dynamic,6,19,109
Medium_Urban,2,Dynamic,6,20,109
Medium_Urban,2,Dynamic,6,21,109
Medium_Urban,2,Dynamic,6,22,109
Medium_Urban,2,Dynamic,6,23,109
Medium_Urban,2,Dynamic,6,24,109
Medium_Urban,2,Dynamic,6,25,109
Medium_Urban,2,Dynamic,6,26,109
Medium_Urban,2,Dynamic,6,27,109
Medium_Urban,2,Dynamic,6,28,109
Medium_Urban,2,Dynamic,6,29,109
Medium_Urban,2,Dynamic,7,0,107
Medium_Urban,2,Dynamic,7,1,107
Medium_Urban,2,Dynamic,7,2,107
Medium_Urban,2,Dynamic,7,3,108
Medium_Urban,2,Dynamic,7,4,108
Medium_Urban,2,Dynamic,7,5,109
Medium_Urban,2,Dynamic,7,6,109
Medium_Urban,2,Dynamic,7,7,109
Medium_Urban,2,Dynamic,7,8,109
Medium_Urban,2,Dynamic,7,9,109
Medium_Urban,2,Dynamic,7,10,109
Medium_Urban,2,Dynamic,7,11,109
Medium_Urban,2,Dynamic,7,12,109
Medium_Urban,2,Dynamic,7,13,109
Medium_Urban,2,Dynamic,7,14,109
Medium_Urban,2,Dynamic,7,15,109
Medium_Urban,2,Dynamic,7,16,109
Medium_Urban,2,Dynamic,7,17,109
Medium_Urban,2,Dynamic,7,18,109
Medium_Urban,2,Dynamic,7,19,109
Medium_Urban,2,Dynamic,7,20,109
Medium_Urban,2,Dynamic,7,21,109
Medium_Urban,2,Dynamic,7,22,109
Medium_Urban,2,Dynamic,7,23,109
Medium_Urban,2,Dynamic,7,24,109
Medium_Urban,2,Dynamic,7,25,109
Medium_Urban,2,Dynamic,7,26,109
Medium_Urban,2,Dynamic,7,27,109
Medium_Urban,2,Dynamic,7,28,109
Medium_Urban,2,Dynamic,7,29,109
Medium_Urban,3,Static,4,0,84
Medium_Urban,3,Static,4,1,84
Medium_Urban,3,Static,4,2,84
Medium_Urban,3,Static,4,3,84
Medium_Urban,3,Static,4,4,84
Medium_Urban,3,Static,4,5,84
Medium_Urban,3,Static,4,6,84
Medium_Urban,3,Static,4,7,84
Medium_Urban,3,Static,4,8,84
Medium_Urban,3,Static,4,9,84
Medium_Urban,3,Static,4,10,84
Medium_Urban,3,Static,4,11,84
Medium_Urban,3,Static,4,12,84
Medium_Urban,3,Static,4,13,84
Medium_Urban,3,Static,4,14,84
Medium_Urban,3,Static,4,15,84
Medium_Urban,3,Static,4,16,84
Medium_Urban,3,Static,4,17,84
Medium_Urban,3,Static,4,18,84
Medium_Urban,3,Static,4,19,84
Medium_Urban,3,Static,4,20,84
Medium_Urban,3,Static,4,21,84
Medium_Urban,3,Static,4,22,84
Medium_Urban,3,Static,4,23,84
Medium_Urban,3,Static,4,24,84
Medium_Urban,3,Static,4,25,84
Medium_Urban,3,Static,4,26,84
Medium_Urban,3,Static,4,27,84
Medium_Urban,3,Static,4,28,84
Medium_Urban,3,Static,4,29,84
Medium_Urban,3,Static,8,0,84
Medium_Urban,3,Static,8,1,84
Medium_Urban,3,Static,8,2,84
Medium_Urban,3,Static,8,3,84
Medium_Urban,3,Static,8,4,84
Medium_Urban,3,Static,8,5,84
Medium_Urban,3,Static,8,6,84
Medium_Urban,3,Static,8,7,84
Medium_Urban,3,Static,8,8,84
Medium_Urban,3,Static,8,9,84
Medium_Urban,3,Static,8,10,84
Medium_Urban,3,Static,8,11,84
Medium_Urban,3,Static,8,12,84
Medium_Urban,3,Static,8,13,84
Medium_Urban,3,Static,8,14,84
Medium_Urban,3,Static,8,15,84
Medium_Urban,3,Static,8,16,84
Medium_Urban,3,Static,8,17,84
Medium_Urban,3,Static,8,18,84
Medium_Urban,3,Static,8,19,84
Medium_Urban,3,Static,8,20,84
Medium_Urban,3,Static,8,21,84
Medium_Urban,3,Static,8,22,84
Medium_Urban,3,Static,8,23,84
Medium_Urban,3,Static,8,24,84
Medium_Urban,3,Static,8,25,84
Medium_Urban,3,Static,8,26,84
Medium_Urban,3,Static,8,27,84
Medium_Urban,3,Static,8,28,84
Medium_Urban,3,Static,8,29,84
Medium_Urban,3,Static,10,0,84
Medium_Urban,3,Static,10,1,84
Medium_Urban,3,Static,10,2,84
Medium_Urban,3,Static,10,3,84
Medium_Urban,3,Static,10,4,84
Medium_Urban,3,Static,10,5,84
Medium_Urban,3,Static,10,6,84
Medium_Urban,3,Static,10,7,84
Medium_Urban,3,Static,10,8,84
Medium_Urban,3,Static,10,9,84
Medium_Urban,3,Static,10,10,84
Medium_Urban,3,Static,10,11,84
Medium_Urban,3,Static,10,12,84
Medium_Urban,3,Static,10,13,84
Medium_Urban,3,Static,10,14,84
Medium_Urban,3,Static,10,15,84
Medium_Urban,3,Static,10,16,84
Medium_Urban,3,Static,10,17,84
Medium_Urban,3,Static,10,18,84
Medium_Urban,3,Static,10,19,84
Medium_Urban,3,Static,10,20,84
Medium_Urban,3,Static,10,21,84
Medium_Urban,3,Static,10,22,84
Medium_Urban,3,Static,10,23,84
Medium_Urban,3,Static,10,24,84
Medium_Urban,3,Static,10,25,84
Medium_Urban,3,Static,10,26,84
Medium_Urban,3,Static,10,27,84
Medium_Urban,3,Static,10,28,84
Medium_Urban,3,Static,10,29,84
Medium_Urban,3,Static,2,0,84
Medium_Urban,3,Static,2,1,84
Medium_Urban,3,Static,2,2,84
Medium_Urban,3,Static,2,3,84
Medium_Urban,3,Static,2,4,84
Medium_Urban,3,Static,2,5,84
Medium_Urban,3,Static,2,6,84
Medium_Urban,3,Static,2,7,84
Medium_Urban,3,Static,2,8,84
Medium_Urban,3,Static,2,9,84
Medium_Urban,3,Static,2,10,84
Medium_Urban,3,Static,2,11,84
Medium_Urban,3,Static,2,12,84
Medium_Urban,3,Static,2,13,84
Medium_Urban,3,Static,2,14,84
Medium_Urban,3,Static,2,15,84
Medium_Urban,3,Static,2,16,84
Medium_Urban,3,Static,2,17,84
Medium_Urban,3,Static,2,18,84
Medium_Urban,3,Static,2,19,84
Medium_Urban,3,Static,2,20,84
Medium_Urban,3,Static,2,21,84
Medium_Urban,3,Static,2,22,84
Medium_Urban,3,Static,2,23,84
Medium_Urban,3,Static,2,24,84
Medium_Urban,3,Static,2,25,84
Medium_Urban,3,Static,2,26,84
Medium_Urban,3,Static,2,27,84
Medium_Urban,3,Static,2,28,84
Medium_Urban,3,Static,2,29,84
Medium_Urban,3,Static,3,0,84
Medium_Urban,3,Static,3,1,84
Medium_Urban,3,Static,3,2,84
Medium_Urban,3,Static,3,3,84
Medium_Urban,3,Static,3,4,84
Medium_Urban,3,Static,3,5,84
Medium_Urban,3,Static,3,6,84
Medium_Urban,3,Static,3,7,84
Medium_Urban,3,Static,3,8,84
Medium_Urban,3,Static,3,9,84
Medium_Urban,3,Static,3,10,84
Medium_Urban,3,Static,3,11,84
Medium_Urban,3,Static,3,12,84
Medium_Urban,3,Static,3,13,84
Medium_Urban,3,Static,3,14,84
Medium_Urban,3,Static,3,15,84
Medium_Urban,3,Static,3,16,84
Medium_Urban,3,Static,3,17,84
Medium_Urban,3,Static,3,18,84
Medium_Urban,3,Static,3,19,84
Medium_Urban,3,Static,3,20,84
Medium_Urban,3,Static,3,21,84
Medium_Urban,3,Static,3,22,84
Medium_Urban,3,Static,3,23,84
Medium_Urban,3,Static,3,24,84
Medium_Urban,3,Static,3,25,84
Medium_Urban,3,Static,3,26,84
Medium_Urban,3,Static,3,27,84
Medium_Urban,3,Static,3,28,84
Medium_Urban,3,Static,3,29,84
Medium_Urban,3,Static,5,0,84
Medium_Urban,3,Static,5,1,84
Medium_Urban,3,Static,5,2,84
Medium_Urban,3,Static,5,3,84
Medium_Urban,3,Static,5,4,84
Medium_Urban,3,Static,5,5,84
Medium_Urban,3,Static,5,6,84
Medium_Urban,3,Static,5,7,84
Medium_Urban,3,Static,5,8,84
Medium_Urban,3,Static,5,9,84
Medium_Urban,3,Static,5,10,84
Medium_Urban,3,Static,5,11,84
Medium_Urban,3,Static,5,12,84
Medium_Urban,3,Static,5,13,84
Medium_Urban,3,Static,5,14,84
Medium_Urban,3,Static,5,15,84
Medium_Urban,3,Static,5,16,84
Medium_Urban,3,Static,5,17,84
Medium_Urban,3,Static,5,18,84
Medium_Urban,3,Static,5,19,84
Medium_Urban,3,Static,5,20,84
Medium_Urban,3,Static,5,21,84
Medium_Urban,3,Static,5,22,84
Medium_Urban,3,Static,5,23,84
Medium_Urban,3,Static,5,24,84
Medium_Urban,3,Static,5,25,84
Medium_Urban,3,Static,5,26,84
Medium_Urban,3,Static,5,27,84
Medium_Urban,3,Static,5,28,84
Medium_Urban,3,Static,5,29,84
Medium_Urban,3,Static,6,0,84
Medium_Urban,3,Static,6,1,84
Medium_Urban,3,Static,6,2,84
Medium_Urban,3,Static,6,3,84
Medium_Urban,3,Static,6,4,84
Medium_Urban,3,Static,6,5,84
Medium_Urban,3,Static,6,6,84
Medium_Urban,3,Static,6,7,84
Medium_Urban,3,Static,6,8,84
Medium_Urban,3,Static,6,9,84
Medium_Urban,3,Static,6,10,84
Medium_Urban,3,Static,6,11,84
Medium_Urban,3,Static,6,12,84
Medium_Urban,3,Static,6,13,84
Medium_Urban,3,Static,6,14,84
Medium_Urban,3,Static,6,15,84
Medium_Urban,3,Static,6,16,84
Medium_Urban,3,Static,6,17,84
Medium_Urban,3,Static,6,18,84
Medium_Urban,3,Static,6,19,84
Medium_Urban,3,Static,6,20,84
Medium_Urban,3,Static,6,21,84
Medium_Urban,3,Static,6,22,84
Medium_Urban,3,Static,6,23,84
Medium_Urban,3,Static,6,24,84
Medium_Urban,3,Static,6,25,84
Medium_Urban,3,Static,6,26,84
Medium_Urban,3,Static,6,27,84
Medium_Urban,3,Static,6,28,84
Medium_Urban,3,Static,6,29,84
Medium_Urban,3,Static,1,0,84
Medium_Urban,3,Static,1,1,84
Medium_Urban,3,Static,1,2,84
Medium_Urban,3,Static,1,3,84
Medium_Urban,3,Static,1,4,84
Medium_Urban,3,Static,1,5,84
Medium_Urban,3,Static,1,6,84
Medium_Urban,3,Static,1,7,84
Medium_Urban,3,Static,1,8,84
Medium_Urban,3,Static,1,9,84
Medium_Urban,3,Static,1,10,84
Medium_Urban,3,Static,1,11,84
Medium_Urban,3,Static,1,12,84
Medium_Urban,3,Static,1,13,84
Medium_Urban,3,Static,1,14,84
Medium_Urban,3,Static,1,15,84
Medium_Urban,3,Static,1,16,84
Medium_Urban,3,Static,1,17,84
Medium_Urban,3,Static,1,18,84
Medium_Urban,3,Static,1,19,84
Medium_Urban,3,Static,1,20,84
Medium_Urban,3,Static,1,21,84
Medium_Urban,3,Static,1,22,84
Medium_Urban,3,Static,1,23,84
Medium_Urban,3,Static,1,24,84
Medium_Urban,3,Static,1,25,84
Medium_Urban,3,Static,1,26,84
Medium_Urban,3,Static,1,27,84
Medium_Urban,3,Static,1,28,84
Medium_Urban,3,Static,1,29,84
Medium_Urban,3,Static,9,0,84
Medium_Urban,3,Static,9,1,84
Medium_Urban,3,Static,9,2,84
Medium_Urban,3,Static,9,3,84
Medium_Urban,3,Static,9,4,84
Medium_Urban,3,Static,9,5,84
Medium_Urban,3,Static,9,6,84
Medium_Urban,3,Static,9,7,84
Medium_Urban,3,Static,9,8,84
Medium_Urban,3,Static,9,9,84
Medium_Urban,3,Static,9,10,84
Medium_Urban,3,Static,9,11,84
Medium_Urban,3,Static,9,12,84
Medium_Urban,3,Static,9,13,84
Medium_Urban,3,Static,9,14,84
Medium_Urban,3,Static,9,15,84
Medium_Urban,3,Static,9,16,84
Medium_Urban,3,Static,9,17,84
Medium_Urban,3,Static,9,18,84
Medium_Urban,3,Static,9,19,84
Medium_Urban,3,Static,9,20,84
Medium_Urban,3,Static,9,21,84
Medium_Urban,3,Static,9,22,84
Medium_Urban,3,Static,9,23,84
Medium_Urban,3,Static,9,24,84
Medium_Urban,3,Static,9,25,84
Medium_Urban,3,Static,9,26,84
Medium_Urban,3,Static,9,27,84
Medium_Urban,3,Static,9,28,84
Medium_Urban,3,Static,9,29,84
Medium_Urban,3,Static,7,0,84
Medium_Urban,3,Static,7,1,84
Medium_Urban,3,Static,7,2,84
Medium_Urban,3,Static,7,3,84
Medium_Urban,3,Static,7,4,84
Medium_Urban,3,Static,7,5,84
Medium_Urban,3,Static,7,6,84
Medium_Urban,3,Static,7,7,84
Medium_Urban,3,Static,7,8,84
Medium_Urban,3,Static,7,9,84
Medium_Urban,3,Static,7,10,84
Medium_Urban,3,Static,7,11,84
Medium_Urban,3,Static,7,12,84
Medium_Urban,3,Static,7,13,84
Medium_Urban,3,Static,7,14,84
Medium_Urban,3,Static,7,15,84
Medium_Urban,3,Static,7,16,84
Medium_Urban,3,Static,7,17,84
Medium_Urban,3,Static,7,18,84
Medium_Urban,3,Static,7,19,84
Medium_Urban,3,Static,7,20,84
Medium_Urban,3,Static,7,21,84
Medium_Urban,3,Static,7,22,84
Medium_Urban,3,Static,7,23,84
Medium_Urban,3,Static,7,24,84
Medium_Urban,3,Static,7,25,84
Medium_Urban,3,Static,7,26,84
Medium_Urban,3,Static,7,27,84
Medium_Urban,3,Static,7,28,84
Medium_Urban,3,Static,7,29,84
Medium_Urban,3,Dynamic,4,0,100
Medium_Urban,3,Dynamic,4,1,100
Medium_Urban,3,Dynamic,4,2,100
Medium_Urban,3,Dynamic,4,3,100
Medium_Urban,3,Dynamic,4,4,100
Medium_Urban,3,Dynamic,4,5,100
Medium_Urban,3,Dynamic,4,6,100
Medium_Urban,3,Dynamic,4,7,100
Medium_Urban,3,Dynamic,4,8,100
Medium_Urban,3,Dynamic,4,9,100
Medium_Urban,3,Dynamic,4,10,100
Medium_Urban,3,Dynamic,4,11,100
Medium_Urban,3,Dynamic,4,12,100
Medium_Urban,3,Dynamic,4,13,100
Medium_Urban,3,Dynamic,4,14,100
Medium_Urban,3,Dynamic,4,15,100
Medium_Urban,3,Dynamic,4,16,100
Medium_Urban,3,Dynamic,4,17,100
Medium_Urban,3,Dynamic,4,18,100
Medium_Urban,3,Dynamic,4,19,100
Medium_Urban,3,Dynamic,4,20,100
Medium_Urban,3,Dynamic,4,21,100
Medium_Urban,3,Dynamic,4,22,100
Medium_Urban,3,Dynamic,4,23,100
Medium_Urban,3,Dynamic,4,24,100
Medium_Urban,3,Dynamic,4,25,100
Medium_Urban,3,Dynamic,4,26,100
Medium_Urban,3,Dynamic,4,27,100
Medium_Urban,3,Dynamic,4,28,100
Medium_Urban,3,Dynamic,4,29,100
Medium_Urban,3,Dynamic,1,0,100
Medium_Urban,3,Dynamic,1,1,100
Medium_Urban,3,Dynamic,1,2,100
Medium_Urban,3,Dynamic,1,3,100
Medium_Urban,3,Dynamic,1,4,100
Medium_Urban,3,Dynamic,1,5,100
Medium_Urban,3,Dynamic,1,6,100
Medium_Urban,3,Dynamic,1,7,100
Medium_Urban,3,Dynamic,1,8,100
Medium_Urban,3,Dynamic,1,9,100
Medium_Urban,3,Dynamic,1,10,100
Medium_Urban,3,Dynamic,1,11,100
Medium_Urban,3,Dynamic,1,12,100
Medium_Urban,3,Dynamic,1,13,100
Medium_Urban,3,Dynamic,1,14,100
Medium_Urban,3,Dynamic,1,15,100
Medium_Urban,3,Dynamic,1,16,100
Medium_Urban,3,Dynamic,1,17,100
Medium_Urban,3,Dynamic,1,18,100
Medium_Urban,3,Dynamic,1,19,100
Medium_Urban,3,Dynamic,1,20,100
Medium_Urban,3,Dynamic,1,21,100
Medium_Urban,3,Dynamic,1,22,100
Medium_Urban,3,Dynamic,1,23,100
Medium_Urban,3,Dynamic,1,24,100
Medium_Urban,3,Dynamic,1,25,100
Medium_Urban,3,Dynamic,1,26,100
Medium_Urban,3,Dynamic,1,27,100
Medium_Urban,3,Dynamic,1,28,100
Medium_Urban,3,Dynamic,1,29,100
Medium_Urban,3,Dynamic,8,0,100
Medium_Urban,3,Dynamic,8,1,100
Medium_Urban,3,Dynamic,8,2,100
Medium_Urban,3,Dynamic,8,3,100
Medium_Urban,3,Dynamic,8,4,100
Medium_Urban,3,Dynamic,8,5,100
Medium_Urban,3,Dynamic,8,6,100
Medium_Urban,3,Dynamic,8,7,100
Medium_Urban,3,Dynamic,8,8,100
Medium_Urban,3,Dynamic,8,9,100
Medium_Urban,3,Dynamic,8,10,100
Medium_Urban,3,Dynamic,8,11,100
Medium_Urban,3,Dynamic,8,12,100
Medium_Urban,3,Dynamic,8,13,100
Medium_Urban,3,Dynamic,8,14,100
Medium_Urban,3,Dynamic,8,15,100
Medium_Urban,3,Dynamic,8,16,100
Medium_Urban,3,Dynamic,8,17,100
Medium_Urban,3,Dynamic,8,18,100
Medium_Urban,3,Dynamic,8,19,100
Medium_Urban,3,Dynamic,8,20,100
Medium_Urban,3,Dynamic,8,21,100
Medium_Urban,3,Dynamic,8,22,100
Medium_Urban,3,Dynamic,8,23,100
Medium_Urban,3,Dynamic,8,24,100
Medium_Urban,3,Dynamic,8,25,100
Medium_Urban,3,Dynamic,8,26,100
Medium_Urban,3,Dynamic,8,27,100
Medium_Urban,3,Dynamic,8,28,100
Medium_Urban,3,Dynamic,8,29,100
Medium_Urban,3,Dynamic,9,0,100
Medium_Urban,3,Dynamic,9,1,100
Medium_Urban,3,Dynamic,9,2,100
Medium_Urban,3,Dynamic,9,3,100
Medium_Urban,3,Dynamic,9,4,100
Medium_Urban,3,Dynamic,9,5,100
Medium_Urban,3,Dynamic,9,6,100
Medium_Urban,3,Dynamic,9,7,100
Medium_Urban,3,Dynamic,9,8,100
Medium_Urban,3,Dynamic,9,9,100
Medium_Urban,3,Dynamic,9,10,100
Medium_Urban,3,Dynamic,9,11,100
Medium_Urban,3,Dynamic,9,12,100
Medium_Urban,3,Dynamic,9,13,100
Medium_Urban,3,Dynamic,9,14,100
Medium_Urban,3,Dynamic,9,15,100
Medium_Urban,3,Dynamic,9,16,100
Medium_Urban,3,Dynamic,9,17,100
Medium_Urban,3,Dynamic,9,18,100
Medium_Urban,3,Dynamic,9,19,100
Medium_Urban,3,Dynamic,9,20,100
Medium_Urban,3,Dynamic,9,21,100
Medium_Urban,3,Dynamic,9,22,100
Medium_Urban,3,Dynamic,9,23,100
Medium_Urban,3,Dynamic,9,24,100
Medium_Urban,3,Dynamic,9,25,100
Medium_Urban,3,Dynamic,9,26,100
Medium_Urban,3,Dynamic,9,27,100
Medium_Urban,3,Dynamic,9,28,100
Medium_Urban,3,Dynamic,9,29,100
Medium_Urban,3,Dynamic,7,0,100
Medium_Urban,3,Dynamic,7,1,100
Medium_Urban,3,Dynamic,7,2,100
Medium_Urban,3,Dynamic,7,3,100
Medium_Urban,3,Dynamic,7,4,100
Medium_Urban,3,Dynamic,7,5,100
Medium_Urban,3,Dynamic,7,6,100
Medium_Urban,3,Dynamic,7,7,100
Medium_Urban,3,Dynamic,7,8,100
Medium_Urban,3,Dynamic,7,9,100
Medium_Urban,3,Dynamic,7,10,100
Medium_Urban,3,Dynamic,7,11,100
Medium_Urban,3,Dynamic,7,12,100
Medium_Urban,3,Dynamic,7,13,100
Medium_Urban,3,Dynamic,7,14,100
Medium_Urban,3,Dynamic,7,15,100
Medium_Urban,3,Dynamic,7,16,100
Medium_Urban,3,Dynamic,7,17,100
Medium_Urban,3,Dynamic,7,18,100
Medium_Urban,3,Dynamic,7,19,100
Medium_Urban,3,Dynamic,7,20,100
Medium_Urban,3,Dynamic,7,21,100
Medium_Urban,3,Dynamic,7,22,100
Medium_Urban,3,Dynamic,7,23,100
Medium_Urban,3,Dynamic,7,24,100
Medium_Urban,3,Dynamic,7,25,100
Medium_Urban,3,Dynamic,7,26,100
Medium_Urban,3,Dynamic,7,27,100
Medium_Urban,3,Dynamic,7,28,100
Medium_Urban,3,Dynamic,7,29,100
Medium_Urban,3,Dynamic,6,0,100
Medium_Urban,3,Dynamic,6,1,100
Medium_Urban,3,Dynamic,6,2,100
Medium_Urban,3,Dynamic,6,3,100
Medium_Urban,3,Dynamic,6,4,100
Medium_Urban,3,Dynamic,6,5,100
Medium_Urban,3,Dynamic,6,6,100
Medium_Urban,3,Dynamic,6,7,100
Medium_Urban,3,Dynamic,6,8,100
Medium_Urban,3,Dynamic,6,9,100
Medium_Urban,3,Dynamic,6,10,100
Medium_Urban,3,Dynamic,6,11,100
Medium_Urban,3,Dynamic,6,12,100
Medium_Urban,3,Dynamic,6,13,100
Medium_Urban,3,Dynamic,6,14,100
Medium_Urban,3,Dynamic,6,15,100
Medium_Urban,3,Dynamic,6,16,100
Medium_Urban,3,Dynamic,6,17,100
Medium_Urban,3,Dynamic,6,18,100
Medium_Urban,3,Dynamic,6,19,100
Medium_Urban,3,Dynamic,6,20,100
Medium_Urban,3,Dynamic,6,21,100
Medium_Urban,3,Dynamic,6,22,100
Medium_Urban,3,Dynamic,6,23,100
Medium_Urban,3,Dynamic,6,24,100
Medium_Urban,3,Dynamic,6,25,100
Medium_Urban,3,Dynamic,6,26,100
Medium_Urban,3,Dynamic,6,27,100
Medium_Urban,3,Dynamic,6,28,100
Medium_Urban,3,Dynamic,6,29,100
Medium_Urban,3,Dynamic,2,0,100
Medium_Urban,3,Dynamic,2,1,100
Medium_Urban,3,Dynamic,2,2,100
Medium_Urban,3,Dynamic,2,3,100
Medium_Urban,3,Dynamic,2,4,100
Medium_Urban,3,Dynamic,2,5,100
Medium_Urban,3,Dynamic,2,6,100
Medium_Urban,3,Dynamic,2,7,100
Medium_Urban,3,Dynamic,2,8,100
Medium_Urban,3,Dynamic,2,9,100
Medium_Urban,3,Dynamic,2,10,100
Medium_Urban,3,Dynamic,2,11,100
Medium_Urban,3,Dynamic,2,12,100
Medium_Urban,3,Dynamic,2,13,100
Medium_Urban,3,Dynamic,2,14,100
Medium_Urban,3,Dynamic,2,15,100
Medium_Urban,3,Dynamic,2,16,100
Medium_Urban,3,Dynamic,2,17,100
Medium_Urban,3,Dynamic,2,18,100
Medium_Urban,3,Dynamic,2,19,100
Medium_Urban,3,Dynamic,2,20,100
Medium_Urban,3,Dynamic,2,21,100
Medium_Urban,3,Dynamic,2,22,100
Medium_Urban,3,Dynamic,2,23,100
Medium_Urban,3,Dynamic,2,24,100
Medium_Urban,3,Dynamic,2,25,100
Medium_Urban,3,Dynamic,2,26,100
Medium_Urban,3,Dynamic,2,27,100
Medium_Urban,3,Dynamic,2,28,100
Medium_Urban,3,Dynamic,2,29,100
Medium_Urban,3,Dynamic,5,0,100
Medium_Urban,3,Dynamic,5,1,100
Medium_Urban,3,Dynamic,5,2,100
Medium_Urban,3,Dynamic,5,3,100
Medium_Urban,3,Dynamic,5,4,100
Medium_Urban,3,Dynamic,5,5,100
Medium_Urban,3,Dynamic,5,6,100
Medium_Urban,3,Dynamic,5,7,100
Medium_Urban,3,Dynamic,5,8,100
Medium_Urban,3,Dynamic,5,9,100
Medium_Urban,3,Dynamic,5,10,100
Medium_Urban,3,Dynamic,5,11,100
Medium_Urban,3,Dynamic,5,12,100
Medium_Urban,3,Dynamic,5,13,100
Medium_Urban,3,Dynamic,5,14,100
Medium_Urban,3,Dynamic,5,15,100
Medium_Urban,3,Dynamic,5,16,100
Medium_Urban,3,Dynamic,5,17,100
Medium_Urban,3,Dynamic,5,18,100
Medium_Urban,3,Dynamic,5,19,100
Medium_Urban,3,Dynamic,5,20,100
Medium_Urban,3,Dynamic,5,21,100
Medium_Urban,3,Dynamic,5,22,100
Medium_Urban,3,Dynamic,5,23,100
Medium_Urban,3,Dynamic,5,24,100
Medium_Urban,3,Dynamic,5,25,100
Medium_Urban,3,Dynamic,5,26,100
Medium_Urban,3,Dynamic,5,27,100
Medium_Urban,3,Dynamic,5,28,100
Medium_Urban,3,Dynamic,5,29,100
Medium_Urban,3,Dynamic,3,0,100
Medium_Urban,3,Dynamic,3,1,100
Medium_Urban,3,Dynamic,3,2,100
Medium_Urban,3,Dynamic,3,3,100
Medium_Urban,3,Dynamic,3,4,100
Medium_Urban,3,Dynamic,3,5,100
Medium_Urban,3,Dynamic,3,6,100
Medium_Urban,3,Dynamic,3,7,100
Medium_Urban,3,Dynamic,3,8,100
Medium_Urban,3,Dynamic,3,9,100
Medium_Urban,3,Dynamic,3,10,100
Medium_Urban,3,Dynamic,3,11,100
Medium_Urban,3,Dynamic,3,12,100
Medium_Urban,3,Dynamic,3,13,100
Medium_Urban,3,Dynamic,3,14,100
Medium_Urban,3,Dynamic,3,15,100
Medium_Urban,3,Dynamic,3,16,100
Medium_Urban,3,Dynamic,3,17,100
Medium_Urban,3,Dynamic,3,18,100
Medium_Urban,3,Dynamic,3,19,100
Medium_Urban,3,Dynamic,3,20,100
Medium_Urban,3,Dynamic,3,21,100
Medium_Urban,3,Dynamic,3,22,100
Medium_Urban,3,Dynamic,3,23,100
Medium_Urban,3,Dynamic,3,24,100
Medium_Urban,3,Dynamic,3,25,100
Medium_Urban,3,Dynamic,3,26,100
Medium_Urban,3,Dynamic,3,27,100
Medium_Urban,3,Dynamic,3,28,100
Medium_Urban,3,Dynamic,3,29,100
Medium_Urban,3,Dynamic,10,0,100
Medium_Urban,3,Dynamic,10,1,100
Medium_Urban,3,Dynamic,10,2,100
Medium_Urban,3,Dynamic,10,3,100
Medium_Urban,3,Dynamic,10,4,100
Medium_Urban,3,Dynamic,10,5,100
Medium_Urban,3,Dynamic,10,6,100
Medium_Urban,3,Dynamic,10,7,100
Medium_Urban,3,Dynamic,10,8,100
Medium_Urban,3,Dynamic,10,9,100
Medium_Urban,3,Dynamic,10,10,100
Medium_Urban,3,Dynamic,10,11,100
Medium_Urban,3,Dynamic,10,12,100
Medium_Urban,3,Dynamic,10,13,100
Medium_Urban,3,Dynamic,10,14,100
Medium_Urban,3,Dynamic,10,15,100
Medium_Urban,3,Dynamic,10,16,100
Medium_Urban,3,Dynamic,10,17,100
Medium_Urban,3,Dynamic,10,18,100
Medium_Urban,3,Dynamic,10,19,100
Medium_Urban,3,Dynamic,10,20,100
Medium_Urban,3,Dynamic,10,21,100
Medium_Urban,3,Dynamic,10,22,100
Medium_Urban,3,Dynamic,10,23,100
Medium_Urban,3,Dynamic,10,24,100
Medium_Urban,3,Dynamic,10,25,100
Medium_Urban,3,Dynamic,10,26,100
Medium_Urban,3,Dynamic,10,27,100
Medium_Urban,3,Dynamic,10,28,100
Medium_Urban,3,Dynamic,10,29,100
Medium_Urban,4,Static,2,0,89
Medium_Urban,4,Static,2,1,89
Medium_Urban,4,Static,2,2,89
Medium_Urban,4,Static,2,3,89
Medium_Urban,4,Static,2,4,89
Medium_Urban,4,Static,2,5,89
Medium_Urban,4,Static,2,6,89
Medium_Urban,4,Static,2,7,89
Medium_Urban,4,Static,2,8,89
Medium_Urban,4,Static,2,9,89
Medium_Urban,4,Static,2,10,89
Medium_Urban,4,Static,2,11,89
Medium_Urban,4,Static,2,12,89
Medium_Urban,4,Static,2,13,89
Medium_Urban,4,Static,2,14,89
Medium_Urban,4,Static,2,15,89
Medium_Urban,4,Static,2,16,89
Medium_Urban,4,Static,2,17,89
Medium_Urban,4,Static,2,18,89
Medium_Urban,4,Static,2,19,89
Medium_Urban,4,Static,2,20,89
Medium_Urban,4,Static,2,21,89
Medium_Urban,4,Static,2,22,89
Medium_Urban,4,Static,2,23,89
Medium_Urban,4,Static,2,24,89
Medium_Urban,4,Static,2,25,89
Medium_Urban,4,Static,2,26,89
Medium_Urban,4,Static,2,27,89
Medium_Urban,4,Static,2,28,89
Medium_Urban,4,Static,2,29,89
Medium_Urban,4,Static,1,0,89
Medium_Urban,4,Static,1,1,89
Medium_Urban,4,Static,1,2,89
Medium_Urban,4,Static,1,3,89
Medium_Urban,4,Static,1,4,89
Medium_Urban,4,Static,1,5,89
Medium_Urban,4,Static,1,6,89
Medium_Urban,4,Static,1,7,89
Medium_Urban,4,Static,1,8,89
Medium_Urban,4,Static,1,9,89
Medium_Urban,4,Static,1,10,89
Medium_Urban,4,Static,1,11,89
Medium_Urban,4,Static,1,12,89
Medium_Urban,4,Static,1,13,89
Medium_Urban,4,Static,1,14,89
Medium_Urban,4,Static,1,15,89
Medium_Urban,4,Static,1,16,89
Medium_Urban,4,Static,1,17,89
Medium_Urban,4,Static,1,18,89
Medium_Urban,4,Static,1,19,89
Medium_Urban,4,Static,1,20,89
Medium_Urban,4,Static,1,21,89
Medium_Urban,4,Static,1,22,89
Medium_Urban,4,Static,1,23,89
Medium_Urban,4,Static,1,24,89
Medium_Urban,4,Static,1,25,89
Medium_Urban,4,Static,1,26,89
Medium_Urban,4,Static,1,27,89
Medium_Urban,4,Static,1,28,89
Medium_Urban,4,Static,1,29,89
Medium_Urban,4,Static,3,0,89
Medium_Urban,4,Static,3,1,89
Medium_Urban,4,Static,3,2,89
Medium_Urban,4,Static,3,3,89
Medium_Urban,4,Static,3,4,89
Medium_Urban,4,Static,3,5,89
Medium_Urban,4,Static,3,6,89
Medium_Urban,4,Static,3,7,89
Medium_Urban,4,Static,3,8,89
Medium_Urban,4,Static,3,9,89
Medium_Urban,4,Static,3,10,89
Medium_Urban,4,Static,3,11,89
Medium_Urban,4,Static,3,12,89
Medium_Urban,4,Static,3,13,89
Medium_Urban,4,Static,3,14,89
Medium_Urban,4,Static,3,15,89
Medium_Urban,4,Static,3,16,89
Medium_Urban,4,Static,3,17,89
Medium_Urban,4,Static,3,18,89
Medium_Urban,4,Static,3,19,89
Medium_Urban,4,Static,3,20,89
Medium_Urban,4,Static,3,21,89
Medium_Urban,4,Static,3,22,89
Medium_Urban,4,Static,3,23,89
Medium_Urban,4,Static,3,24,89
Medium_Urban,4,Static,3,25,89
Medium_Urban,4,Static,3,26,89
Medium_Urban,4,Static,3,27,89
Medium_Urban,4,Static,3,28,89
Medium_Urban,4,Static,3,29,89
Medium_Urban,4,Static,6,0,89
Medium_Urban,4,Static,6,1,89
Medium_Urban,4,Static,6,2,89
Medium_Urban,4,Static,6,3,89
Medium_Urban,4,Static,6,4,89
Medium_Urban,4,Static,6,5,89
Medium_Urban,4,Static,6,6,89
Medium_Urban,4,Static,6,7,89
Medium_Urban,4,Static,6,8,89
Medium_Urban,4,Static,6,9,89
Medium_Urban,4,Static,6,10,89
Medium_Urban,4,Static,6,11,89
Medium_Urban,4,Static,6,12,89
Medium_Urban,4,Static,6,13,89
Medium_Urban,4,Static,6,14,89
Medium_Urban,4,Static,6,15,89
Medium_Urban,4,Static,6,16,89
Medium_Urban,4,Static,6,17,89
Medium_Urban,4,Static,6,18,89
Medium_Urban,4,Static,6,19,89
Medium_Urban,4,Static,6,20,89
Medium_Urban,4,Static,6,21,89
Medium_Urban,4,Static,6,22,89
Medium_Urban,4,Static,6,23,89
Medium_Urban,4,Static,6,24,89
Medium_Urban,4,Static,6,25,89
Medium_Urban,4,Static,6,26,89
Medium_Urban,4,Static,6,27,89
Medium_Urban,4,Static,6,28,89
Medium_Urban,4,Static,6,29,89
Medium_Urban,4,Static,4,0,89
Medium_Urban,4,Static,4,1,89
Medium_Urban,4,Static,4,2,89
Medium_Urban,4,Static,4,3,89
Medium_Urban,4,Static,4,4,89
Medium_Urban,4,Static,4,5,89
Medium_Urban,4,Static,4,6,89
Medium_Urban,4,Static,4,7,89
Medium_Urban,4,Static,4,8,89
Medium_Urban,4,Static,4,9,89
Medium_Urban,4,Static,4,10,89
Medium_Urban,4,Static,4,11,89
Medium_Urban,4,Static,4,12,89
Medium_Urban,4,Static,4,13,89
Medium_Urban,4,Static,4,14,89
Medium_Urban,4,Static,4,15,89
Medium_Urban,4,Static,4,16,89
Medium_Urban,4,Static,4,17,89
Medium_Urban,4,Static,4,18,89
Medium_Urban,4,Static,4,19,89
Medium_Urban,4,Static,4,20,89
Medium_Urban,4,Static,4,21,89
Medium_Urban,4,Static,4,22,89
Medium_Urban,4,Static,4,23,89
Medium_Urban,4,Static,4,24,89
Medium_Urban,4,Static,4,25,89
Medium_Urban,4,Static,4,26,89
Medium_Urban,4,Static,4,27,89
Medium_Urban,4,Static,4,28,89
Medium_Urban,4,Static,4,29,89
Medium_Urban,4,Static,7,0,89
Medium_Urban,4,Static,7,1,89
Medium_Urban,4,Static,7,2,89
Medium_Urban,4,Static,7,3,89
Medium_Urban,4,Static,7,4,89
Medium_Urban,4,Static,7,5,89
Medium_Urban,4,Static,7,6,89
Medium_Urban,4,Static,7,7,89
Medium_Urban,4,Static,7,8,89
Medium_Urban,4,Static,7,9,89
Medium_Urban,4,Static,7,10,89
Medium_Urban,4,Static,7,11,89
Medium_Urban,4,Static,7,12,89
Medium_Urban,4,Static,7,13,89
Medium_Urban,4,Static,7,14,89
Medium_Urban,4,Static,7,15,89
Medium_Urban,4,Static,7,16,89
Medium_Urban,4,Static,7,17,89
Medium_Urban,4,Static,7,18,89
Medium_Urban,4,Static,7,19,89
Medium_Urban,4,Static,7,20,89
Medium_Urban,4,Static,7,21,89
Medium_Urban,4,Static,7,22,89
Medium_Urban,4,Static,7,23,89
Medium_Urban,4,Static,7,24,89
Medium_Urban,4,Static,7,25,89
Medium_Urban,4,Static,7,26,89
Medium_Urban,4,Static,7,27,89
Medium_Urban,4,Static,7,28,89
Medium_Urban,4,Static,7,29,89
Medium_Urban,4,Static,10,0,89
Medium_Urban,4,Static,10,1,89
Medium_Urban,4,Static,10,2,89
Medium_Urban,4,Static,10,3,89
Medium_Urban,4,Static,10,4,89
Medium_Urban,4,Static,10,5,89
Medium_Urban,4,Static,10,6,89
Medium_Urban,4,Static,10,7,89
Medium_Urban,4,Static,10,8,89
Medium_Urban,4,Static,10,9,89
Medium_Urban,4,Static,10,10,89
Medium_Urban,4,Static,10,11,89
Medium_Urban,4,Static,10,12,89
Medium_Urban,4,Static,10,13,89
Medium_Urban,4,Static,10,14,89
Medium_Urban,4,Static,10,15,89
Medium_Urban,4,Static,10,16,89
Medium_Urban,4,Static,10,17,89
Medium_Urban,4,Static,10,18,89
Medium_Urban,4,Static,10,19,89
Medium_Urban,4,Static,10,20,89
Medium_Urban,4,Static,10,21,89
Medium_Urban,4,Static,10,22,89
Medium_Urban,4,Static,10,23,89
Medium_Urban,4,Static,10,24,89
Medium_Urban,4,Static,10,25,89
Medium_Urban,4,Static,10,26,89
Medium_Urban,4,Static,10,27,89
Medium_Urban,4,Static,10,28,89
Medium_Urban,4,Static,10,29,89
Medium_Urban,4,Static,9,0,89
Medium_Urban,4,Static,9,1,89
Medium_Urban,4,Static,9,2,89
Medium_Urban,4,Static,9,3,89
Medium_Urban,4,Static,9,4,89
Medium_Urban,4,Static,9,5,89
Medium_Urban,4,Static,9,6,89
Medium_Urban,4,Static,9,7,89
Medium_Urban,4,Static,9,8,89
Medium_Urban,4,Static,9,9,89
Medium_Urban,4,Static,9,10,89
Medium_Urban,4,Static,9,11,89
Medium_Urban,4,Static,9,12,89
Medium_Urban,4,Static,9,13,89
Medium_Urban,4,Static,9,14,89
Medium_Urban,4,Static,9,15,89
Medium_Urban,4,Static,9,16,89
Medium_Urban,4,Static,9,17,89
Medium_Urban,4,Static,9,18,89
Medium_Urban,4,Static,9,19,89
Medium_Urban,4,Static,9,20,89
Medium_Urban,4,Static,9,21,89
Medium_Urban,4,Static,9,22,89
Medium_Urban,4,Static,9,23,89
Medium_Urban,4,Static,9,24,89
Medium_Urban,4,Static,9,25,89
Medium_Urban,4,Static,9,26,89
Medium_Urban,4,Static,9,27,89
Medium_Urban,4,Static,9,28,89
Medium_Urban,4,Static,9,29,89
Medium_Urban,4,Static,5,0,89
Medium_Urban,4,Static,5,1,89
Medium_Urban,4,Static,5,2,89
Medium_Urban,4,Static,5,3,89
Medium_Urban,4,Static,5,4,89
Medium_Urban,4,Static,5,5,89
Medium_Urban,4,Static,5,6,89
Medium_Urban,4,Static,5,7,89
Medium_Urban,4,Static,5,8,89
Medium_Urban,4,Static,5,9,89
Medium_Urban,4,Static,5,10,89
Medium_Urban,4,Static,5,11,89
Medium_Urban,4,Static,5,12,89
Medium_Urban,4,Static,5,13,89
Medium_Urban,4,Static,5,14,89
Medium_Urban,4,Static,5,15,89
Medium_Urban,4,Static,5,16,89
Medium_Urban,4,Static,5,17,89
Medium_Urban,4,Static,5,18,89
Medium_Urban,4,Static,5,19,89
Medium_Urban,4,Static,5,20,89
Medium_Urban,4,Static,5,21,89
Medium_Urban,4,Static,5,22,89
Medium_Urban,4,Static,5,23,89
Medium_Urban,4,Static,5,24,89
Medium_Urban,4,Static,5,25,89
Medium_Urban,4,Static,5,26,89
Medium_Urban,4,Static,5,27,89
Medium_Urban,4,Static,5,28,89
Medium_Urban,4,Static,5,29,89
Medium_Urban,4,Static,8,0,89
Medium_Urban,4,Static,8,1,89
Medium_Urban,4,Static,8,2,89
Medium_Urban,4,Static,8,3,89
Medium_Urban,4,Static,8,4,89
Medium_Urban,4,Static,8,5,89
Medium_Urban,4,Static,8,6,89
Medium_Urban,4,Static,8,7,89
Medium_Urban,4,Static,8,8,89
Medium_Urban,4,Static,8,9,89
Medium_Urban,4,Static,8,10,89
Medium_Urban,4,Static,8,11,89
Medium_Urban,4,Static,8,12,89
Medium_Urban,4,Static,8,13,89
Medium_Urban,4,Static,8,14,89
Medium_Urban,4,Static,8,15,89
Medium_Urban,4,Static,8,16,89
Medium_Urban,4,Static,8,17,89
Medium_Urban,4,Static,8,18,89
Medium_Urban,4,Static,8,19,89
Medium_Urban,4,Static,8,20,89
Medium_Urban,4,Static,8,21,89
Medium_Urban,4,Static,8,22,89
Medium_Urban,4,Static,8,23,89
Medium_Urban,4,Static,8,24,89
Medium_Urban,4,Static,8,25,89
Medium_Urban,4,Static,8,26,89
Medium_Urban,4,Static,8,27,89
Medium_Urban,4,Static,8,28,89
Medium_Urban,4,Static,8,29,89
Medium_Urban,4,Dynamic,7,0,106
Medium_Urban,4,Dynamic,7,1,106
Medium_Urban,4,Dynamic,7,2,106
Medium_Urban,4,Dynamic,7,3,106
Medium_Urban,4,Dynamic,7,4,106
Medium_Urban,4,Dynamic,7,5,106
Medium_Urban,4,Dynamic,7,6,106
Medium_Urban,4,Dynamic,7,7,106
Medium_Urban,4,Dynamic,7,8,106
Medium_Urban,4,Dynamic,7,9,106
Medium_Urban,4,Dynamic,7,10,106
Medium_Urban,4,Dynamic,7,11,106
Medium_Urban,4,Dynamic,7,12,106
Medium_Urban,4,Dynamic,7,13,106
Medium_Urban,4,Dynamic,7,14,106
Medium_Urban,4,Dynamic,7,15,106
Medium_Urban,4,Dynamic,7,16,106
Medium_Urban,4,Dynamic,7,17,106
Medium_Urban,4,Dynamic,7,18,106
Medium_Urban,4,Dynamic,7,19,106
Medium_Urban,4,Dynamic,7,20,106
Medium_Urban,4,Dynamic,7,21,106
Medium_Urban,4,Dynamic,7,22,106
Medium_Urban,4,Dynamic,7,23,106
Medium_Urban,4,Dynamic,7,24,106
Medium_Urban,4,Dynamic,7,25,106
Medium_Urban,4,Dynamic,7,26,106
Medium_Urban,4,Dynamic,7,27,106
Medium_Urban,4,Dynamic,7,28,106
Medium_Urban,4,Dynamic,7,29,106
Medium_Urban,4,Dynamic,6,0,106
Medium_Urban,4,Dynamic,6,1,106
Medium_Urban,4,Dynamic,6,2,106
Medium_Urban,4,Dynamic,6,3,106
Medium_Urban,4,Dynamic,6,4,106
Medium_Urban,4,Dynamic,6,5,106
Medium_Urban,4,Dynamic,6,6,106
Medium_Urban,4,Dynamic,6,7,106
Medium_Urban,4,Dynamic,6,8,106
Medium_Urban,4,Dynamic,6,9,106
Medium_Urban,4,Dynamic,6,10,106
Medium_Urban,4,Dynamic,6,11,106
Medium_Urban,4,Dynamic,6,12,106
Medium_Urban,4,Dynamic,6,13,106
Medium_Urban,4,Dynamic,6,14,106
Medium_Urban,4,Dynamic,6,15,106
Medium_Urban,4,Dynamic,6,16,106
Medium_Urban,4,Dynamic,6,17,106
Medium_Urban,4,Dynamic,6,18,106
Medium_Urban,4,Dynamic,6,19,106
Medium_Urban,4,Dynamic,6,20,106
Medium_Urban,4,Dynamic,6,21,106
Medium_Urban,4,Dynamic,6,22,106
Medium_Urban,4,Dynamic,6,23,106
Medium_Urban,4,Dynamic,6,24,106
Medium_Urban,4,Dynamic,6,25,106
Medium_Urban,4,Dynamic,6,26,106
Medium_Urban,4,Dynamic,6,27,106
Medium_Urban,4,Dynamic,6,28,106
Medium_Urban,4,Dynamic,6,29,106
Medium_Urban,4,Dynamic,5,0,106
Medium_Urban,4,Dynamic,5,1,106
Medium_Urban,4,Dynamic,5,2,106
Medium_Urban,4,Dynamic,5,3,106
Medium_Urban,4,Dynamic,5,4,106
Medium_Urban,4,Dynamic,5,5,106
Medium_Urban,4,Dynamic,5,6,106
Medium_Urban,4,Dynamic,5,7,106
Medium_Urban,4,Dynamic,5,8,106
Medium_Urban,4,Dynamic,5,9,106
Medium_Urban,4,Dynamic,5,10,106
Medium_Urban,4,Dynamic,5,11,106
Medium_Urban,4,Dynamic,5,12,106
Medium_Urban,4,Dynamic,5,13,106
Medium_Urban,4,Dynamic,5,14,106
Medium_Urban,4,Dynamic,5,15,106
Medium_Urban,4,Dynamic,5,16,106
Medium_Urban,4,Dynamic,5,17,106
Medium_Urban,4,Dynamic,5,18,106
Medium_Urban,4,Dynamic,5,19,106
Medium_Urban,4,Dynamic,5,20,106
Medium_Urban,4,Dynamic,5,21,106
Medium_Urban,4,Dynamic,5,22,106
Medium_Urban,4,Dynamic,5,23,106
Medium_Urban,4,Dynamic,5,24,106
Medium_Urban,4,Dynamic,5,25,106
Medium_Urban,4,Dynamic,5,26,106
Medium_Urban,4,Dynamic,5,27,106
Medium_Urban,4,Dynamic,5,28,106
Medium_Urban,4,Dynamic,5,29,106
Medium_Urban,4,Dynamic,2,0,106
Medium_Urban,4,Dynamic,2,1,106
Medium_Urban,4,Dynamic,2,2,106
Medium_Urban,4,Dynamic,2,3,106
Medium_Urban,4,Dynamic,2,4,106
Medium_Urban,4,Dynamic,2,5,106
Medium_Urban,4,Dynamic,2,6,106
Medium_Urban,4,Dynamic,2,7,106
Medium_Urban,4,Dynamic,2,8,106
Medium_Urban,4,Dynamic,2,9,106
Medium_Urban,4,Dynamic,2,10,106
Medium_Urban,4,Dynamic,2,11,106
Medium_Urban,4,Dynamic,2,12,106
Medium_Urban,4,Dynamic,2,13,106
Medium_Urban,4,Dynamic,2,14,106
Medium_Urban,4,Dynamic,2,15,106
Medium_Urban,4,Dynamic,2,16,106
Medium_Urban,4,Dynamic,2,17,106
Medium_Urban,4,Dynamic,2,18,106
Medium_Urban,4,Dynamic,2,19,106
Medium_Urban,4,Dynamic,2,20,106
Medium_Urban,4,Dynamic,2,21,106
Medium_Urban,4,Dynamic,2,22,106
Medium_Urban,4,Dynamic,2,23,106
Medium_Urban,4,Dynamic,2,24,106
Medium_Urban,4,Dynamic,2,25,106
Medium_Urban,4,Dynamic,2,26,106
Medium_Urban,4,Dynamic,2,27,106
Medium_Urban,4,Dynamic,2,28,106
Medium_Urban,4,Dynamic,2,29,106
Medium_Urban,4,Dynamic,8,0,106
Medium_Urban,4,Dynamic,8,1,106
Medium_Urban,4,Dynamic,8,2,106
Medium_Urban,4,Dynamic,8,3,106
Medium_Urban,4,Dynamic,8,4,106
Medium_Urban,4,Dynamic,8,5,106
Medium_Urban,4,Dynamic,8,6,106
Medium_Urban,4,Dynamic,8,7,106
Medium_Urban,4,Dynamic,8,8,106
Medium_Urban,4,Dynamic,8,9,106
Medium_Urban,4,Dynamic,8,10,106
Medium_Urban,4,Dynamic,8,11,106
Medium_Urban,4,Dynamic,8,12,106
Medium_Urban,4,Dynamic,8,13,106
Medium_Urban,4,Dynamic,8,14,106
Medium_Urban,4,Dynamic,8,15,106
Medium_Urban,4,Dynamic,8,16,106
Medium_Urban,4,Dynamic,8,17,106
Medium_Urban,4,Dynamic,8,18,106
Medium_Urban,4,Dynamic,8,19,106
Medium_Urban,4,Dynamic,8,20,106
Medium_Urban,4,Dynamic,8,21,106
Medium_Urban,4,Dynamic,8,22,106
Medium_Urban,4,Dynamic,8,23,106
Medium_Urban,4,Dynamic,8,24,106
Medium_Urban,4,Dynamic,8,25,106
Medium_Urban,4,Dynamic,8,26,106
Medium_Urban,4,Dynamic,8,27,106
Medium_Urban,4,Dynamic,8,28,106
Medium_Urban,4,Dynamic,8,29,106
Medium_Urban,4,Dynamic,9,0,106
Medium_Urban,4,Dynamic,9,1,106
Medium_Urban,4,Dynamic,9,2,106
Medium_Urban,4,Dynamic,9,3,106
Medium_Urban,4,Dynamic,9,4,106
Medium_Urban,4,Dynamic,9,5,106
Medium_Urban,4,Dynamic,9,6,106
Medium_Urban,4,Dynamic,9,7,106
Medium_Urban,4,Dynamic,9,8,106
Medium_Urban,4,Dynamic,9,9,106
Medium_Urban,4,Dynamic,9,10,106
Medium_Urban,4,Dynamic,9,11,106
Medium_Urban,4,Dynamic,9,12,106
Medium_Urban,4,Dynamic,9,13,106
Medium_Urban,4,Dynamic,9,14,106
Medium_Urban,4,Dynamic,9,15,106
Medium_Urban,4,Dynamic,9,16,106
Medium_Urban,4,Dynamic,9,17,106
Medium_Urban,4,Dynamic,9,18,106
Medium_Urban,4,Dynamic,9,19,106
Medium_Urban,4,Dynamic,9,20,106
Medium_Urban,4,Dynamic,9,21,106
Medium_Urban,4,Dynamic,9,22,106
Medium_Urban,4,Dynamic,9,23,106
Medium_Urban,4,Dynamic,9,24,106
Medium_Urban,4,Dynamic,9,25,106
Medium_Urban,4,Dynamic,9,26,106
Medium_Urban,4,Dynamic,9,27,106
Medium_Urban,4,Dynamic,9,28,106
Medium_Urban,4,Dynamic,9,29,106
Medium_Urban,4,Dynamic,10,0,106
Medium_Urban,4,Dynamic,10,1,106
Medium_Urban,4,Dynamic,10,2,106
Medium_Urban,4,Dynamic,10,3,106
Medium_Urban,4,Dynamic,10,4,106
Medium_Urban,4,Dynamic,10,5,106
Medium_Urban,4,Dynamic,10,6,106
Medium_Urban,4,Dynamic,10,7,106
Medium_Urban,4,Dynamic,10,8,106
Medium_Urban,4,Dynamic,10,9,106
Medium_Urban,4,Dynamic,10,10,106
Medium_Urban,4,Dynamic,10,11,106
Medium_Urban,4,Dynamic,10,12,106
Medium_Urban,4,Dynamic,10,13,106
Medium_Urban,4,Dynamic,10,14,106
Medium_Urban,4,Dynamic,10,15,106
Medium_Urban,4,Dynamic,10,16,106
Medium_Urban,4,Dynamic,10,17,106
Medium_Urban,4,Dynamic,10,18,106
Medium_Urban,4,Dynamic,10,19,106
Medium_Urban,4,Dynamic,10,20,106
Medium_Urban,4,Dynamic,10,21,106
Medium_Urban,4,Dynamic,10,22,106
Medium_Urban,4,Dynamic,10,23,106
Medium_Urban,4,Dynamic,10,24,106
Medium_Urban,4,Dynamic,10,25,106
Medium_Urban,4,Dynamic,10,26,106
Medium_Urban,4,Dynamic,10,27,106
Medium_Urban,4,Dynamic,10,28,106
Medium_Urban,4,Dynamic,10,29,106
Medium_Urban,4,Dynamic,4,0,106
Medium_Urban,4,Dynamic,4,1,106
Medium_Urban,4,Dynamic,4,2,106
Medium_Urban,4,Dynamic,4,3,106
Medium_Urban,4,Dynamic,4,4,106
Medium_Urban,4,Dynamic,4,5,106
Medium_Urban,4,Dynamic,4,6,106
Medium_Urban,4,Dynamic,4,7,106
Medium_Urban,4,Dynamic,4,8,106
Medium_Urban,4,Dynamic,4,9,106
Medium_Urban,4,Dynamic,4,10,106
Medium_Urban,4,Dynamic,4,11,106
Medium_Urban,4,Dynamic,4,12,106
Medium_Urban,4,Dynamic,4,13,106
Medium_Urban,4,Dynamic,4,14,106
Medium_Urban,4,Dynamic,4,15,106
Medium_Urban,4,Dynamic,4,16,106
Medium_Urban,4,Dynamic,4,17,106
Medium_Urban,4,Dynamic,4,18,106
Medium_Urban,4,Dynamic,4,19,106
Medium_Urban,4,Dynamic,4,20,106
Medium_Urban,4,Dynamic,4,21,106
Medium_Urban,4,Dynamic,4,22,106
Medium_Urban,4,Dynamic,4,23,106
Medium_Urban,4,Dynamic,4,24,106
Medium_Urban,4,Dynamic,4,25,106
Medium_Urban,4,Dynamic,4,26,106
Medium_Urban,4,Dynamic,4,27,106
Medium_Urban,4,Dynamic,4,28,106
Medium_Urban,4,Dynamic,4,29,106
Medium_Urban,4,Dynamic,3,0,106
Medium_Urban,4,Dynamic,3,1,106
Medium_Urban,4,Dynamic,3,2,106
Medium_Urban,4,Dynamic,3,3,106
Medium_Urban,4,Dynamic,3,4,106
Medium_Urban,4,Dynamic,3,5,106
Medium_Urban,4,Dynamic,3,6,106
Medium_Urban,4,Dynamic,3,7,106
Medium_Urban,4,Dynamic,3,8,106
Medium_Urban,4,Dynamic,3,9,106
Medium_Urban,4,Dynamic,3,10,106
Medium_Urban,4,Dynamic,3,11,106
Medium_Urban,4,Dynamic,3,12,106
Medium_Urban,4,Dynamic,3,13,106
Medium_Urban,4,Dynamic,3,14,106
Medium_Urban,4,Dynamic,3,15,106
Medium_Urban,4,Dynamic,3,16,106
Medium_Urban,4,Dynamic,3,17,106
Medium_Urban,4,Dynamic,3,18,106
Medium_Urban,4,Dynamic,3,19,106
Medium_Urban,4,Dynamic,3,20,106
Medium_Urban,4,Dynamic,3,21,106
Medium_Urban,4,Dynamic,3,22,106
Medium_Urban,4,Dynamic,3,23,106
Medium_Urban,4,Dynamic,3,24,106
Medium_Urban,4,Dynamic,3,25,106
Medium_Urban,4,Dynamic,3,26,106
Medium_Urban,4,Dynamic,3,27,106
Medium_Urban,4,Dynamic,3,28,106
Medium_Urban,4,Dynamic,3,29,106
Medium_Urban,4,Dynamic,1,0,106
Medium_Urban,4,Dynamic,1,1,106
Medium_Urban,4,Dynamic,1,2,106
Medium_Urban,4,Dynamic,1,3,106
Medium_Urban,4,Dynamic,1,4,106
Medium_Urban,4,Dynamic,1,5,106
Medium_Urban,4,Dynamic,1,6,106
Medium_Urban,4,Dynamic,1,7,106
Medium_Urban,4,Dynamic,1,8,106
Medium_Urban,4,Dynamic,1,9,106
Medium_Urban,4,Dynamic,1,10,106
Medium_Urban,4,Dynamic,1,11,106
Medium_Urban,4,Dynamic,1,12,106
Medium_Urban,4,Dynamic,1,13,106
Medium_Urban,4,Dynamic,1,14,106
Medium_Urban,4,Dynamic,1,15,106
Medium_Urban,4,Dynamic,1,16,106
Medium_Urban,4,Dynamic,1,17,106
Medium_Urban,4,Dynamic,1,18,106
Medium_Urban,4,Dynamic,1,19,106
Medium_Urban,4,Dynamic,1,20,106
Medium_Urban,4,Dynamic,1,21,106
Medium_Urban,4,Dynamic,1,22,106
Medium_Urban,4,Dynamic,1,23,106
Medium_Urban,4,Dynamic,1,24,106
Medium_Urban,4,Dynamic,1,25,106
Medium_Urban,4,Dynamic,1,26,106
Medium_Urban,4,Dynamic,1,27,106
Medium_Urban,4,Dynamic,1,28,106
Medium_Urban,4,Dynamic,1,29,106
Medium_Urban,5,Static,4,0,95
Medium_Urban,5,Static,4,1,95
Medium_Urban,5,Static,4,2,95
Medium_Urban,5,Static,4,3,95
Medium_Urban,5,Static,4,4,95
Medium_Urban,5,Static,4,5,95
Medium_Urban,5,Static,4,6,95
Medium_Urban,5,Static,4,7,95
Medium_Urban,5,Static,4,8,95
Medium_Urban,5,Static,4,9,95
Medium_Urban,5,Static,4,10,95
Medium_Urban,5,Static,4,11,95
Medium_Urban,5,Static,4,12,95
Medium_Urban,5,Static,4,13,95
Medium_Urban,5,Static,4,14,95
Medium_Urban,5,Static,4,15,95
Medium_Urban,5,Static,4,16,95
Medium_Urban,5,Static,4,17,95
Medium_Urban,5,Static,4,18,95
Medium_Urban,5,Static,4,19,95
Medium_Urban,5,Static,4,20,95
Medium_Urban,5,Static,4,21,95
Medium_Urban,5,Static,4,22,95
Medium_Urban,5,Static,4,23,95
Medium_Urban,5,Static,4,24,95
Medium_Urban,5,Static,4,25,95
Medium_Urban,5,Static,4,26,95
Medium_Urban,5,Static,4,27,95
Medium_Urban,5,Static,4,28,95
Medium_Urban,5,Static,4,29,95
Medium_Urban,5,Static,6,0,95
Medium_Urban,5,Static,6,1,95
Medium_Urban,5,Static,6,2,95
Medium_Urban,5,Static,6,3,95
Medium_Urban,5,Static,6,4,95
Medium_Urban,5,Static,6,5,95
Medium_Urban,5,Static,6,6,95
Medium_Urban,5,Static,6,7,95
Medium_Urban,5,Static,6,8,95
Medium_Urban,5,Static,6,9,95
Medium_Urban,5,Static,6,10,95
Medium_Urban,5,Static,6,11,95
Medium_Urban,5,Static,6,12,95
Medium_Urban,5,Static,6,13,95
Medium_Urban,5,Static,6,14,95
Medium_Urban,5,Static,6,15,95
Medium_Urban,5,Static,6,16,95
Medium_Urban,5,Static,6,17,95
Medium_Urban,5,Static,6,18,95
Medium_Urban,5,Static,6,19,95
Medium_Urban,5,Static,6,20,95
Medium_Urban,5,Static,6,21,95
Medium_Urban,5,Static,6,22,95
Medium_Urban,5,Static,6,23,95
Medium_Urban,5,Static,6,24,95
Medium_Urban,5,Static,6,25,95
Medium_Urban,5,Static,6,26,95
Medium_Urban,5,Static,6,27,95
Medium_Urban,5,Static,6,28,95
Medium_Urban,5,Static,6,29,95
Medium_Urban,5,Static,2,0,95
Medium_Urban,5,Static,2,1,95
Medium_Urban,5,Static,2,2,95
Medium_Urban,5,Static,2,3,95
Medium_Urban,5,Static,2,4,95
Medium_Urban,5,Static,2,5,95
Medium_Urban,5,Static,2,6,95
Medium_Urban,5,Static,2,7,95
Medium_Urban,5,Static,2,8,95
Medium_Urban,5,Static,2,9,95
Medium_Urban,5,Static,2,10,95
Medium_Urban,5,Static,2,11,95
Medium_Urban,5,Static,2,12,95
Medium_Urban,5,Static,2,13,95
Medium_Urban,5,Static,2,14,95
Medium_Urban,5,Static,2,15,95
Medium_Urban,5,Static,2,16,95
Medium_Urban,5,Static,2,17,95
Medium_Urban,5,Static,2,18,95
Medium_Urban,5,Static,2,19,95
Medium_Urban,5,Static,2,20,95
Medium_Urban,5,Static,2,21,95
Medium_Urban,5,Static,2,22,95
Medium_Urban,5,Static,2,23,95
Medium_Urban,5,Static,2,24,95
Medium_Urban,5,Static,2,25,95
Medium_Urban,5,Static,2,26,95
Medium_Urban,5,Static,2,27,95
Medium_Urban,5,Static,2,28,95
Medium_Urban,5,Static,2,29,95
Medium_Urban,5,Static,5,0,95
Medium_Urban,5,Static,5,1,95
Medium_Urban,5,Static,5,2,95
Medium_Urban,5,Static,5,3,95
Medium_Urban,5,Static,5,4,95
Medium_Urban,5,Static,5,5,95
Medium_Urban,5,Static,5,6,95
Medium_Urban,5,Static,5,7,95
Medium_Urban,5,Static,5,8,95
Medium_Urban,5,Static,5,9,95
Medium_Urban,5,Static,5,10,95
Medium_Urban,5,Static,5,11,95
Medium_Urban,5,Static,5,12,95
Medium_Urban,5,Static,5,13,95
Medium_Urban,5,Static,5,14,95
Medium_Urban,5,Static,5,15,95
Medium_Urban,5,Static,5,16,95
Medium_Urban,5,Static,5,17,95
Medium_Urban,5,Static,5,18,95
Medium_Urban,5,Static,5,19,95
Medium_Urban,5,Static,5,20,95
Medium_Urban,5,Static,5,21,95
Medium_Urban,5,Static,5,22,95
Medium_Urban,5,Static,5,23,95
Medium_Urban,5,Static,5,24,95
Medium_Urban,5,Static,5,25,95
Medium_Urban,5,Static,5,26,95
Medium_Urban,5,Static,5,27,95
Medium_Urban,5,Static,5,28,95
Medium_Urban,5,Static,5,29,95
Medium_Urban,5,Static,1,0,95
Medium_Urban,5,Static,1,1,95
Medium_Urban,5,Static,1,2,95
Medium_Urban,5,Static,1,3,95
Medium_Urban,5,Static,1,4,95
Medium_Urban,5,Static,1,5,95
Medium_Urban,5,Static,1,6,95
Medium_Urban,5,Static,1,7,95
Medium_Urban,5,Static,1,8,95
Medium_Urban,5,Static,1,9,95
Medium_Urban,5,Static,1,10,95
Medium_Urban,5,Static,1,11,95
Medium_Urban,5,Static,1,12,95
Medium_Urban,5,Static,1,13,95
Medium_Urban,5,Static,1,14,95
Medium_Urban,5,Static,1,15,95
Medium_Urban,5,Static,1,16,95
Medium_Urban,5,Static,1,17,95
Medium_Urban,5,Static,1,18,95
Medium_Urban,5,Static,1,19,95
Medium_Urban,5,Static,1,20,95
Medium_Urban,5,Static,1,21,95
Medium_Urban,5,Static,1,22,95
Medium_Urban,5,Static,1,23,95
Medium_Urban,5,Static,1,24,95
Medium_Urban,5,Static,1,25,95
Medium_Urban,5,Static,1,26,95
Medium_Urban,5,Static,1,27,95
Medium_Urban,5,Static,1,28,95
Medium_Urban,5,Static,1,29,95
Medium_Urban,5,Static,7,0,95
Medium_Urban,5,Static,7,1,95
Medium_Urban,5,Static,7,2,95
Medium_Urban,5,Static,7,3,95
Medium_Urban,5,Static,7,4,95
Medium_Urban,5,Static,7,5,95
Medium_Urban,5,Static,7,6,95
Medium_Urban,5,Static,7,7,95
Medium_Urban,5,Static,7,8,95
Medium_Urban,5,Static,7,9,95
Medium_Urban,5,Static,7,10,95
Medium_Urban,5,Static,7,11,95
Medium_Urban,5,Static,7,12,95
Medium_Urban,5,Static,7,13,95
Medium_Urban,5,Static,7,14,95
Medium_Urban,5,Static,7,15,95
Medium_Urban,5,Static,7,16,95
Medium_Urban,5,Static,7,17,95
Medium_Urban,5,Static,7,18,95
Medium_Urban,5,Static,7,19,95
Medium_Urban,5,Static,7,20,95
Medium_Urban,5,Static,7,21,95
Medium_Urban,5,Static,7,22,95
Medium_Urban,5,Static,7,23,95
Medium_Urban,5,Static,7,24,95
Medium_Urban,5,Static,7,25,95
Medium_Urban,5,Static,7,26,95
Medium_Urban,5,Static,7,27,95
Medium_Urban,5,Static,7,28,95
Medium_Urban,5,Static,7,29,95
Medium_Urban,5,Static,3,0,95
Medium_Urban,5,Static,3,1,95
Medium_Urban,5,Static,3,2,95
Medium_Urban,5,Static,3,3,95
Medium_Urban,5,Static,3,4,95
Medium_Urban,5,Static,3,5,95
Medium_Urban,5,Static,3,6,95
Medium_Urban,5,Static,3,7,95
Medium_Urban,5,Static,3,8,95
Medium_Urban,5,Static,3,9,95
Medium_Urban,5,Static,3,10,95
Medium_Urban,5,Static,3,11,95
Medium_Urban,5,Static,3,12,95
Medium_Urban,5,Static,3,13,95
Medium_Urban,5,Static,3,14,95
Medium_Urban,5,Static,3,15,95
Medium_Urban,5,Static,3,16,95
Medium_Urban,5,Static,3,17,95
Medium_Urban,5,Static,3,18,95
Medium_Urban,5,Static,3,19,95
Medium_Urban,5,Static,3,20,95
Medium_Urban,5,Static,3,21,95
Medium_Urban,5,Static,3,22,95
Medium_Urban,5,Static,3,23,95
Medium_Urban,5,Static,3,24,95
Medium_Urban,5,Static,3,25,95
Medium_Urban,5,Static,3,26,95
Medium_Urban,5,Static,3,27,95
Medium_Urban,5,Static,3,28,95
Medium_Urban,5,Static,3,29,95
Medium_Urban,5,Static,8,0,95
Medium_Urban,5,Static,8,1,95
Medium_Urban,5,Static,8,2,95
Medium_Urban,5,Static,8,3,95
Medium_Urban,5,Static,8,4,95
Medium_Urban,5,Static,8,5,95
Medium_Urban,5,Static,8,6,95
Medium_Urban,5,Static,8,7,95
Medium_Urban,5,Static,8,8,95
Medium_Urban,5,Static,8,9,95
Medium_Urban,5,Static,8,10,95
Medium_Urban,5,Static,8,11,95
Medium_Urban,5,Static,8,12,95
Medium_Urban,5,Static,8,13,95
Medium_Urban,5,Static,8,14,95
Medium_Urban,5,Static,8,15,95
Medium_Urban,5,Static,8,16,95
Medium_Urban,5,Static,8,17,95
Medium_Urban,5,Static,8,18,95
Medium_Urban,5,Static,8,19,95
Medium_Urban,5,Static,8,20,95
Medium_Urban,5,Static,8,21,95
Medium_Urban,5,Static,8,22,95
Medium_Urban,5,Static,8,23,95
Medium_Urban,5,Static,8,24,95
Medium_Urban,5,Static,8,25,95
Medium_Urban,5,Static,8,26,95
Medium_Urban,5,Static,8,27,95
Medium_Urban,5,Static,8,28,95
Medium_Urban,5,Static,8,29,95
Medium_Urban,5,Static,9,0,95
Medium_Urban,5,Static,9,1,95
Medium_Urban,5,Static,9,2,95
Medium_Urban,5,Static,9,3,95
Medium_Urban,5,Static,9,4,95
Medium_Urban,5,Static,9,5,95
Medium_Urban,5,Static,9,6,95
Medium_Urban,5,Static,9,7,95
Medium_Urban,5,Static,9,8,95
Medium_Urban,5,Static,9,9,95
Medium_Urban,5,Static,9,10,95
Medium_Urban,5,Static,9,11,95
Medium_Urban,5,Static,9,12,95
Medium_Urban,5,Static,9,13,95
Medium_Urban,5,Static,9,14,95
Medium_Urban,5,Static,9,15,95
Medium_Urban,5,Static,9,16,95
Medium_Urban,5,Static,9,17,95
Medium_Urban,5,Static,9,18,95
Medium_Urban,5,Static,9,19,95
Medium_Urban,5,Static,9,20,95
Medium_Urban,5,Static,9,21,95
Medium_Urban,5,Static,9,22,95
Medium_Urban,5,Static,9,23,95
Medium_Urban,5,Static,9,24,95
Medium_Urban,5,Static,9,25,95
Medium_Urban,5,Static,9,26,95
Medium_Urban,5,Static,9,27,95
Medium_Urban,5,Static,9,28,95
Medium_Urban,5,Static,9,29,95
Medium_Urban,5,Static,10,0,95
Medium_Urban,5,Static,10,1,95
Medium_Urban,5,Static,10,2,95
Medium_Urban,5,Static,10,3,95
Medium_Urban,5,Static,10,4,95
Medium_Urban,5,Static,10,5,95
Medium_Urban,5,Static,10,6,95
Medium_Urban,5,Static,10,7,95
Medium_Urban,5,Static,10,8,95
Medium_Urban,5,Static,10,9,95
Medium_Urban,5,Static,10,10,95
Medium_Urban,5,Static,10,11,95
Medium_Urban,5,Static,10,12,95
Medium_Urban,5,Static,10,13,95
Medium_Urban,5,Static,10,14,95
Medium_Urban,5,Static,10,15,95
Medium_Urban,5,Static,10,16,95
Medium_Urban,5,Static,10,17,95
Medium_Urban,5,Static,10,18,95
Medium_Urban,5,Static,10,19,95
Medium_Urban,5,Static,10,20,95
Medium_Urban,5,Static,10,21,95
Medium_Urban,5,Static,10,22,95
Medium_Urban,5,Static,10,23,95
Medium_Urban,5,Static,10,24,95
Medium_Urban,5,Static,10,25,95
Medium_Urban,5,Static,10,26,95
Medium_Urban,5,Static,10,27,95
Medium_Urban,5,Static,10,28,95
Medium_Urban,5,Static,10,29,95
Medium_Urban,5,Dynamic,10,0,119
Medium_Urban,5,Dynamic,10,1,119
Medium_Urban,5,Dynamic,10,2,119
Medium_Urban,5,Dynamic,10,3,119
Medium_Urban,5,Dynamic,10,4,119
Medium_Urban,5,Dynamic,10,5,119
Medium_Urban,5,Dynamic,10,6,119
Medium_Urban,5,Dynamic,10,7,119
Medium_Urban,5,Dynamic,10,8,119
Medium_Urban,5,Dynamic,10,9,119
Medium_Urban,5,Dynamic,10,10,119
Medium_Urban,5,Dynamic,10,11,119
Medium_Urban,5,Dynamic,10,12,119
Medium_Urban,5,Dynamic,10,13,119
Medium_Urban,5,Dynamic,10,14,119
Medium_Urban,5,Dynamic,10,15,119
Medium_Urban,5,Dynamic,10,16,119
Medium_Urban,5,Dynamic,10,17,119
Medium_Urban,5,Dynamic,10,18,119
Medium_Urban,5,Dynamic,10,19,119
Medium_Urban,5,Dynamic,10,20,119
Medium_Urban,5,Dynamic,10,21,119
Medium_Urban,5,Dynamic,10,22,119
Medium_Urban,5,Dynamic,10,23,119
Medium_Urban,5,Dynamic,10,24,119
Medium_Urban,5,Dynamic,10,25,119
Medium_Urban,5,Dynamic,10,26,119
Medium_Urban,5,Dynamic,10,27,119
Medium_Urban,5,Dynamic,10,28,119
Medium_Urban,5,Dynamic,10,29,119
Medium_Urban,5,Dynamic,6,0,118
Medium_Urban,5,Dynamic,6,1,118
Medium_Urban,5,Dynamic,6,2,119
Medium_Urban,5,Dynamic,6,3,119
Medium_Urban,5,Dynamic,6,4,119
Medium_Urban,5,Dynamic,6,5,119
Medium_Urban,5,Dynamic,6,6,119
Medium_Urban,5,Dynamic,6,7,119
Medium_Urban,5,Dynamic,6,8,119
Medium_Urban,5,Dynamic,6,9,119
Medium_Urban,5,Dynamic,6,10,119
Medium_Urban,5,Dynamic,6,11,119
Medium_Urban,5,Dynamic,6,12,119
Medium_Urban,5,Dynamic,6,13,119
Medium_Urban,5,Dynamic,6,14,119
Medium_Urban,5,Dynamic,6,15,119
Medium_Urban,5,Dynamic,6,16,119
Medium_Urban,5,Dynamic,6,17,119
Medium_Urban,5,Dynamic,6,18,119
Medium_Urban,5,Dynamic,6,19,119
Medium_Urban,5,Dynamic,6,20,119
Medium_Urban,5,Dynamic,6,21,119
Medium_Urban,5,Dynamic,6,22,119
Medium_Urban,5,Dynamic,6,23,119
Medium_Urban,5,Dynamic,6,24,119
Medium_Urban,5,Dynamic,6,25,119
Medium_Urban,5,Dynamic,6,26,119
Medium_Urban,5,Dynamic,6,27,119
Medium_Urban,5,Dynamic,6,28,119
Medium_Urban,5,Dynamic,6,29,119
Medium_Urban,5,Dynamic,2,0,118
Medium_Urban,5,Dynamic,2,1,118
Medium_Urban,5,Dynamic,2,2,119
Medium_Urban,5,Dynamic,2,3,119
Medium_Urban,5,Dynamic,2,4,119
Medium_Urban,5,Dynamic,2,5,119
Medium_Urban,5,Dynamic,2,6,119
Medium_Urban,5,Dynamic,2,7,119
Medium_Urban,5,Dynamic,2,8,119
Medium_Urban,5,Dynamic,2,9,119
Medium_Urban,5,Dynamic,2,10,119
Medium_Urban,5,Dynamic,2,11,119
Medium_Urban,5,Dynamic,2,12,119
Medium_Urban,5,Dynamic,2,13,119
Medium_Urban,5,Dynamic,2,14,119
Medium_Urban,5,Dynamic,2,15,119
Medium_Urban,5,Dynamic,2,16,119
Medium_Urban,5,Dynamic,2,17,119
Medium_Urban,5,Dynamic,2,18,119
Medium_Urban,5,Dynamic,2,19,119
Medium_Urban,5,Dynamic,2,20,119
Medium_Urban,5,Dynamic,2,21,119
Medium_Urban,5,Dynamic,2,22,119
Medium_Urban,5,Dynamic,2,23,119
Medium_Urban,5,Dynamic,2,24,119
Medium_Urban,5,Dynamic,2,25,119
Medium_Urban,5,Dynamic,2,26,119
Medium_Urban,5,Dynamic,2,27,119
Medium_Urban,5,Dynamic,2,28,119
Medium_Urban,5,Dynamic,2,29,119
Medium_Urban,5,Dynamic,1,0,118
Medium_Urban,5,Dynamic,1,1,119
Medium_Urban,5,Dynamic,1,2,119
Medium_Urban,5,Dynamic,1,3,119
Medium_Urban,5,Dynamic,1,4,119
Medium_Urban,5,Dynamic,1,5,119
Medium_Urban,5,Dynamic,1,6,119
Medium_Urban,5,Dynamic,1,7,119
Medium_Urban,5,Dynamic,1,8,119
Medium_Urban,5,Dynamic,1,9,119
Medium_Urban,5,Dynamic,1,10,119
Medium_Urban,5,Dynamic,1,11,119
Medium_Urban,5,Dynamic,1,12,119
Medium_Urban,5,Dynamic,1,13,119
Medium_Urban,5,Dynamic,1,14,119
Medium_Urban,5,Dynamic,1,15,119
Medium_Urban,5,Dynamic,1,16,119
Medium_Urban,5,Dynamic,1,17,119
Medium_Urban,5,Dynamic,1,18,119
Medium_Urban,5,Dynamic,1,19,119
Medium_Urban,5,Dynamic,1,20,119
Medium_Urban,5,Dynamic,1,21,119
Medium_Urban,5,Dynamic,1,22,119
Medium_Urban,5,Dynamic,1,23,119
Medium_Urban,5,Dynamic,1,24,119
Medium_Urban,5,Dynamic,1,25,119
Medium_Urban,5,Dynamic,1,26,119
Medium_Urban,5,Dynamic,1,27,119
Medium_Urban,5,Dynamic,1,28,119
Medium_Urban,5,Dynamic,1,29,119
Medium_Urban,5,Dynamic,9,0,118
Medium_Urban,5,Dynamic,9,1,119
Medium_Urban,5,Dynamic,9,2,119
Medium_Urban,5,Dynamic,9,3,119
Medium_Urban,5,Dynamic,9,4,119
Medium_Urban,5,Dynamic,9,5,119
Medium_Urban,5,Dynamic,9,6,119
Medium_Urban,5,Dynamic,9,7,119
Medium_Urban,5,Dynamic,9,8,119
Medium_Urban,5,Dynamic,9,9,119
Medium_Urban,5,Dynamic,9,10,119
Medium_Urban,5,Dynamic,9,11,119
Medium_Urban,5,Dynamic,9,12,119
Medium_Urban,5,Dynamic,9,13,119
Medium_Urban,5,Dynamic,9,14,119
Medium_Urban,5,Dynamic,9,15,119
Medium_Urban,5,Dynamic,9,16,119
Medium_Urban,5,Dynamic,9,17,119
Medium_Urban,5,Dynamic,9,18,119
Medium_Urban,5,Dynamic,9,19,119
Medium_Urban,5,Dynamic,9,20,119
Medium_Urban,5,Dynamic,9,21,119
Medium_Urban,5,Dynamic,9,22,119
Medium_Urban,5,Dynamic,9,23,119
Medium_Urban,5,Dynamic,9,24,119
Medium_Urban,5,Dynamic,9,25,119
Medium_Urban,5,Dynamic,9,26,119
Medium_Urban,5,Dynamic,9,27,119
Medium_Urban,5,Dynamic,9,28,119
Medium_Urban,5,Dynamic,9,29,119
Medium_Urban,5,Dynamic,3,0,119
Medium_Urban,5,Dynamic,3,1,119
Medium_Urban,5,Dynamic,3,2,119
Medium_Urban,5,Dynamic,3,3,119
Medium_Urban,5,Dynamic,3,4,119
Medium_Urban,5,Dynamic,3,5,119
Medium_Urban,5,Dynamic,3,6,119
Medium_Urban,5,Dynamic,3,7,119
Medium_Urban,5,Dynamic,3,8,119
Medium_Urban,5,Dynamic,3,9,119
Medium_Urban,5,Dynamic,3,10,119
Medium_Urban,5,Dynamic,3,11,119
Medium_Urban,5,Dynamic,3,12,119
Medium_Urban,5,Dynamic,3,13,119
Medium_Urban,5,Dynamic,3,14,119
Medium_Urban,5,Dynamic,3,15,119
Medium_Urban,5,Dynamic,3,16,119
Medium_Urban,5,Dynamic,3,17,119
Medium_Urban,5,Dynamic,3,18,119
Medium_Urban,5,Dynamic,3,19,119
Medium_Urban,5,Dynamic,3,20,119
Medium_Urban,5,Dynamic,3,21,119
Medium_Urban,5,Dynamic,3,22,119
Medium_Urban,5,Dynamic,3,23,119
Medium_Urban,5,Dynamic,3,24,119
Medium_Urban,5,Dynamic,3,25,119
Medium_Urban,5,Dynamic,3,26,119
Medium_Urban,5,Dynamic,3,27,119
Medium_Urban,5,Dynamic,3,28,119
Medium_Urban,5,Dynamic,3,29,119
Medium_Urban,5,Dynamic,8,0,118
Medium_Urban,5,Dynamic,8,1,119
Medium_Urban,5,Dynamic,8,2,119
Medium_Urban,5,Dynamic,8,3,119
Medium_Urban,5,Dynamic,8,4,119
Medium_Urban,5,Dynamic,8,5,119
Medium_Urban,5,Dynamic,8,6,119
Medium_Urban,5,Dynamic,8,7,119
Medium_Urban,5,Dynamic,8,8,119
Medium_Urban,5,Dynamic,8,9,119
Medium_Urban,5,Dynamic,8,10,119
Medium_Urban,5,Dynamic,8,11,119
Medium_Urban,5,Dynamic,8,12,119
Medium_Urban,5,Dynamic,8,13,119
Medium_Urban,5,Dynamic,8,14,119
Medium_Urban,5,Dynamic,8,15,119
Medium_Urban,5,Dynamic,8,16,119
Medium_Urban,5,Dynamic,8,17,119
Medium_Urban,5,Dynamic,8,18,119
Medium_Urban,5,Dynamic,8,19,119
Medium_Urban,5,Dynamic,8,20,119
Medium_Urban,5,Dynamic,8,21,119
Medium_Urban,5,Dynamic,8,22,119
Medium_Urban,5,Dynamic,8,23,119
Medium_Urban,5,Dynamic,8,24,119
Medium_Urban,5,Dynamic,8,25,119
Medium_Urban,5,Dynamic,8,26,119
Medium_Urban,5,Dynamic,8,27,119
Medium_Urban,5,Dynamic,8,28,119
Medium_Urban,5,Dynamic,8,29,119
Medium_Urban,5,Dynamic,5,0,119
Medium_Urban,5,Dynamic,5,1,119
Medium_Urban,5,Dynamic,5,2,119
Medium_Urban,5,Dynamic,5,3,119
Medium_Urban,5,Dynamic,5,4,119
Medium_Urban,5,Dynamic,5,5,119
Medium_Urban,5,Dynamic,5,6,119
Medium_Urban,5,Dynamic,5,7,119
Medium_Urban,5,Dynamic,5,8,119
Medium_Urban,5,Dynamic,5,9,119
Medium_Urban,5,Dynamic,5,10,119
Medium_Urban,5,Dynamic,5,11,119
Medium_Urban,5,Dynamic,5,12,119
Medium_Urban,5,Dynamic,5,13,119
Medium_Urban,5,Dynamic,5,14,119
Medium_Urban,5,Dynamic,5,15,119
Medium_Urban,5,Dynamic,5,16,119
Medium_Urban,5,Dynamic,5,17,119
Medium_Urban,5,Dynamic,5,18,119
Medium_Urban,5,Dynamic,5,19,119
Medium_Urban,5,Dynamic,5,20,119
Medium_Urban,5,Dynamic,5,21,119
Medium_Urban,5,Dynamic,5,22,119
Medium_Urban,5,Dynamic,5,23,119
Medium_Urban,5,Dynamic,5,24,119
Medium_Urban,5,Dynamic,5,25,119
Medium_Urban,5,Dynamic,5,26,119
Medium_Urban,5,Dynamic,5,27,119
Medium_Urban,5,Dynamic,5,28,119
Medium_Urban,5,Dynamic,5,29,119
Medium_Urban,5,Dynamic,7,0,119
Medium_Urban,5,Dynamic,7,1,119
Medium_Urban,5,Dynamic,7,2,119
Medium_Urban,5,Dynamic,7,3,119
Medium_Urban,5,Dynamic,7,4,119
Medium_Urban,5,Dynamic,7,5,119
Medium_Urban,5,Dynamic,7,6,119
Medium_Urban,5,Dynamic,7,7,119
Medium_Urban,5,Dynamic,7,8,119
Medium_Urban,5,Dynamic,7,9,119
Medium_Urban,5,Dynamic,7,10,119
Medium_Urban,5,Dynamic,7,11,119
Medium_Urban,5,Dynamic,7,12,119
Medium_Urban,5,Dynamic,7,13,119
Medium_Urban,5,Dynamic,7,14,119
Medium_Urban,5,Dynamic,7,15,119
Medium_Urban,5,Dynamic,7,16,119
Medium_Urban,5,Dynamic,7,17,119
Medium_Urban,5,Dynamic,7,18,119
Medium_Urban,5,Dynamic,7,19,119
Medium_Urban,5,Dynamic,7,20,119
Medium_Urban,5,Dynamic,7,21,119
Medium_Urban,5,Dynamic,7,22,119
Medium_Urban,5,Dynamic,7,23,119
Medium_Urban,5,Dynamic,7,24,119
Medium_Urban,5,Dynamic,7,25,119
Medium_Urban,5,Dynamic,7,26,119
Medium_Urban,5,Dynamic,7,27,119
Medium_Urban,5,Dynamic,7,28,119
Medium_Urban,5,Dynamic,7,29,119
Medium_Urban,5,Dynamic,4,0,119
Medium_Urban,5,Dynamic,4,1,119
Medium_Urban,5,Dynamic,4,2,119
Medium_Urban,5,Dynamic,4,3,119
Medium_Urban,5,Dynamic,4,4,119
Medium_Urban,5,Dynamic,4,5,119
Medium_Urban,5,Dynamic,4,6,119
Medium_Urban,5,Dynamic,4,7,119
Medium_Urban,5,Dynamic,4,8,119
Medium_Urban,5,Dynamic,4,9,119
Medium_Urban,5,Dynamic,4,10,119
Medium_Urban,5,Dynamic,4,11,119
Medium_Urban,5,Dynamic,4,12,119
Medium_Urban,5,Dynamic,4,13,119
Medium_Urban,5,Dynamic,4,14,119
Medium_Urban,5,Dynamic,4,15,119
Medium_Urban,5,Dynamic,4,16,119
Medium_Urban,5,Dynamic,4,17,119
Medium_Urban,5,Dynamic,4,18,119
Medium_Urban,5,Dynamic,4,19,119
Medium_Urban,5,Dynamic,4,20,119
Medium_Urban,5,Dynamic,4,21,119
Medium_Urban,5,Dynamic,4,22,119
Medium_Urban,5,Dynamic,4,23,119
Medium_Urban,5,Dynamic,4,24,119
Medium_Urban,5,Dynamic,4,25,119
Medium_Urban,5,Dynamic,4,26,119
Medium_Urban,5,Dynamic,4,27,119
Medium_Urban,5,Dynamic,4,28,119
Medium_Urban,5,Dynamic,4,29,119
High_Congestion,1,Static,4,0,152
High_Congestion,1,Static,4,1,152
High_Congestion,1,Static,4,2,152
High_Congestion,1,Static,4,3,152
High_Congestion,1,Static,4,4,152
High_Congestion,1,Static,4,5,152
High_Congestion,1,Static,4,6,152
High_Congestion,1,Static,4,7,152
High_Congestion,1,Static,4,8,152
High_Congestion,1,Static,4,9,152
High_Congestion,1,Static,4,10,152
High_Congestion,1,Static,4,11,152
High_Congestion,1,Static,4,12,152
High_Congestion,1,Static,4,13,152
High_Congestion,1,Static,4,14,152
High_Congestion,1,Static,4,15,152
High_Congestion,1,Static,4,16,152
High_Congestion,1,Static,4,17,152
High_Congestion,1,Static,4,18,152
High_Congestion,1,Static,4,19,152
High_Congestion,1,Static,4,20,152
High_Congestion,1,Static,4,21,152
High_Congestion,1,Static,4,22,152
High_Congestion,1,Static,4,23,152
High_Congestion,1,Static,4,24,152
High_Congestion,1,Static,4,25,152
High_Congestion,1,Static,4,26,152
High_Congestion,1,Static,4,27,152
High_Congestion,1,Static,4,28,152
High_Congestion,1,Static,4,29,152
High_Congestion,1,Static,8,0,152
High_Congestion,1,Static,8,1,152
High_Congestion,1,Static,8,2,152
High_Congestion,1,Static,8,3,152
High_Congestion,1,Static,8,4,152
High_Congestion,1,Static,8,5,152
High_Congestion,1,Static,8,6,152
High_Congestion,1,Static,8,7,152
High_Congestion,1,Static,8,8,152
High_Congestion,1,Static,8,9,152
High_Congestion,1,Static,8,10,152
High_Congestion,1,Static,8,11,152
High_Congestion,1,Static,8,12,152
High_Congestion,1,Static,8,13,152
High_Congestion,1,Static,8,14,152
High_Congestion,1,Static,8,15,152
High_Congestion,1,Static,8,16,152
High_Congestion,1,Static,8,17,152
High_Congestion,1,Static,8,18,152
High_Congestion,1,Static,8,19,152
High_Congestion,1,Static,8,20,152
High_Congestion,1,Static,8,21,152
High_Congestion,1,Static,8,22,152
High_Congestion,1,Static,8,23,152
High_Congestion,1,Static,8,24,152
High_Congestion,1,Static,8,25,152
High_Congestion,1,Static,8,26,152
High_Congestion,1,Static,8,27,152
High_Congestion,1,Static,8,28,152
High_Congestion,1,Static,8,29,152
High_Congestion,1,Static,6,0,152
High_Congestion,1,Static,6,1,152
High_Congestion,1,Static,6,2,152
High_Congestion,1,Static,6,3,152
High_Congestion,1,Static,6,4,152
High_Congestion,1,Static,6,5,152
High_Congestion,1,Static,6,6,152
High_Congestion,1,Static,6,7,152
High_Congestion,1,Static,6,8,152
High_Congestion,1,Static,6,9,152
High_Congestion,1,Static,6,10,152
High_Congestion,1,Static,6,11,152
High_Congestion,1,Static,6,12,152
High_Congestion,1,Static,6,13,152
High_Congestion,1,Static,6,14,152
High_Congestion,1,Static,6,15,152
High_Congestion,1,Static,6,16,152
High_Congestion,1,Static,6,17,152
High_Congestion,1,Static,6,18,152
High_Congestion,1,Static,6,19,152
High_Congestion,1,Static,6,20,152
High_Congestion,1,Static,6,21,152
High_Congestion,1,Static,6,22,152
High_Congestion,1,Static,6,23,152
High_Congestion,1,Static,6,24,152
High_Congestion,1,Static,6,25,152
High_Congestion,1,Static,6,26,152
High_Congestion,1,Static,6,27,152
High_Congestion,1,Static,6,28,152
High_Congestion,1,Static,6,29,152
High_Congestion,1,Static,3,0,152
High_Congestion,1,Static,3,1,152
High_Congestion,1,Static,3,2,152
High_Congestion,1,Static,3,3,152
High_Congestion,1,Static,3,4,152
High_Congestion,1,Static,3,5,152
High_Congestion,1,Static,3,6,152
High_Congestion,1,Static,3,7,152
High_Congestion,1,Static,3,8,152
High_Congestion,1,Static,3,9,152
High_Congestion,1,Static,3,10,152
High_Congestion,1,Static,3,11,152
High_Congestion,1,Static,3,12,152
High_Congestion,1,Static,3,13,152
High_Congestion,1,Static,3,14,152
High_Congestion,1,Static,3,15,152
High_Congestion,1,Static,3,16,152
High_Congestion,1,Static,3,17,152
High_Congestion,1,Static,3,18,152
High_Congestion,1,Static,3,19,152
High_Congestion,1,Static,3,20,152
High_Congestion,1,Static,3,21,152
High_Congestion,1,Static,3,22,152
High_Congestion,1,Static,3,23,152
High_Congestion,1,Static,3,24,152
High_Congestion,1,Static,3,25,152
High_Congestion,1,Static,3,26,152
High_Congestion,1,Static,3,27,152
High_Congestion,1,Static,3,28,152
High_Congestion,1,Static,3,29,152
High_Congestion,1,Static,7,0,152
High_Congestion,1,Static,7,1,152
High_Congestion,1,Static,7,2,152
High_Congestion,1,Static,7,3,152
High_Congestion,1,Static,7,4,152
High_Congestion,1,Static,7,5,152
High_Congestion,1,Static,7,6,152
High_Congestion,1,Static,7,7,152
High_Congestion,1,Static,7,8,152
High_Congestion,1,Static,7,9,152
High_Congestion,1,Static,7,10,152
High_Congestion,1,Static,7,11,152
High_Congestion,1,Static,7,12,152
High_Congestion,1,Static,7,13,152
High_Congestion,1,Static,7,14,152
High_Congestion,1,Static,7,15,152
High_Congestion,1,Static,7,16,152
High_Congestion,1,Static,7,17,152
High_Congestion,1,Static,7,18,152
High_Congestion,1,Static,7,19,152
High_Congestion,1,Static,7,20,152
High_Congestion,1,Static,7,21,152
High_Congestion,1,Static,7,22,152
High_Congestion,1,Static,7,23,152
High_Congestion,1,Static,7,24,152
High_Congestion,1,Static,7,25,152
High_Congestion,1,Static,7,26,152
High_Congestion,1,Static,7,27,152
High_Congestion,1,Static,7,28,152
High_Congestion,1,Static,7,29,152
High_Congestion,1,Static,5,0,152
High_Congestion,1,Static,5,1,152
High_Congestion,1,Static,5,2,152
High_Congestion,1,Static,5,3,152
High_Congestion,1,Static,5,4,152
High_Congestion,1,Static,5,5,152
High_Congestion,1,Static,5,6,152
High_Congestion,1,Static,5,7,152
High_Congestion,1,Static,5,8,152
High_Congestion,1,Static,5,9,152
High_Congestion,1,Static,5,10,152
High_Congestion,1,Static,5,11,152
High_Congestion,1,Static,5,12,152
High_Congestion,1,Static,5,13,152
High_Congestion,1,Static,5,14,152
High_Congestion,1,Static,5,15,152
High_Congestion,1,Static,5,16,152
High_Congestion,1,Static,5,17,152
High_Congestion,1,Static,5,18,152
High_Congestion,1,Static,5,19,152
High_Congestion,1,Static,5,20,152
High_Congestion,1,Static,5,21,152
High_Congestion,1,Static,5,22,152
High_Congestion,1,Static,5,23,152
High_Congestion,1,Static,5,24,152
High_Congestion,1,Static,5,25,152
High_Congestion,1,Static,5,26,152
High_Congestion,1,Static,5,27,152
High_Congestion,1,Static,5,28,152
High_Congestion,1,Static,5,29,152
High_Congestion,1,Static,10,0,152
High_Congestion,1,Static,10,1,152
High_Congestion,1,Static,10,2,152
High_Congestion,1,Static,10,3,152
High_Congestion,1,Static,10,4,152
High_Congestion,1,Static,10,5,152
High_Congestion,1,Static,10,6,152
High_Congestion,1,Static,10,7,152
High_Congestion,1,Static,10,8,152
High_Congestion,1,Static,10,9,152
High_Congestion,1,Static,10,10,152
High_Congestion,1,Static,10,11,152
High_Congestion,1,Static,10,12,152
High_Congestion,1,Static,10,13,152
High_Congestion,1,Static,10,14,152
High_Congestion,1,Static,10,15,152
High_Congestion,1,Static,10,16,152
High_Congestion,1,Static,10,17,152
High_Congestion,1,Static,10,18,152
High_Congestion,1,Static,10,19,152
High_Congestion,1,Static,10,20,152
High_Congestion,1,Static,10,21,152
High_Congestion,1,Static,10,22,152
High_Congestion,1,Static,10,23,152
High_Congestion,1,Static,10,24,152
High_Congestion,1,Static,10,25,152
High_Congestion,1,Static,10,26,152
High_Congestion,1,Static,10,27,152
High_Congestion,1,Static,10,28,152
High_Congestion,1,Static,10,29,152
High_Congestion,1,Static,1,0,152
High_Congestion,1,Static,1,1,152
High_Congestion,1,Static,1,2,152
High_Congestion,1,Static,1,3,152
High_Congestion,1,Static,1,4,152
High_Congestion,1,Static,1,5,152
High_Congestion,1,Static,1,6,152
High_Congestion,1,Static,1,7,152
High_Congestion,1,Static,1,8,152
High_Congestion,1,Static,1,9,152
High_Congestion,1,Static,1,10,152
High_Congestion,1,Static,1,11,152
High_Congestion,1,Static,1,12,152
High_Congestion,1,Static,1,13,152
High_Congestion,1,Static,1,14,152
High_Congestion,1,Static,1,15,152
High_Congestion,1,Static,1,16,152
High_Congestion,1,Static,1,17,152
High_Congestion,1,Static,1,18,152
High_Congestion,1,Static,1,19,152
High_Congestion,1,Static,1,20,152
High_Congestion,1,Static,1,21,152
High_Congestion,1,Static,1,22,152
High_Congestion,1,Static,1,23,152
High_Congestion,1,Static,1,24,152
High_Congestion,1,Static,1,25,152
High_Congestion,1,Static,1,26,152
High_Congestion,1,Static,1,27,152
High_Congestion,1,Static,1,28,152
High_Congestion,1,Static,1,29,152
High_Congestion,1,Static,2,0,152
High_Congestion,1,Static,2,1,152
High_Congestion,1,Static,2,2,152
High_Congestion,1,Static,2,3,152
High_Congestion,1,Static,2,4,152
High_Congestion,1,Static,2,5,152
High_Congestion,1,Static,2,6,152
High_Congestion,1,Static,2,7,152
High_Congestion,1,Static,2,8,152
High_Congestion,1,Static,2,9,152
High_Congestion,1,Static,2,10,152
High_Congestion,1,Static,2,11,152
High_Congestion,1,Static,2,12,152
High_Congestion,1,Static,2,13,152
High_Congestion,1,Static,2,14,152
High_Congestion,1,Static,2,15,152
High_Congestion,1,Static,2,16,152
High_Congestion,1,Static,2,17,152
High_Congestion,1,Static,2,18,152
High_Congestion,1,Static,2,19,152
High_Congestion,1,Static,2,20,152
High_Congestion,1,Static,2,21,152
High_Congestion,1,Static,2,22,152
High_Congestion,1,Static,2,23,152
High_Congestion,1,Static,2,24,152
High_Congestion,1,Static,2,25,152
High_Congestion,1,Static,2,26,152
High_Congestion,1,Static,2,27,152
High_Congestion,1,Static,2,28,152
High_Congestion,1,Static,2,29,152
High_Congestion,1,Static,9,0,152
High_Congestion,1,Static,9,1,152
High_Congestion,1,Static,9,2,152
High_Congestion,1,Static,9,3,152
High_Congestion,1,Static,9,4,152
High_Congestion,1,Static,9,5,152
High_Congestion,1,Static,9,6,152
High_Congestion,1,Static,9,7,152
High_Congestion,1,Static,9,8,152
High_Congestion,1,Static,9,9,152
High_Congestion,1,Static,9,10,152
High_Congestion,1,Static,9,11,152
High_Congestion,1,Static,9,12,152
High_Congestion,1,Static,9,13,152
High_Congestion,1,Static,9,14,152
High_Congestion,1,Static,9,15,152
High_Congestion,1,Static,9,16,152
High_Congestion,1,Static,9,17,152
High_Congestion,1,Static,9,18,152
High_Congestion,1,Static,9,19,152
High_Congestion,1,Static,9,20,152
High_Congestion,1,Static,9,21,152
High_Congestion,1,Static,9,22,152
High_Congestion,1,Static,9,23,152
High_Congestion,1,Static,9,24,152
High_Congestion,1,Static,9,25,152
High_Congestion,1,Static,9,26,152
High_Congestion,1,Static,9,27,152
High_Congestion,1,Static,9,28,152
High_Congestion,1,Static,9,29,152
High_Congestion,1,Dynamic,9,0,221
High_Congestion,1,Dynamic,9,1,221
High_Congestion,1,Dynamic,9,2,221
High_Congestion,1,Dynamic,9,3,221
High_Congestion,1,Dynamic,9,4,222
High_Congestion,1,Dynamic,9,5,222
High_Congestion,1,Dynamic,9,6,222
High_Congestion,1,Dynamic,9,7,222
High_Congestion,1,Dynamic,9,8,222
High_Congestion,1,Dynamic,9,9,222
High_Congestion,1,Dynamic,9,10,222
High_Congestion,1,Dynamic,9,11,222
High_Congestion,1,Dynamic,9,12,222
High_Congestion,1,Dynamic,9,13,222
High_Congestion,1,Dynamic,9,14,222
High_Congestion,1,Dynamic,9,15,222
High_Congestion,1,Dynamic,9,16,222
High_Congestion,1,Dynamic,9,17,222
High_Congestion,1,Dynamic,9,18,222
High_Congestion,1,Dynamic,9,19,222
High_Congestion,1,Dynamic,9,20,222
High_Congestion,1,Dynamic,9,21,222
High_Congestion,1,Dynamic,9,22,222
High_Congestion,1,Dynamic,9,23,222
High_Congestion,1,Dynamic,9,24,222
High_Congestion,1,Dynamic,9,25,222
High_Congestion,1,Dynamic,9,26,222
High_Congestion,1,Dynamic,9,27,222
High_Congestion,1,Dynamic,9,28,222
High_Congestion,1,Dynamic,9,29,222
High_Congestion,1,Dynamic,4,0,221
High_Congestion,1,Dynamic,4,1,221
High_Congestion,1,Dynamic,4,2,221
High_Congestion,1,Dynamic,4,3,222
High_Congestion,1,Dynamic,4,4,222
High_Congestion,1,Dynamic,4,5,222
High_Congestion,1,Dynamic,4,6,222
High_Congestion,1,Dynamic,4,7,223
High_Congestion,1,Dynamic,4,8,223
High_Congestion,1,Dynamic,4,9,223
High_Congestion,1,Dynamic,4,10,223
High_Congestion,1,Dynamic,4,11,223
High_Congestion,1,Dynamic,4,12,223
High_Congestion,1,Dynamic,4,13,223
High_Congestion,1,Dynamic,4,14,223
High_Congestion,1,Dynamic,4,15,223
High_Congestion,1,Dynamic,4,16,223
High_Congestion,1,Dynamic,4,17,223
High_Congestion,1,Dynamic,4,18,223
High_Congestion,1,Dynamic,4,19,223
High_Congestion,1,Dynamic,4,20,223
High_Congestion,1,Dynamic,4,21,223
High_Congestion,1,Dynamic,4,22,223
High_Congestion,1,Dynamic,4,23,223
High_Congestion,1,Dynamic,4,24,223
High_Congestion,1,Dynamic,4,25,223
High_Congestion,1,Dynamic,4,26,223
High_Congestion,1,Dynamic,4,27,223
High_Congestion,1,Dynamic,4,28,223
High_Congestion,1,Dynamic,4,29,223
High_Congestion,1,Dynamic,7,0,221
High_Congestion,1,Dynamic,7,1,221
High_Congestion,1,Dynamic,7,2,222
High_Congestion,1,Dynamic,7,3,222
High_Congestion,1,Dynamic,7,4,222
High_Congestion,1,Dynamic,7,5,222
High_Congestion,1,Dynamic,7,6,222
High_Congestion,1,Dynamic,7,7,222
High_Congestion,1,Dynamic,7,8,222
High_Congestion,1,Dynamic,7,9,222
High_Congestion,1,Dynamic,7,10,223
High_Congestion,1,Dynamic,7,11,223
High_Congestion,1,Dynamic,7,12,223
High_Congestion,1,Dynamic,7,13,223
High_Congestion,1,Dynamic,7,14,223
High_Congestion,1,Dynamic,7,15,223
High_Congestion,1,Dynamic,7,16,223
High_Congestion,1,Dynamic,7,17,223
High_Congestion,1,Dynamic,7,18,223
High_Congestion,1,Dynamic,7,19,223
High_Congestion,1,Dynamic,7,20,223
High_Congestion,1,Dynamic,7,21,223
High_Congestion,1,Dynamic,7,22,223
High_Congestion,1,Dynamic,7,23,223
High_Congestion,1,Dynamic,7,24,223
High_Congestion,1,Dynamic,7,25,223
High_Congestion,1,Dynamic,7,26,223
High_Congestion,1,Dynamic,7,27,223
High_Congestion,1,Dynamic,7,28,223
High_Congestion,1,Dynamic,7,29,223
High_Congestion,1,Dynamic,3,0,221
High_Congestion,1,Dynamic,3,1,221
High_Congestion,1,Dynamic,3,2,221
High_Congestion,1,Dynamic,3,3,222
High_Congestion,1,Dynamic,3,4,222
High_Congestion,1,Dynamic,3,5,222
High_Congestion,1,Dynamic,3,6,222
High_Congestion,1,Dynamic,3,7,222
High_Congestion,1,Dynamic,3,8,222
High_Congestion,1,Dynamic,3,9,222
High_Congestion,1,Dynamic,3,10,222
High_Congestion,1,Dynamic,3,11,222
High_Congestion,1,Dynamic,3,12,222
High_Congestion,1,Dynamic,3,13,222
High_Congestion,1,Dynamic,3,14,223
High_Congestion,1,Dynamic,3,15,223
High_Congestion,1,Dynamic,3,16,223
High_Congestion,1,Dynamic,3,17,223
High_Congestion,1,Dynamic,3,18,223
High_Congestion,1,Dynamic,3,19,223
High_Congestion,1,Dynamic,3,20,223
High_Congestion,1,Dynamic,3,21,223
High_Congestion,1,Dynamic,3,22,223
High_Congestion,1,Dynamic,3,23,223
High_Congestion,1,Dynamic,3,24,223
High_Congestion,1,Dynamic,3,25,223
High_Congestion,1,Dynamic,3,26,223
High_Congestion,1,Dynamic,3,27,223
High_Congestion,1,Dynamic,3,28,223
High_Congestion,1,Dynamic,3,29,223
High_Congestion,1,Dynamic,5,0,221
High_Congestion,1,Dynamic,5,1,221
High_Congestion,1,Dynamic,5,2,221
High_Congestion,1,Dynamic,5,3,222
High_Congestion,1,Dynamic,5,4,222
High_Congestion,1,Dynamic,5,5,222
High_Congestion,1,Dynamic,5,6,222
High_Congestion,1,Dynamic,5,7,222
High_Congestion,1,Dynamic,5,8,222
High_Congestion,1,Dynamic,5,9,222
High_Congestion,1,Dynamic,5,10,222
High_Congestion,1,Dynamic,5,11,222
High_Congestion,1,Dynamic,5,12,222
High_Congestion,1,Dynamic,5,13,222
High_Congestion,1,Dynamic,5,14,222
High_Congestion,1,Dynamic,5,15,222
High_Congestion,1,Dynamic,5,16,222
High_Congestion,1,Dynamic,5,17,222
High_Congestion,1,Dynamic,5,18,222
High_Congestion,1,Dynamic,5,19,223
High_Congestion,1,Dynamic,5,20,223
High_Congestion,1,Dynamic,5,21,223
High_Congestion,1,Dynamic,5,22,223
High_Congestion,1,Dynamic,5,23,223
High_Congestion,1,Dynamic,5,24,223
High_Congestion,1,Dynamic,5,25,223
High_Congestion,1,Dynamic,5,26,223
High_Congestion,1,Dynamic,5,27,223
High_Congestion,1,Dynamic,5,28,223
High_Congestion,1,Dynamic,5,29,223
High_Congestion,1,Dynamic,6,0,221
High_Congestion,1,Dynamic,6,1,221
High_Congestion,1,Dynamic,6,2,222
High_Congestion,1,Dynamic,6,3,222
High_Congestion,1,Dynamic,6,4,222
High_Congestion,1,Dynamic,6,5,223
High_Congestion,1,Dynamic,6,6,223
High_Congestion,1,Dynamic,6,7,223
High_Congestion,1,Dynamic,6,8,223
High_Congestion,1,Dynamic,6,9,223
High_Congestion,1,Dynamic,6,10,223
High_Congestion,1,Dynamic,6,11,223
High_Congestion,1,Dynamic,6,12,223
High_Congestion,1,Dynamic,6,13,223
High_Congestion,1,Dynamic,6,14,223
High_Congestion,1,Dynamic,6,15,223
High_Congestion,1,Dynamic,6,16,223
High_Congestion,1,Dynamic,6,17,223
High_Congestion,1,Dynamic,6,18,223
High_Congestion,1,Dynamic,6,19,223
High_Congestion,1,Dynamic,6,20,223
High_Congestion,1,Dynamic,6,21,223
High_Congestion,1,Dynamic,6,22,223
High_Congestion,1,Dynamic,6,23,223
High_Congestion,1,Dynamic,6,24,223
High_Congestion,1,Dynamic,6,25,223
High_Congestion,1,Dynamic,6,26,223
High_Congestion,1,Dynamic,6,27,223
High_Congestion,1,Dynamic,6,28,223
High_Congestion,1,Dynamic,6,29,223
High_Congestion,1,Dynamic,1,0,221
High_Congestion,1,Dynamic,1,1,221
High_Congestion,1,Dynamic,1,2,221
High_Congestion,1,Dynamic,1,3,222
High_Congestion,1,Dynamic,1,4,222
High_Congestion,1,Dynamic,1,5,222
High_Congestion,1,Dynamic,1,6,223
High_Congestion,1,Dynamic,1,7,223
High_Congestion,1,Dynamic,1,8,223
High_Congestion,1,Dynamic,1,9,223
High_Congestion,1,Dynamic,1,10,223
High_Congestion,1,Dynamic,1,11,223
High_Congestion,1,Dynamic,1,12,223
High_Congestion,1,Dynamic,1,13,223
High_Congestion,1,Dynamic,1,14,223
High_Congestion,1,Dynamic,1,15,223
High_Congestion,1,Dynamic,1,16,223
High_Congestion,1,Dynamic,1,17,223
High_Congestion,1,Dynamic,1,18,223
High_Congestion,1,Dynamic,1,19,223
High_Congestion,1,Dynamic,1,20,223
High_Congestion,1,Dynamic,1,21,223
High_Congestion,1,Dynamic,1,22,223
High_Congestion,1,Dynamic,1,23,223
High_Congestion,1,Dynamic,1,24,223
High_Congestion,1,Dynamic,1,25,223
High_Congestion,1,Dynamic,1,26,223
High_Congestion,1,Dynamic,1,27,223
High_Congestion,1,Dynamic,1,28,223
High_Congestion,1,Dynamic,1,29,223
High_Congestion,1,Dynamic,2,0,221
High_Congestion,1,Dynamic,2,1,221
High_Congestion,1,Dynamic,2,2,222
High_Congestion,1,Dynamic,2,3,222
High_Congestion,1,Dynamic,2,4,222
High_Congestion,1,Dynamic,2,5,222
High_Congestion,1,Dynamic,2,6,222
High_Congestion,1,Dynamic,2,7,222
High_Congestion,1,Dynamic,2,8,223
High_Congestion,1,Dynamic,2,9,223
High_Congestion,1,Dynamic,2,10,223
High_Congestion,1,Dynamic,2,11,223
High_Congestion,1,Dynamic,2,12,223
High_Congestion,1,Dynamic,2,13,223
High_Congestion,1,Dynamic,2,14,223
High_Congestion,1,Dynamic,2,15,223
High_Congestion,1,Dynamic,2,16,223
High_Congestion,1,Dynamic,2,17,223
High_Congestion,1,Dynamic,2,18,223
High_Congestion,1,Dynamic,2,19,223
High_Congestion,1,Dynamic,2,20,223
High_Congestion,1,Dynamic,2,21,223
High_Congestion,1,Dynamic,2,22,223
High_Congestion,1,Dynamic,2,23,223
High_Congestion,1,Dynamic,2,24,223
High_Congestion,1,Dynamic,2,25,223
High_Congestion,1,Dynamic,2,26,223
High_Congestion,1,Dynamic,2,27,223
High_Congestion,1,Dynamic,2,28,223
High_Congestion,1,Dynamic,2,29,223
High_Congestion,1,Dynamic,8,0,221
High_Congestion,1,Dynamic,8,1,221
High_Congestion,1,Dynamic,8,2,222
High_Congestion,1,Dynamic,8,3,222
High_Congestion,1,Dynamic,8,4,222
High_Congestion,1,Dynamic,8,5,223
High_Congestion,1,Dynamic,8,6,223
High_Congestion,1,Dynamic,8,7,223
High_Congestion,1,Dynamic,8,8,223
High_Congestion,1,Dynamic,8,9,223
High_Congestion,1,Dynamic,8,10,223
High_Congestion,1,Dynamic,8,11,223
High_Congestion,1,Dynamic,8,12,223
High_Congestion,1,Dynamic,8,13,223
High_Congestion,1,Dynamic,8,14,223
High_Congestion,1,Dynamic,8,15,223
High_Congestion,1,Dynamic,8,16,223
High_Congestion,1,Dynamic,8,17,223
High_Congestion,1,Dynamic,8,18,223
High_Congestion,1,Dynamic,8,19,223
High_Congestion,1,Dynamic,8,20,223
High_Congestion,1,Dynamic,8,21,223
High_Congestion,1,Dynamic,8,22,223
High_Congestion,1,Dynamic,8,23,223
High_Congestion,1,Dynamic,8,24,223
High_Congestion,1,Dynamic,8,25,223
High_Congestion,1,Dynamic,8,26,223
High_Congestion,1,Dynamic,8,27,223
High_Congestion,1,Dynamic,8,28,223
High_Congestion,1,Dynamic,8,29,223
High_Congestion,1,Dynamic,10,0,221
High_Congestion,1,Dynamic,10,1,221
High_Congestion,1,Dynamic,10,2,221
High_Congestion,1,Dynamic,10,3,221
High_Congestion,1,Dynamic,10,4,221
High_Congestion,1,Dynamic,10,5,222
High_Congestion,1,Dynamic,10,6,223
High_Congestion,1,Dynamic,10,7,223
High_Congestion,1,Dynamic,10,8,223
High_Congestion,1,Dynamic,10,9,223
High_Congestion,1,Dynamic,10,10,223
High_Congestion,1,Dynamic,10,11,223
High_Congestion,1,Dynamic,10,12,223
High_Congestion,1,Dynamic,10,13,223
High_Congestion,1,Dynamic,10,14,223
High_Congestion,1,Dynamic,10,15,223
High_Congestion,1,Dynamic,10,16,223
High_Congestion,1,Dynamic,10,17,223
High_Congestion,1,Dynamic,10,18,223
High_Congestion,1,Dynamic,10,19,223
High_Congestion,1,Dynamic,10,20,223
High_Congestion,1,Dynamic,10,21,223
High_Congestion,1,Dynamic,10,22,223
High_Congestion,1,Dynamic,10,23,223
High_Congestion,1,Dynamic,10,24,223
High_Congestion,1,Dynamic,10,25,223
High_Congestion,1,Dynamic,10,26,223
High_Congestion,1,Dynamic,10,27,223
High_Congestion,1,Dynamic,10,28,223
High_Congestion,1,Dynamic,10,29,223
High_Congestion,2,Static,5,0,151
High_Congestion,2,Static,5,1,151
High_Congestion,2,Static,5,2,151
High_Congestion,2,Static,5,3,151
High_Congestion,2,Static,5,4,151
High_Congestion,2,Static,5,5,151
High_Congestion,2,Static,5,6,151
High_Congestion,2,Static,5,7,151
High_Congestion,2,Static,5,8,151
High_Congestion,2,Static,5,9,151
High_Congestion,2,Static,5,10,151
High_Congestion,2,Static,5,11,151
High_Congestion,2,Static,5,12,151
High_Congestion,2,Static,5,13,151
High_Congestion,2,Static,5,14,151
High_Congestion,2,Static,5,15,151
High_Congestion,2,Static,5,16,151
High_Congestion,2,Static,5,17,151
High_Congestion,2,Static,5,18,151
High_Congestion,2,Static,5,19,151
High_Congestion,2,Static,5,20,151
High_Congestion,2,Static,5,21,151
High_Congestion,2,Static,5,22,151
High_Congestion,2,Static,5,23,151
High_Congestion,2,Static,5,24,151
High_Congestion,2,Static,5,25,151
High_Congestion,2,Static,5,26,151
High_Congestion,2,Static,5,27,151
High_Congestion,2,Static,5,28,151
High_Congestion,2,Static,5,29,151
High_Congestion,2,Static,7,0,151
High_Congestion,2,Static,7,1,151
High_Congestion,2,Static,7,2,151
High_Congestion,2,Static,7,3,151
High_Congestion,2,Static,7,4,151
High_Congestion,2,Static,7,5,151
High_Congestion,2,Static,7,6,151
High_Congestion,2,Static,7,7,151
High_Congestion,2,Static,7,8,151
High_Congestion,2,Static,7,9,151
High_Congestion,2,Static,7,10,151
High_Congestion,2,Static,7,11,151
High_Congestion,2,Static,7,12,151
High_Congestion,2,Static,7,13,151
High_Congestion,2,Static,7,14,151
High_Congestion,2,Static,7,15,151
High_Congestion,2,Static,7,16,151
High_Congestion,2,Static,7,17,151
High_Congestion,2,Static,7,18,151
High_Congestion,2,Static,7,19,151
High_Congestion,2,Static,7,20,151
High_Congestion,2,Static,7,21,151
High_Congestion,2,Static,7,22,151
High_Congestion,2,Static,7,23,151
High_Congestion,2,Static,7,24,151
High_Congestion,2,Static,7,25,151
High_Congestion,2,Static,7,26,151
High_Congestion,2,Static,7,27,151
High_Congestion,2,Static,7,28,151
High_Congestion,2,Static,7,29,151
High_Congestion,2,Static,10,0,151
High_Congestion,2,Static,10,1,151
High_Congestion,2,Static,10,2,151
High_Congestion,2,Static,10,3,151
High_Congestion,2,Static,10,4,151
High_Congestion,2,Static,10,5,151
High_Congestion,2,Static,10,6,151
High_Congestion,2,Static,10,7,151
High_Congestion,2,Static,10,8,151
High_Congestion,2,Static,10,9,151
High_Congestion,2,Static,10,10,151
High_Congestion,2,Static,10,11,151
High_Congestion,2,Static,10,12,151
High_Congestion,2,Static,10,13,151
High_Congestion,2,Static,10,14,151
High_Congestion,2,Static,10,15,151
High_Congestion,2,Static,10,16,151
High_Congestion,2,Static,10,17,151
High_Congestion,2,Static,10,18,151
High_Congestion,2,Static,10,19,151
High_Congestion,2,Static,10,20,151
High_Congestion,2,Static,10,21,151
High_Congestion,2,Static,10,22,151
High_Congestion,2,Static,10,23,151
High_Congestion,2,Static,10,24,151
High_Congestion,2,Static,10,25,151
High_Congestion,2,Static,10,26,151
High_Congestion,2,Static,10,27,151
High_Congestion,2,Static,10,28,151
High_Congestion,2,Static,10,29,151
High_Congestion,2,Static,9,0,151
High_Congestion,2,Static,9,1,151
High_Congestion,2,Static,9,2,151
High_Congestion,2,Static,9,3,151
High_Congestion,2,Static,9,4,151
High_Congestion,2,Static,9,5,151
High_Congestion,2,Static,9,6,151
High_Congestion,2,Static,9,7,151
High_Congestion,2,Static,9,8,151
High_Congestion,2,Static,9,9,151
High_Congestion,2,Static,9,10,151
High_Congestion,2,Static,9,11,151
High_Congestion,2,Static,9,12,151
High_Congestion,2,Static,9,13,151
High_Congestion,2,Static,9,14,151
High_Congestion,2,Static,9,15,151
High_Congestion,2,Static,9,16,151
High_Congestion,2,Static,9,17,151
High_Congestion,2,Static,9,18,151
High_Congestion,2,Static,9,19,151
High_Congestion,2,Static,9,20,151
High_Congestion,2,Static,9,21,151
High_Congestion,2,Static,9,22,151
High_Congestion,2,Static,9,23,151
High_Congestion,2,Static,9,24,151
High_Congestion,2,Static,9,25,151
High_Congestion,2,Static,9,26,151
High_Congestion,2,Static,9,27,151
High_Congestion,2,Static,9,28,151
High_Congestion,2,Static,9,29,151
High_Congestion,2,Static,4,0,151
High_Congestion,2,Static,4,1,151
High_Congestion,2,Static,4,2,151
High_Congestion,2,Static,4,3,151
High_Congestion,2,Static,4,4,151
High_Congestion,2,Static,4,5,151
High_Congestion,2,Static,4,6,151
High_Congestion,2,Static,4,7,151
High_Congestion,2,Static,4,8,151
High_Congestion,2,Static,4,9,151
High_Congestion,2,Static,4,10,151
High_Congestion,2,Static,4,11,151
High_Congestion,2,Static,4,12,151
High_Congestion,2,Static,4,13,151
High_Congestion,2,Static,4,14,151
High_Congestion,2,Static,4,15,151
High_Congestion,2,Static,4,16,151
High_Congestion,2,Static,4,17,151
High_Congestion,2,Static,4,18,151
High_Congestion,2,Static,4,19,151
High_Congestion,2,Static,4,20,151
High_Congestion,2,Static,4,21,151
High_Congestion,2,Static,4,22,151
High_Congestion,2,Static,4,23,151
High_Congestion,2,Static,4,24,151
High_Congestion,2,Static,4,25,151
High_Congestion,2,Static,4,26,151
High_Congestion,2,Static,4,27,151
High_Congestion,2,Static,4,28,151
High_Congestion,2,Static,4,29,151
High_Congestion,2,Static,2,0,151
High_Congestion,2,Static,2,1,151
High_Congestion,2,Static,2,2,151
High_Congestion,2,Static,2,3,151
High_Congestion,2,Static,2,4,151
High_Congestion,2,Static,2,5,151
High_Congestion,2,Static,2,6,151
High_Congestion,2,Static,2,7,151
High_Congestion,2,Static,2,8,151
High_Congestion,2,Static,2,9,151
High_Congestion,2,Static,2,10,151
High_Congestion,2,Static,2,11,151
High_Congestion,2,Static,2,12,151
High_Congestion,2,Static,2,13,151
High_Congestion,2,Static,2,14,151
High_Congestion,2,Static,2,15,151
High_Congestion,2,Static,2,16,151
High_Congestion,2,Static,2,17,151
High_Congestion,2,Static,2,18,151
High_Congestion,2,Static,2,19,151
High_Congestion,2,Static,2,20,151
High_Congestion,2,Static,2,21,151
High_Congestion,2,Static,2,22,151
High_Congestion,2,Static,2,23,151
High_Congestion,2,Static,2,24,151
High_Congestion,2,Static,2,25,151
High_Congestion,2,Static,2,26,151
High_Congestion,2,Static,2,27,151
High_Congestion,2,Static,2,28,151
High_Congestion,2,Static,2,29,151
High_Congestion,2,Static,3,0,151
High_Congestion,2,Static,3,1,151
High_Congestion,2,Static,3,2,151
High_Congestion,2,Static,3,3,151
High_Congestion,2,Static,3,4,151
High_Congestion,2,Static,3,5,151
High_Congestion,2,Static,3,6,151
High_Congestion,2,Static,3,7,151
High_Congestion,2,Static,3,8,151
High_Congestion,2,Static,3,9,151
High_Congestion,2,Static,3,10,151
High_Congestion,2,Static,3,11,151
High_Congestion,2,Static,3,12,151
High_Congestion,2,Static,3,13,151
High_Congestion,2,Static,3,14,151
High_Congestion,2,Static,3,15,151
High_Congestion,2,Static,3,16,151
High_Congestion,2,Static,3,17,151
High_Congestion,2,Static,3,18,151
High_Congestion,2,Static,3,19,151
High_Congestion,2,Static,3,20,151
High_Congestion,2,Static,3,21,151
High_Congestion,2,Static,3,22,151
High_Congestion,2,Static,3,23,151
High_Congestion,2,Static,3,24,151
High_Congestion,2,Static,3,25,151
High_Congestion,2,Static,3,26,151
High_Congestion,2,Static,3,27,151
High_Congestion,2,Static,3,28,151
High_Congestion,2,Static,3,29,151
High_Congestion,2,Static,8,0,151
High_Congestion,2,Static,8,1,151
High_Congestion,2,Static,8,2,151
High_Congestion,2,Static,8,3,151
High_Congestion,2,Static,8,4,151
High_Congestion,2,Static,8,5,151
High_Congestion,2,Static,8,6,151
High_Congestion,2,Static,8,7,151
High_Congestion,2,Static,8,8,151
High_Congestion,2,Static,8,9,151
High_Congestion,2,Static,8,10,151
High_Congestion,2,Static,8,11,151
High_Congestion,2,Static,8,12,151
High_Congestion,2,Static,8,13,151
High_Congestion,2,Static,8,14,151
High_Congestion,2,Static,8,15,151
High_Congestion,2,Static,8,16,151
High_Congestion,2,Static,8,17,151
High_Congestion,2,Static,8,18,151
High_Congestion,2,Static,8,19,151
High_Congestion,2,Static,8,20,151
High_Congestion,2,Static,8,21,151
High_Congestion,2,Static,8,22,151
High_Congestion,2,Static,8,23,151
High_Congestion,2,Static,8,24,151
High_Congestion,2,Static,8,25,151
High_Congestion,2,Static,8,26,151
High_Congestion,2,Static,8,27,151
High_Congestion,2,Static,8,28,151
High_Congestion,2,Static,8,29,151
High_Congestion,2,Static,6,0,151
High_Congestion,2,Static,6,1,151
High_Congestion,2,Static,6,2,151
High_Congestion,2,Static,6,3,151
High_Congestion,2,Static,6,4,151
High_Congestion,2,Static,6,5,151
High_Congestion,2,Static,6,6,151
High_Congestion,2,Static,6,7,151
High_Congestion,2,Static,6,8,151
High_Congestion,2,Static,6,9,151
High_Congestion,2,Static,6,10,151
High_Congestion,2,Static,6,11,151
High_Congestion,2,Static,6,12,151
High_Congestion,2,Static,6,13,151
High_Congestion,2,Static,6,14,151
High_Congestion,2,Static,6,15,151
High_Congestion,2,Static,6,16,151
High_Congestion,2,Static,6,17,151
High_Congestion,2,Static,6,18,151
High_Congestion,2,Static,6,19,151
High_Congestion,2,Static,6,20,151
High_Congestion,2,Static,6,21,151
High_Congestion,2,Static,6,22,151
High_Congestion,2,Static,6,23,151
High_Congestion,2,Static,6,24,151
High_Congestion,2,Static,6,25,151
High_Congestion,2,Static,6,26,151
High_Congestion,2,Static,6,27,151
High_Congestion,2,Static,6,28,151
High_Congestion,2,Static,6,29,151
High_Congestion,2,Static,1,0,151
High_Congestion,2,Static,1,1,151
High_Congestion,2,Static,1,2,151
High_Congestion,2,Static,1,3,151
High_Congestion,2,Static,1,4,151
High_Congestion,2,Static,1,5,151
High_Congestion,2,Static,1,6,151
High_Congestion,2,Static,1,7,151
High_Congestion,2,Static,1,8,151
High_Congestion,2,Static,1,9,151
High_Congestion,2,Static,1,10,151
High_Congestion,2,Static,1,11,151
High_Congestion,2,Static,1,12,151
High_Congestion,2,Static,1,13,151
High_Congestion,2,Static,1,14,151
High_Congestion,2,Static,1,15,151
High_Congestion,2,Static,1,16,151
High_Congestion,2,Static,1,17,151
High_Congestion,2,Static,1,18,151
High_Congestion,2,Static,1,19,151
High_Congestion,2,Static,1,20,151
High_Congestion,2,Static,1,21,151
High_Congestion,2,Static,1,22,151
High_Congestion,2,Static,1,23,151
High_Congestion,2,Static,1,24,151
High_Congestion,2,Static,1,25,151
High_Congestion,2,Static,1,26,151
High_Congestion,2,Static,1,27,151
High_Congestion,2,Static,1,28,151
High_Congestion,2,Static,1,29,151
High_Congestion,2,Dynamic,1,0,223
High_Congestion,2,Dynamic,1,1,224
High_Congestion,2,Dynamic,1,2,225
High_Congestion,2,Dynamic,1,3,226
High_Congestion,2,Dynamic,1,4,226
High_Congestion,2,Dynamic,1,5,227
High_Congestion,2,Dynamic,1,6,227
High_Congestion,2,Dynamic,1,7,227
High_Congestion,2,Dynamic,1,8,227
High_Congestion,2,Dynamic,1,9,227
High_Congestion,2,Dynamic,1,10,227
High_Congestion,2,Dynamic,1,11,227
High_Congestion,2,Dynamic,1,12,227
High_Congestion,2,Dynamic,1,13,227
High_Congestion,2,Dynamic,1,14,227
High_Congestion,2,Dynamic,1,15,227
High_Congestion,2,Dynamic,1,16,227
High_Congestion,2,Dynamic,1,17,227
High_Congestion,2,Dynamic,1,18,227
High_Congestion,2,Dynamic,1,19,227
High_Congestion,2,Dynamic,1,20,227
High_Congestion,2,Dynamic,1,21,227
High_Congestion,2,Dynamic,1,22,227
High_Congestion,2,Dynamic,1,23,227
High_Congestion,2,Dynamic,1,24,227
High_Congestion,2,Dynamic,1,25,227
High_Congestion,2,Dynamic,1,26,227
High_Congestion,2,Dynamic,1,27,227
High_Congestion,2,Dynamic,1,28,227
High_Congestion,2,Dynamic,1,29,227
High_Congestion,2,Dynamic,2,0,224
High_Congestion,2,Dynamic,2,1,224
High_Congestion,2,Dynamic,2,2,225
High_Congestion,2,Dynamic,2,3,225
High_Congestion,2,Dynamic,2,4,226
High_Congestion,2,Dynamic,2,5,226
High_Congestion,2,Dynamic,2,6,226
High_Congestion,2,Dynamic,2,7,226
High_Congestion,2,Dynamic,2,8,226
High_Congestion,2,Dynamic,2,9,226
High_Congestion,2,Dynamic,2,10,226
High_Congestion,2,Dynamic,2,11,226
High_Congestion,2,Dynamic,2,12,226
High_Congestion,2,Dynamic,2,13,226
High_Congestion,2,Dynamic,2,14,226
High_Congestion,2,Dynamic,2,15,226
High_Congestion,2,Dynamic,2,16,226
High_Congestion,2,Dynamic,2,17,226
High_Congestion,2,Dynamic,2,18,226
High_Congestion,2,Dynamic,2,19,226
High_Congestion,2,Dynamic,2,20,226
High_Congestion,2,Dynamic,2,21,226
High_Congestion,2,Dynamic,2,22,226
High_Congestion,2,Dynamic,2,23,226
High_Congestion,2,Dynamic,2,24,226
High_Congestion,2,Dynamic,2,25,226
High_Congestion,2,Dynamic,2,26,226
High_Congestion,2,Dynamic,2,27,226
High_Congestion,2,Dynamic,2,28,226
High_Congestion,2,Dynamic,2,29,226
High_Congestion,2,Dynamic,5,0,223
High_Congestion,2,Dynamic,5,1,223
High_Congestion,2,Dynamic,5,2,224
High_Congestion,2,Dynamic,5,3,226
High_Congestion,2,Dynamic,5,4,226
High_Congestion,2,Dynamic,5,5,226
High_Congestion,2,Dynamic,5,6,226
High_Congestion,2,Dynamic,5,7,226
High_Congestion,2,Dynamic,5,8,226
High_Congestion,2,Dynamic,5,9,226
High_Congestion,2,Dynamic,5,10,226
High_Congestion,2,Dynamic,5,11,226
High_Congestion,2,Dynamic,5,12,226
High_Congestion,2,Dynamic,5,13,226
High_Congestion,2,Dynamic,5,14,226
High_Congestion,2,Dynamic,5,15,226
High_Congestion,2,Dynamic,5,16,226
High_Congestion,2,Dynamic,5,17,227
High_Congestion,2,Dynamic,5,18,227
High_Congestion,2,Dynamic,5,19,227
High_Congestion,2,Dynamic,5,20,227
High_Congestion,2,Dynamic,5,21,227
High_Congestion,2,Dynamic,5,22,227
High_Congestion,2,Dynamic,5,23,227
High_Congestion,2,Dynamic,5,24,227
High_Congestion,2,Dynamic,5,25,227
High_Congestion,2,Dynamic,5,26,227
High_Congestion,2,Dynamic,5,27,227
High_Congestion,2,Dynamic,5,28,227
High_Congestion,2,Dynamic,5,29,227
High_Congestion,2,Dynamic,9,0,223
High_Congestion,2,Dynamic,9,1,224
High_Congestion,2,Dynamic,9,2,225
High_Congestion,2,Dynamic,9,3,225
High_Congestion,2,Dynamic,9,4,225
High_Congestion,2,Dynamic,9,5,225
High_Congestion,2,Dynamic,9,6,225
High_Congestion,2,Dynamic,9,7,225
High_Congestion,2,Dynamic,9,8,226
High_Congestion,2,Dynamic,9,9,226
High_Congestion,2,Dynamic,9,10,226
High_Congestion,2,Dynamic,9,11,226
High_Congestion,2,Dynamic,9,12,226
High_Congestion,2,Dynamic,9,13,226
High_Congestion,2,Dynamic,9,14,226
High_Congestion,2,Dynamic,9,15,226
High_Congestion,2,Dynamic,9,16,226
High_Congestion,2,Dynamic,9,17,226
High_Congestion,2,Dynamic,9,18,226
High_Congestion,2,Dynamic,9,19,226
High_Congestion,2,Dynamic,9,20,226
High_Congestion,2,Dynamic,9,21,226
High_Congestion,2,Dynamic,9,22,226
High_Congestion,2,Dynamic,9,23,226
High_Congestion,2,Dynamic,9,24,226
High_Congestion,2,Dynamic,9,25,226
High_Congestion,2,Dynamic,9,26,226
High_Congestion,2,Dynamic,9,27,226
High_Congestion,2,Dynamic,9,28,226
High_Congestion,2,Dynamic,9,29,226
High_Congestion,2,Dynamic,10,0,223
High_Congestion,2,Dynamic,10,1,224
High_Congestion,2,Dynamic,10,2,225
High_Congestion,2,Dynamic,10,3,226
High_Congestion,2,Dynamic,10,4,226
High_Congestion,2,Dynamic,10,5,226
High_Congestion,2,Dynamic,10,6,227
High_Congestion,2,Dynamic,10,7,227
High_Congestion,2,Dynamic,10,8,227
High_Congestion,2,Dynamic,10,9,227
High_Congestion,2,Dynamic,10,10,227
High_Congestion,2,Dynamic,10,11,227
High_Congestion,2,Dynamic,10,12,227
High_Congestion,2,Dynamic,10,13,227
High_Congestion,2,Dynamic,10,14,227
High_Congestion,2,Dynamic,10,15,227
High_Congestion,2,Dynamic,10,16,227
High_Congestion,2,Dynamic,10,17,227
High_Congestion,2,Dynamic,10,18,227
High_Congestion,2,Dynamic,10,19,227
High_Congestion,2,Dynamic,10,20,227
High_Congestion,2,Dynamic,10,21,227
High_Congestion,2,Dynamic,10,22,227
High_Congestion,2,Dynamic,10,23,227
High_Congestion,2,Dynamic,10,24,227
High_Congestion,2,Dynamic,10,25,227
High_Congestion,2,Dynamic,10,26,227
High_Congestion,2,Dynamic,10,27,227
High_Congestion,2,Dynamic,10,28,227
High_Congestion,2,Dynamic,10,29,227
High_Congestion,2,Dynamic,7,0,223
High_Congestion,2,Dynamic,7,1,224
High_Congestion,2,Dynamic,7,2,225
High_Congestion,2,Dynamic,7,3,226
High_Congestion,2,Dynamic,7,4,226
High_Congestion,2,Dynamic,7,5,227
High_Congestion,2,Dynamic,7,6,227
High_Congestion,2,Dynamic,7,7,227
High_Congestion,2,Dynamic,7,8,227
High_Congestion,2,Dynamic,7,9,227
High_Congestion,2,Dynamic,7,10,227
High_Congestion,2,Dynamic,7,11,227
High_Congestion,2,Dynamic,7,12,227
High_Congestion,2,Dynamic,7,13,227
High_Congestion,2,Dynamic,7,14,227
High_Congestion,2,Dynamic,7,15,227
High_Congestion,2,Dynamic,7,16,227
High_Congestion,2,Dynamic,7,17,227
High_Congestion,2,Dynamic,7,18,227
High_Congestion,2,Dynamic,7,19,227
High_Congestion,2,Dynamic,7,20,227
High_Congestion,2,Dynamic,7,21,227
High_Congestion,2,Dynamic,7,22,227
High_Congestion,2,Dynamic,7,23,227
High_Congestion,2,Dynamic,7,24,227
High_Congestion,2,Dynamic,7,25,227
High_Congestion,2,Dynamic,7,26,227
High_Congestion,2,Dynamic,7,27,227
High_Congestion,2,Dynamic,7,28,227
High_Congestion,2,Dynamic,7,29,227
High_Congestion,2,Dynamic,8,0,223
High_Congestion,2,Dynamic,8,1,223
High_Congestion,2,Dynamic,8,2,224
High_Congestion,2,Dynamic,8,3,224
High_Congestion,2,Dynamic,8,4,225
High_Congestion,2,Dynamic,8,5,225
High_Congestion,2,Dynamic,8,6,226
High_Congestion,2,Dynamic,8,7,226
High_Congestion,2,Dynamic,8,8,226
High_Congestion,2,Dynamic,8,9,226
High_Congestion,2,Dynamic,8,10,226
High_Congestion,2,Dynamic,8,11,226
High_Congestion,2,Dynamic,8,12,226
High_Congestion,2,Dynamic,8,13,226
High_Congestion,2,Dynamic,8,14,226
High_Congestion,2,Dynamic,8,15,226
High_Congestion,2,Dynamic,8,16,226
High_Congestion,2,Dynamic,8,17,226
High_Congestion,2,Dynamic,8,18,226
High_Congestion,2,Dynamic,8,19,226
High_Congestion,2,Dynamic,8,20,226
High_Congestion,2,Dynamic,8,21,226
High_Congestion,2,Dynamic,8,22,226
High_Congestion,2,Dynamic,8,23,226
High_Congestion,2,Dynamic,8,24,226
High_Congestion,2,Dynamic,8,25,226
High_Congestion,2,Dynamic,8,26,226
High_Congestion,2,Dynamic,8,27,226
High_Congestion,2,Dynamic,8,28,226
High_Congestion,2,Dynamic,8,29,226
High_Congestion,2,Dynamic,6,0,223
High_Congestion,2,Dynamic,6,1,223
High_Congestion,2,Dynamic,6,2,224
High_Congestion,2,Dynamic,6,3,225
High_Congestion,2,Dynamic,6,4,225
High_Congestion,2,Dynamic,6,5,225
High_Congestion,2,Dynamic,6,6,226
High_Congestion,2,Dynamic,6,7,226
High_Congestion,2,Dynamic,6,8,226
High_Congestion,2,Dynamic,6,9,226
High_Congestion,2,Dynamic,6,10,226
High_Congestion,2,Dynamic,6,11,226
High_Congestion,2,Dynamic,6,12,226
High_Congestion,2,Dynamic,6,13,226
High_Congestion,2,Dynamic,6,14,226
High_Congestion,2,Dynamic,6,15,226
High_Congestion,2,Dynamic,6,16,226
High_Congestion,2,Dynamic,6,17,226
High_Congestion,2,Dynamic,6,18,226
High_Congestion,2,Dynamic,6,19,226
High_Congestion,2,Dynamic,6,20,226
High_Congestion,2,Dynamic,6,21,226
High_Congestion,2,Dynamic,6,22,226
High_Congestion,2,Dynamic,6,23,226
High_Congestion,2,Dynamic,6,24,226
High_Congestion,2,Dynamic,6,25,226
High_Congestion,2,Dynamic,6,26,226
High_Congestion,2,Dynamic,6,27,226
High_Congestion,2,Dynamic,6,28,226
High_Congestion,2,Dynamic,6,29,226
High_Congestion,2,Dynamic,3,0,223
High_Congestion,2,Dynamic,3,1,223
High_Congestion,2,Dynamic,3,2,224
High_Congestion,2,Dynamic,3,3,224
High_Congestion,2,Dynamic,3,4,225
High_Congestion,2,Dynamic,3,5,226
High_Congestion,2,Dynamic,3,6,226
High_Congestion,2,Dynamic,3,7,227
High_Congestion,2,Dynamic,3,8,227
High_Congestion,2,Dynamic,3,9,227
High_Congestion,2,Dynamic,3,10,227
High_Congestion,2,Dynamic,3,11,227
High_Congestion,2,Dynamic,3,12,227
High_Congestion,2,Dynamic,3,13,227
High_Congestion,2,Dynamic,3,14,227
High_Congestion,2,Dynamic,3,15,227
High_Congestion,2,Dynamic,3,16,227
High_Congestion,2,Dynamic,3,17,227
High_Congestion,2,Dynamic,3,18,227
High_Congestion,2,Dynamic,3,19,227
High_Congestion,2,Dynamic,3,20,227
High_Congestion,2,Dynamic,3,21,227
High_Congestion,2,Dynamic,3,22,227
High_Congestion,2,Dynamic,3,23,227
High_Congestion,2,Dynamic,3,24,227
High_Congestion,2,Dynamic,3,25,227
High_Congestion,2,Dynamic,3,26,227
High_Congestion,2,Dynamic,3,27,227
High_Congestion,2,Dynamic,3,28,227
High_Congestion,2,Dynamic,3,29,227
High_Congestion,2,Dynamic,4,0,223
High_Congestion,2,Dynamic,4,1,223
High_Congestion,2,Dynamic,4,2,224
High_Congestion,2,Dynamic,4,3,224
High_Congestion,2,Dynamic,4,4,225
High_Congestion,2,Dynamic,4,5,225
High_Congestion,2,Dynamic,4,6,225
High_Congestion,2,Dynamic,4,7,225
High_Congestion,2,Dynamic,4,8,225
High_Congestion,2,Dynamic,4,9,226
High_Congestion,2,Dynamic,4,10,226
High_Congestion,2,Dynamic,4,11,226
High_Congestion,2,Dynamic,4,12,227
High_Congestion,2,Dynamic,4,13,227
High_Congestion,2,Dynamic,4,14,227
High_Congestion,2,Dynamic,4,15,227
High_Congestion,2,Dynamic,4,16,227
High_Congestion,2,Dynamic,4,17,227
High_Congestion,2,Dynamic,4,18,227
High_Congestion,2,Dynamic,4,19,227
High_Congestion,2,Dynamic,4,20,227
High_Congestion,2,Dynamic,4,21,227
High_Congestion,2,Dynamic,4,22,227
High_Congestion,2,Dynamic,4,23,227
High_Congestion,2,Dynamic,4,24,227
High_Congestion,2,Dynamic,4,25,227
High_Congestion,2,Dynamic,4,26,227
High_Congestion,2,Dynamic,4,27,227
High_Congestion,2,Dynamic,4,28,227
High_Congestion,2,Dynamic,4,29,227
High_Congestion,3,Static,3,0,165
High_Congestion,3,Static,3,1,165
High_Congestion,3,Static,3,2,165
High_Congestion,3,Static,3,3,165
High_Congestion,3,Static,3,4,165
High_Congestion,3,Static,3,5,165
High_Congestion,3,Static,3,6,165
High_Congestion,3,Static,3,7,165
High_Congestion,3,Static,3,8,165
High_Congestion,3,Static,3,9,165
High_Congestion,3,Static,3,10,165
High_Congestion,3,Static,3,11,165
High_Congestion,3,Static,3,12,165
High_Congestion,3,Static,3,13,165
High_Congestion,3,Static,3,14,165
High_Congestion,3,Static,3,15,165
High_Congestion,3,Static,3,16,165
High_Congestion,3,Static,3,17,165
High_Congestion,3,Static,3,18,165
High_Congestion,3,Static,3,19,165
High_Congestion,3,Static,3,20,165
High_Congestion,3,Static,3,21,165
High_Congestion,3,Static,3,22,165
High_Congestion,3,Static,3,23,165
High_Congestion,3,Static,3,24,165
High_Congestion,3,Static,3,25,165
High_Congestion,3,Static,3,26,165
High_Congestion,3,Static,3,27,165
High_Congestion,3,Static,3,28,165
High_Congestion,3,Static,3,29,165
High_Congestion,3,Static,7,0,165
High_Congestion,3,Static,7,1,165
High_Congestion,3,Static,7,2,165
High_Congestion,3,Static,7,3,165
High_Congestion,3,Static,7,4,165
High_Congestion,3,Static,7,5,165
High_Congestion,3,Static,7,6,165
High_Congestion,3,Static,7,7,165
High_Congestion,3,Static,7,8,165
High_Congestion,3,Static,7,9,165
High_Congestion,3,Static,7,10,165
High_Congestion,3,Static,7,11,165
High_Congestion,3,Static,7,12,165
High_Congestion,3,Static,7,13,165
High_Congestion,3,Static,7,14,165
High_Congestion,3,Static,7,15,165
High_Congestion,3,Static,7,16,165
High_Congestion,3,Static,7,17,165
High_Congestion,3,Static,7,18,165
High_Congestion,3,Static,7,19,165
High_Congestion,3,Static,7,20,165
High_Congestion,3,Static,7,21,165
High_Congestion,3,Static,7,22,165
High_Congestion,3,Static,7,23,165
High_Congestion,3,Static,7,24,165
High_Congestion,3,Static,7,25,165
High_Congestion,3,Static,7,26,165
High_Congestion,3,Static,7,27,165
High_Congestion,3,Static,7,28,165
High_Congestion,3,Static,7,29,165
High_Congestion,3,Static,4,0,165
High_Congestion,3,Static,4,1,165
High_Congestion,3,Static,4,2,165
High_Congestion,3,Static,4,3,165
High_Congestion,3,Static,4,4,165
High_Congestion,3,Static,4,5,165
High_Congestion,3,Static,4,6,165
High_Congestion,3,Static,4,7,165
High_Congestion,3,Static,4,8,165
High_Congestion,3,Static,4,9,165
High_Congestion,3,Static,4,10,165
High_Congestion,3,Static,4,11,165
High_Congestion,3,Static,4,12,165
High_Congestion,3,Static,4,13,165
High_Congestion,3,Static,4,14,165
High_Congestion,3,Static,4,15,165
High_Congestion,3,Static,4,16,165
High_Congestion,3,Static,4,17,165
High_Congestion,3,Static,4,18,165
High_Congestion,3,Static,4,19,165
High_Congestion,3,Static,4,20,165
High_Congestion,3,Static,4,21,165
High_Congestion,3,Static,4,22,165
High_Congestion,3,Static,4,23,165
High_Congestion,3,Static,4,24,165
High_Congestion,3,Static,4,25,165
High_Congestion,3,Static,4,26,165
High_Congestion,3,Static,4,27,165
High_Congestion,3,Static,4,28,165
High_Congestion,3,Static,4,29,165
High_Congestion,3,Static,1,0,165
High_Congestion,3,Static,1,1,165
High_Congestion,3,Static,1,2,165
High_Congestion,3,Static,1,3,165
High_Congestion,3,Static,1,4,165
High_Congestion,3,Static,1,5,165
High_Congestion,3,Static,1,6,165
High_Congestion,3,Static,1,7,165
High_Congestion,3,Static,1,8,165
High_Congestion,3,Static,1,9,165
High_Congestion,3,Static,1,10,165
High_Congestion,3,Static,1,11,165
High_Congestion,3,Static,1,12,165
High_Congestion,3,Static,1,13,165
High_Congestion,3,Static,1,14,165
High_Congestion,3,Static,1,15,165
High_Congestion,3,Static,1,16,165
High_Congestion,3,Static,1,17,165
High_Congestion,3,Static,1,18,165
High_Congestion,3,Static,1,19,165
High_Congestion,3,Static,1,20,165
High_Congestion,3,Static,1,21,165
High_Congestion,3,Static,1,22,165
High_Congestion,3,Static,1,23,165
High_Congestion,3,Static,1,24,165
High_Congestion,3,Static,1,25,165
High_Congestion,3,Static,1,26,165
High_Congestion,3,Static,1,27,165
High_Congestion,3,Static,1,28,165
High_Congestion,3,Static,1,29,165
High_Congestion,3,Static,9,0,165
High_Congestion,3,Static,9,1,165
High_Congestion,3,Static,9,2,165
High_Congestion,3,Static,9,3,165
High_Congestion,3,Static,9,4,165
High_Congestion,3,Static,9,5,165
High_Congestion,3,Static,9,6,165
High_Congestion,3,Static,9,7,165
High_Congestion,3,Static,9,8,165
High_Congestion,3,Static,9,9,165
High_Congestion,3,Static,9,10,165
High_Congestion,3,Static,9,11,165
High_Congestion,3,Static,9,12,165
High_Congestion,3,Static,9,13,165
High_Congestion,3,Static,9,14,165
High_Congestion,3,Static,9,15,165
High_Congestion,3,Static,9,16,165
High_Congestion,3,Static,9,17,165
High_Congestion,3,Static,9,18,165
High_Congestion,3,Static,9,19,165
High_Congestion,3,Static,9,20,165
High_Congestion,3,Static,9,21,165
High_Congestion,3,Static,9,22,165
High_Congestion,3,Static,9,23,165
High_Congestion,3,Static,9,24,165
High_Congestion,3,Static,9,25,165
High_Congestion,3,Static,9,26,165
High_Congestion,3,Static,9,27,165
High_Congestion,3,Static,9,28,165
High_Congestion,3,Static,9,29,165
High_Congestion,3,Static,2,0,165
High_Congestion,3,Static,2,1,165
High_Congestion,3,Static,2,2,165
High_Congestion,3,Static,2,3,165
High_Congestion,3,Static,2,4,165
High_Congestion,3,Static,2,5,165
High_Congestion,3,Static,2,6,165
High_Congestion,3,Static,2,7,165
High_Congestion,3,Static,2,8,165
High_Congestion,3,Static,2,9,165
High_Congestion,3,Static,2,10,165
High_Congestion,3,Static,2,11,165
High_Congestion,3,Static,2,12,165
High_Congestion,3,Static,2,13,165
High_Congestion,3,Static,2,14,165
High_Congestion,3,Static,2,15,165
High_Congestion,3,Static,2,16,165
High_Congestion,3,Static,2,17,165
High_Congestion,3,Static,2,18,165
High_Congestion,3,Static,2,19,165
High_Congestion,3,Static,2,20,165
High_Congestion,3,Static,2,21,165
High_Congestion,3,Static,2,22,165
High_Congestion,3,Static,2,23,165
High_Congestion,3,Static,2,24,165
High_Congestion,3,Static,2,25,165
High_Congestion,3,Static,2,26,165
High_Congestion,3,Static,2,27,165
High_Congestion,3,Static,2,28,165
High_Congestion,3,Static,2,29,165
High_Congestion,3,Static,10,0,165
High_Congestion,3,Static,10,1,165
High_Congestion,3,Static,10,2,165
High_Congestion,3,Static,10,3,165
High_Congestion,3,Static,10,4,165
High_Congestion,3,Static,10,5,165
High_Congestion,3,Static,10,6,165
High_Congestion,3,Static,10,7,165
High_Congestion,3,Static,10,8,165
High_Congestion,3,Static,10,9,165
High_Congestion,3,Static,10,10,165
High_Congestion,3,Static,10,11,165
High_Congestion,3,Static,10,12,165
High_Congestion,3,Static,10,13,165
High_Congestion,3,Static,10,14,165
High_Congestion,3,Static,10,15,165
High_Congestion,3,Static,10,16,165
High_Congestion,3,Static,10,17,165
High_Congestion,3,Static,10,18,165
High_Congestion,3,Static,10,19,165
High_Congestion,3,Static,10,20,165
High_Congestion,3,Static,10,21,165
High_Congestion,3,Static,10,22,165
High_Congestion,3,Static,10,23,165
High_Congestion,3,Static,10,24,165
High_Congestion,3,Static,10,25,165
High_Congestion,3,Static,10,26,165
High_Congestion,3,Static,10,27,165
High_Congestion,3,Static,10,28,165
High_Congestion,3,Static,10,29,165
High_Congestion,3,Static,6,0,165
High_Congestion,3,Static,6,1,165
High_Congestion,3,Static,6,2,165
High_Congestion,3,Static,6,3,165
High_Congestion,3,Static,6,4,165
High_Congestion,3,Static,6,5,165
High_Congestion,3,Static,6,6,165
High_Congestion,3,Static,6,7,165
High_Congestion,3,Static,6,8,165
High_Congestion,3,Static,6,9,165
High_Congestion,3,Static,6,10,165
High_Congestion,3,Static,6,11,165
High_Congestion,3,Static,6,12,165
High_Congestion,3,Static,6,13,165
High_Congestion,3,Static,6,14,165
High_Congestion,3,Static,6,15,165
High_Congestion,3,Static,6,16,165
High_Congestion,3,Static,6,17,165
High_Congestion,3,Static,6,18,165
High_Congestion,3,Static,6,19,165
High_Congestion,3,Static,6,20,165
High_Congestion,3,Static,6,21,165
High_Congestion,3,Static,6,22,165
High_Congestion,3,Static,6,23,165
High_Congestion,3,Static,6,24,165
High_Congestion,3,Static,6,25,165
High_Congestion,3,Static,6,26,165
High_Congestion,3,Static,6,27,165
High_Congestion,3,Static,6,28,165
High_Congestion,3,Static,6,29,165
High_Congestion,3,Static,5,0,165
High_Congestion,3,Static,5,1,165
High_Congestion,3,Static,5,2,165
High_Congestion,3,Static,5,3,165
High_Congestion,3,Static,5,4,165
High_Congestion,3,Static,5,5,165
High_Congestion,3,Static,5,6,165
High_Congestion,3,Static,5,7,165
High_Congestion,3,Static,5,8,165
High_Congestion,3,Static,5,9,165
High_Congestion,3,Static,5,10,165
High_Congestion,3,Static,5,11,165
High_Congestion,3,Static,5,12,165
High_Congestion,3,Static,5,13,165
High_Congestion,3,Static,5,14,165
High_Congestion,3,Static,5,15,165
High_Congestion,3,Static,5,16,165
High_Congestion,3,Static,5,17,165
High_Congestion,3,Static,5,18,165
High_Congestion,3,Static,5,19,165
High_Congestion,3,Static,5,20,165
High_Congestion,3,Static,5,21,165
High_Congestion,3,Static,5,22,165
High_Congestion,3,Static,5,23,165
High_Congestion,3,Static,5,24,165
High_Congestion,3,Static,5,25,165
High_Congestion,3,Static,5,26,165
High_Congestion,3,Static,5,27,165
High_Congestion,3,Static,5,28,165
High_Congestion,3,Static,5,29,165
High_Congestion,3,Static,8,0,165
High_Congestion,3,Static,8,1,165
High_Congestion,3,Static,8,2,165
High_Congestion,3,Static,8,3,165
High_Congestion,3,Static,8,4,165
High_Congestion,3,Static,8,5,165
High_Congestion,3,Static,8,6,165
High_Congestion,3,Static,8,7,165
High_Congestion,3,Static,8,8,165
High_Congestion,3,Static,8,9,165
High_Congestion,3,Static,8,10,165
High_Congestion,3,Static,8,11,165
High_Congestion,3,Static,8,12,165
High_Congestion,3,Static,8,13,165
High_Congestion,3,Static,8,14,165
High_Congestion,3,Static,8,15,165
High_Congestion,3,Static,8,16,165
High_Congestion,3,Static,8,17,165
High_Congestion,3,Static,8,18,165
High_Congestion,3,Static,8,19,165
High_Congestion,3,Static,8,20,165
High_Congestion,3,Static,8,21,165
High_Congestion,3,Static,8,22,165
High_Congestion,3,Static,8,23,165
High_Congestion,3,Static,8,24,165
High_Congestion,3,Static,8,25,165
High_Congestion,3,Static,8,26,165
High_Congestion,3,Static,8,27,165
High_Congestion,3,Static,8,28,165
High_Congestion,3,Static,8,29,165
High_Congestion,3,Dynamic,9,0,213
High_Congestion,3,Dynamic,9,1,214
High_Congestion,3,Dynamic,9,2,214
High_Congestion,3,Dynamic,9,3,215
High_Congestion,3,Dynamic,9,4,215
High_Congestion,3,Dynamic,9,5,215
High_Congestion,3,Dynamic,9,6,215
High_Congestion,3,Dynamic,9,7,215
High_Congestion,3,Dynamic,9,8,215
High_Congestion,3,Dynamic,9,9,215
High_Congestion,3,Dynamic,9,10,215
High_Congestion,3,Dynamic,9,11,215
High_Congestion,3,Dynamic,9,12,215
High_Congestion,3,Dynamic,9,13,215
High_Congestion,3,Dynamic,9,14,215
High_Congestion,3,Dynamic,9,15,215
High_Congestion,3,Dynamic,9,16,216
High_Congestion,3,Dynamic,9,17,216
High_Congestion,3,Dynamic,9,18,216
High_Congestion,3,Dynamic,9,19,216
High_Congestion,3,Dynamic,9,20,216
High_Congestion,3,Dynamic,9,21,216
High_Congestion,3,Dynamic,9,22,216
High_Congestion,3,Dynamic,9,23,216
High_Congestion,3,Dynamic,9,24,216
High_Congestion,3,Dynamic,9,25,216
High_Congestion,3,Dynamic,9,26,216
High_Congestion,3,Dynamic,9,27,216
High_Congestion,3,Dynamic,9,28,216
High_Congestion,3,Dynamic,9,29,216
High_Congestion,3,Dynamic,10,0,213
High_Congestion,3,Dynamic,10,1,213
High_Congestion,3,Dynamic,10,2,213
High_Congestion,3,Dynamic,10,3,214
High_Congestion,3,Dynamic,10,4,215
High_Congestion,3,Dynamic,10,5,215
High_Congestion,3,Dynamic,10,6,215
High_Congestion,3,Dynamic,10,7,216
High_Congestion,3,Dynamic,10,8,216
High_Congestion,3,Dynamic,10,9,216
High_Congestion,3,Dynamic,10,10,216
High_Congestion,3,Dynamic,10,11,216
High_Congestion,3,Dynamic,10,12,216
High_Congestion,3,Dynamic,10,13,216
High_Congestion,3,Dynamic,10,14,216
High_Congestion,3,Dynamic,10,15,216
High_Congestion,3,Dynamic,10,16,216
High_Congestion,3,Dynamic,10,17,216
High_Congestion,3,Dynamic,10,18,216
High_Congestion,3,Dynamic,10,19,216
High_Congestion,3,Dynamic,10,20,216
High_Congestion,3,Dynamic,10,21,216
High_Congestion,3,Dynamic,10,22,216
High_Congestion,3,Dynamic,10,23,216
High_Congestion,3,Dynamic,10,24,216
High_Congestion,3,Dynamic,10,25,216
High_Congestion,3,Dynamic,10,26,216
High_Congestion,3,Dynamic,10,27,216
High_Congestion,3,Dynamic,10,28,216
High_Congestion,3,Dynamic,10,29,216
High_Congestion,3,Dynamic,7,0,213
High_Congestion,3,Dynamic,7,1,214
High_Congestion,3,Dynamic,7,2,214
High_Congestion,3,Dynamic,7,3,214
High_Congestion,3,Dynamic,7,4,215
High_Congestion,3,Dynamic,7,5,215
High_Congestion,3,Dynamic,7,6,215
High_Congestion,3,Dynamic,7,7,215
High_Congestion,3,Dynamic,7,8,216
High_Congestion,3,Dynamic,7,9,216
High_Congestion,3,Dynamic,7,10,216
High_Congestion,3,Dynamic,7,11,216
High_Congestion,3,Dynamic,7,12,216
High_Congestion,3,Dynamic,7,13,216
High_Congestion,3,Dynamic,7,14,216
High_Congestion,3,Dynamic,7,15,216
High_Congestion,3,Dynamic,7,16,216
High_Congestion,3,Dynamic,7,17,216
High_Congestion,3,Dynamic,7,18,216
High_Congestion,3,Dynamic,7,19,216
High_Congestion,3,Dynamic,7,20,216
High_Congestion,3,Dynamic,7,21,216
High_Congestion,3,Dynamic,7,22,216
High_Congestion,3,Dynamic,7,23,216
High_Congestion,3,Dynamic,7,24,216
High_Congestion,3,Dynamic,7,25,216
High_Congestion,3,Dynamic,7,26,216
High_Congestion,3,Dynamic,7,27,216
High_Congestion,3,Dynamic,7,28,216
High_Congestion,3,Dynamic,7,29,216
High_Congestion,3,Dynamic,1,0,213
High_Congestion,3,Dynamic,1,1,214
High_Congestion,3,Dynamic,1,2,214
High_Congestion,3,Dynamic,1,3,215
High_Congestion,3,Dynamic,1,4,215
High_Congestion,3,Dynamic,1,5,215
High_Congestion,3,Dynamic,1,6,215
High_Congestion,3,Dynamic,1,7,215
High_Congestion,3,Dynamic,1,8,215
High_Congestion,3,Dynamic,1,9,215
High_Congestion,3,Dynamic,1,10,215
High_Congestion,3,Dynamic,1,11,215
High_Congestion,3,Dynamic,1,12,215
High_Congestion,3,Dynamic,1,13,216
High_Congestion,3,Dynamic,1,14,216
High_Congestion,3,Dynamic,1,15,216
High_Congestion,3,Dynamic,1,16,216
High_Congestion,3,Dynamic,1,17,216
High_Congestion,3,Dynamic,1,18,216
High_Congestion,3,Dynamic,1,19,216
High_Congestion,3,Dynamic,1,20,216
High_Congestion,3,Dynamic,1,21,216
High_Congestion,3,Dynamic,1,22,216
High_Congestion,3,Dynamic,1,23,216
High_Congestion,3,Dynamic,1,24,216
High_Congestion,3,Dynamic,1,25,216
High_Congestion,3,Dynamic,1,26,216
High_Congestion,3,Dynamic,1,27,216
High_Congestion,3,Dynamic,1,28,216
High_Congestion,3,Dynamic,1,29,216
High_Congestion,3,Dynamic,8,0,214
High_Congestion,3,Dynamic,8,1,214
High_Congestion,3,Dynamic,8,2,214
High_Congestion,3,Dynamic,8,3,214
High_Congestion,3,Dynamic,8,4,215
High_Congestion,3,Dynamic,8,5,215
High_Congestion,3,Dynamic,8,6,215
High_Congestion,3,Dynamic,8,7,215
High_Congestion,3,Dynamic,8,8,215
High_Congestion,3,Dynamic,8,9,215
High_Congestion,3,Dynamic,8,10,216
High_Congestion,3,Dynamic,8,11,216
High_Congestion,3,Dynamic,8,12,216
High_Congestion,3,Dynamic,8,13,216
High_Congestion,3,Dynamic,8,14,216
High_Congestion,3,Dynamic,8,15,216
High_Congestion,3,Dynamic,8,16,216
High_Congestion,3,Dynamic,8,17,216
High_Congestion,3,Dynamic,8,18,216
High_Congestion,3,Dynamic,8,19,216
High_Congestion,3,Dynamic,8,20,216
High_Congestion,3,Dynamic,8,21,216
High_Congestion,3,Dynamic,8,22,216
High_Congestion,3,Dynamic,8,23,216
High_Congestion,3,Dynamic,8,24,216
High_Congestion,3,Dynamic,8,25,216
High_Congestion,3,Dynamic,8,26,216
High_Congestion,3,Dynamic,8,27,216
High_Congestion,3,Dynamic,8,28,216
High_Congestion,3,Dynamic,8,29,216
High_Congestion,3,Dynamic,5,0,212
High_Congestion,3,Dynamic,5,1,213
High_Congestion,3,Dynamic,5,2,214
High_Congestion,3,Dynamic,5,3,214
High_Congestion,3,Dynamic,5,4,214
High_Congestion,3,Dynamic,5,5,214
High_Congestion,3,Dynamic,5,6,215
High_Congestion,3,Dynamic,5,7,215
High_Congestion,3,Dynamic,5,8,215
High_Congestion,3,Dynamic,5,9,215
High_Congestion,3,Dynamic,5,10,215
High_Congestion,3,Dynamic,5,11,215
High_Congestion,3,Dynamic,5,12,215
High_Congestion,3,Dynamic,5,13,215
High_Congestion,3,Dynamic,5,14,215
High_Congestion,3,Dynamic,5,15,215
High_Congestion,3,Dynamic,5,16,215
High_Congestion,3,Dynamic,5,17,215
High_Congestion,3,Dynamic,5,18,215
High_Congestion,3,Dynamic,5,19,216
High_Congestion,3,Dynamic,5,20,216
High_Congestion,3,Dynamic,5,21,216
High_Congestion,3,Dynamic,5,22,216
High_Congestion,3,Dynamic,5,23,216
High_Congestion,3,Dynamic,5,24,216
High_Congestion,3,Dynamic,5,25,216
High_Congestion,3,Dynamic,5,26,216
High_Congestion,3,Dynamic,5,27,216
High_Congestion,3,Dynamic,5,28,216
High_Congestion,3,Dynamic,5,29,216
High_Congestion,3,Dynamic,4,0,213
High_Congestion,3,Dynamic,4,1,213
High_Congestion,3,Dynamic,4,2,213
High_Congestion,3,Dynamic,4,3,214
High_Congestion,3,Dynamic,4,4,214
High_Congestion,3,Dynamic,4,5,215
High_Congestion,3,Dynamic,4,6,215
High_Congestion,3,Dynamic,4,7,215
High_Congestion,3,Dynamic,4,8,215
High_Congestion,3,Dynamic,4,9,215
High_Congestion,3,Dynamic,4,10,216
High_Congestion,3,Dynamic,4,11,216
High_Congestion,3,Dynamic,4,12,216
High_Congestion,3,Dynamic,4,13,216
High_Congestion,3,Dynamic,4,14,216
High_Congestion,3,Dynamic,4,15,216
High_Congestion,3,Dynamic,4,16,216
High_Congestion,3,Dynamic,4,17,216
High_Congestion,3,Dynamic,4,18,216
High_Congestion,3,Dynamic,4,19,216
High_Congestion,3,Dynamic,4,20,216
High_Congestion,3,Dynamic,4,21,216
High_Congestion,3,Dynamic,4,22,216
High_Congestion,3,Dynamic,4,23,216
High_Congestion,3,Dynamic,4,24,216
High_Congestion,3,Dynamic,4,25,216
High_Congestion,3,Dynamic,4,26,216
High_Congestion,3,Dynamic,4,27,216
High_Congestion,3,Dynamic,4,28,216
High_Congestion,3,Dynamic,4,29,216
High_Congestion,3,Dynamic,6,0,212
High_Congestion,3,Dynamic,6,1,214
High_Congestion,3,Dynamic,6,2,214
High_Congestion,3,Dynamic,6,3,214
High_Congestion,3,Dynamic,6,4,215
High_Congestion,3,Dynamic,6,5,215
High_Congestion,3,Dynamic,6,6,215
High_Congestion,3,Dynamic,6,7,215
High_Congestion,3,Dynamic,6,8,215
High_Congestion,3,Dynamic,6,9,215
High_Congestion,3,Dynamic,6,10,215
High_Congestion,3,Dynamic,6,11,215
High_Congestion,3,Dynamic,6,12,215
High_Congestion,3,Dynamic,6,13,215
High_Congestion,3,Dynamic,6,14,215
High_Congestion,3,Dynamic,6,15,215
High_Congestion,3,Dynamic,6,16,215
High_Congestion,3,Dynamic,6,17,216
High_Congestion,3,Dynamic,6,18,216
High_Congestion,3,Dynamic,6,19,216
High_Congestion,3,Dynamic,6,20,216
High_Congestion,3,Dynamic,6,21,216
High_Congestion,3,Dynamic,6,22,216
High_Congestion,3,Dynamic,6,23,216
High_Congestion,3,Dynamic,6,24,216
High_Congestion,3,Dynamic,6,25,216
High_Congestion,3,Dynamic,6,26,216
High_Congestion,3,Dynamic,6,27,216
High_Congestion,3,Dynamic,6,28,216
High_Congestion,3,Dynamic,6,29,216
High_Congestion,3,Dynamic,3,0,212
High_Congestion,3,Dynamic,3,1,215
High_Congestion,3,Dynamic,3,2,215
High_Congestion,3,Dynamic,3,3,215
High_Congestion,3,Dynamic,3,4,216
High_Congestion,3,Dynamic,3,5,216
High_Congestion,3,Dynamic,3,6,216
High_Congestion,3,Dynamic,3,7,216
High_Congestion,3,Dynamic,3,8,216
High_Congestion,3,Dynamic,3,9,216
High_Congestion,3,Dynamic,3,10,216
High_Congestion,3,Dynamic,3,11,216
High_Congestion,3,Dynamic,3,12,216
High_Congestion,3,Dynamic,3,13,216
High_Congestion,3,Dynamic,3,14,216
High_Congestion,3,Dynamic,3,15,216
High_Congestion,3,Dynamic,3,16,216
High_Congestion,3,Dynamic,3,17,216
High_Congestion,3,Dynamic,3,18,216
High_Congestion,3,Dynamic,3,19,216
High_Congestion,3,Dynamic,3,20,216
High_Congestion,3,Dynamic,3,21,216
High_Congestion,3,Dynamic,3,22,216
High_Congestion,3,Dynamic,3,23,216
High_Congestion,3,Dynamic,3,24,216
High_Congestion,3,Dynamic,3,25,216
High_Congestion,3,Dynamic,3,26,216
High_Congestion,3,Dynamic,3,27,216
High_Congestion,3,Dynamic,3,28,216
High_Congestion,3,Dynamic,3,29,216
High_Congestion,3,Dynamic,2,0,213
High_Congestion,3,Dynamic,2,1,213
High_Congestion,3,Dynamic,2,2,214
High_Congestion,3,Dynamic,2,3,214
High_Congestion,3,Dynamic,2,4,214
High_Congestion,3,Dynamic,2,5,215
High_Congestion,3,Dynamic,2,6,215
High_Congestion,3,Dynamic,2,7,215
High_Congestion,3,Dynamic,2,8,216
High_Congestion,3,Dynamic,2,9,216
High_Congestion,3,Dynamic,2,10,216
High_Congestion,3,Dynamic,2,11,216
High_Congestion,3,Dynamic,2,12,216
High_Congestion,3,Dynamic,2,13,216
High_Congestion,3,Dynamic,2,14,216
High_Congestion,3,Dynamic,2,15,216
High_Congestion,3,Dynamic,2,16,216
High_Congestion,3,Dynamic,2,17,216
High_Congestion,3,Dynamic,2,18,216
High_Congestion,3,Dynamic,2,19,216
High_Congestion,3,Dynamic,2,20,216
High_Congestion,3,Dynamic,2,21,216
High_Congestion,3,Dynamic,2,22,216
High_Congestion,3,Dynamic,2,23,216
High_Congestion,3,Dynamic,2,24,216
High_Congestion,3,Dynamic,2,25,216
High_Congestion,3,Dynamic,2,26,216
High_Congestion,3,Dynamic,2,27,216
High_Congestion,3,Dynamic,2,28,216
High_Congestion,3,Dynamic,2,29,216
High_Congestion,4,Static,5,0,157
High_Congestion,4,Static,5,1,157
High_Congestion,4,Static,5,2,157
High_Congestion,4,Static,5,3,157
High_Congestion,4,Static,5,4,157
High_Congestion,4,Static,5,5,157
High_Congestion,4,Static,5,6,157
High_Congestion,4,Static,5,7,157
High_Congestion,4,Static,5,8,157
High_Congestion,4,Static,5,9,157
High_Congestion,4,Static,5,10,157
High_Congestion,4,Static,5,11,157
High_Congestion,4,Static,5,12,157
High_Congestion,4,Static,5,13,157
High_Congestion,4,Static,5,14,157
High_Congestion,4,Static,5,15,157
High_Congestion,4,Static,5,16,157
High_Congestion,4,Static,5,17,157
High_Congestion,4,Static,5,18,157
High_Congestion,4,Static,5,19,157
High_Congestion,4,Static,5,20,157
High_Congestion,4,Static,5,21,157
High_Congestion,4,Static,5,22,157
High_Congestion,4,Static,5,23,157
High_Congestion,4,Static,5,24,157
High_Congestion,4,Static,5,25,157
High_Congestion,4,Static,5,26,157
High_Congestion,4,Static,5,27,157
High_Congestion,4,Static,5,28,157
High_Congestion,4,Static,5,29,157
High_Congestion,4,Static,3,0,157
High_Congestion,4,Static,3,1,157
High_Congestion,4,Static,3,2,157
High_Congestion,4,Static,3,3,157
High_Congestion,4,Static,3,4,157
High_Congestion,4,Static,3,5,157
High_Congestion,4,Static,3,6,157
High_Congestion,4,Static,3,7,157
High_Congestion,4,Static,3,8,157
High_Congestion,4,Static,3,9,157
High_Congestion,4,Static,3,10,157
High_Congestion,4,Static,3,11,157
High_Congestion,4,Static,3,12,157
High_Congestion,4,Static,3,13,157
High_Congestion,4,Static,3,14,157
High_Congestion,4,Static,3,15,157
High_Congestion,4,Static,3,16,157
High_Congestion,4,Static,3,17,157
High_Congestion,4,Static,3,18,157
High_Congestion,4,Static,3,19,157
High_Congestion,4,Static,3,20,157
High_Congestion,4,Static,3,21,157
High_Congestion,4,Static,3,22,157
High_Congestion,4,Static,3,23,157
High_Congestion,4,Static,3,24,157
High_Congestion,4,Static,3,25,157
High_Congestion,4,Static,3,26,157
High_Congestion,4,Static,3,27,157
High_Congestion,4,Static,3,28,157
High_Congestion,4,Static,3,29,157
High_Congestion,4,Static,2,0,157
High_Congestion,4,Static,2,1,157
High_Congestion,4,Static,2,2,157
High_Congestion,4,Static,2,3,157
High_Congestion,4,Static,2,4,157
High_Congestion,4,Static,2,5,157
High_Congestion,4,Static,2,6,157
High_Congestion,4,Static,2,7,157
High_Congestion,4,Static,2,8,157
High_Congestion,4,Static,2,9,157
High_Congestion,4,Static,2,10,157
High_Congestion,4,Static,2,11,157
High_Congestion,4,Static,2,12,157
High_Congestion,4,Static,2,13,157
High_Congestion,4,Static,2,14,157
High_Congestion,4,Static,2,15,157
High_Congestion,4,Static,2,16,157
High_Congestion,4,Static,2,17,157
High_Congestion,4,Static,2,18,157
High_Congestion,4,Static,2,19,157
High_Congestion,4,Static,2,20,157
High_Congestion,4,Static,2,21,157
High_Congestion,4,Static,2,22,157
High_Congestion,4,Static,2,23,157
High_Congestion,4,Static,2,24,157
High_Congestion,4,Static,2,25,157
High_Congestion,4,Static,2,26,157
High_Congestion,4,Static,2,27,157
High_Congestion,4,Static,2,28,157
High_Congestion,4,Static,2,29,157
High_Congestion,4,Static,8,0,157
High_Congestion,4,Static,8,1,157
High_Congestion,4,Static,8,2,157
High_Congestion,4,Static,8,3,157
High_Congestion,4,Static,8,4,157
High_Congestion,4,Static,8,5,157
High_Congestion,4,Static,8,6,157
High_Congestion,4,Static,8,7,157
High_Congestion,4,Static,8,8,157
High_Congestion,4,Static,8,9,157
High_Congestion,4,Static,8,10,157
High_Congestion,4,Static,8,11,157
High_Congestion,4,Static,8,12,157
High_Congestion,4,Static,8,13,157
High_Congestion,4,Static,8,14,157
High_Congestion,4,Static,8,15,157
High_Congestion,4,Static,8,16,157
High_Congestion,4,Static,8,17,157
High_Congestion,4,Static,8,18,157
High_Congestion,4,Static,8,19,157
High_Congestion,4,Static,8,20,157
High_Congestion,4,Static,8,21,157
High_Congestion,4,Static,8,22,157
High_Congestion,4,Static,8,23,157
High_Congestion,4,Static,8,24,157
High_Congestion,4,Static,8,25,157
High_Congestion,4,Static,8,26,157
High_Congestion,4,Static,8,27,157
High_Congestion,4,Static,8,28,157
High_Congestion,4,Static,8,29,157
High_Congestion,4,Static,7,0,157
High_Congestion,4,Static,7,1,157
High_Congestion,4,Static,7,2,157
High_Congestion,4,Static,7,3,157
High_Congestion,4,Static,7,4,157
High_Congestion,4,Static,7,5,157
High_Congestion,4,Static,7,6,157
High_Congestion,4,Static,7,7,157
High_Congestion,4,Static,7,8,157
High_Congestion,4,Static,7,9,157
High_Congestion,4,Static,7,10,157
High_Congestion,4,Static,7,11,157
High_Congestion,4,Static,7,12,157
High_Congestion,4,Static,7,13,157
High_Congestion,4,Static,7,14,157
High_Congestion,4,Static,7,15,157
High_Congestion,4,Static,7,16,157
High_Congestion,4,Static,7,17,157
High_Congestion,4,Static,7,18,157
High_Congestion,4,Static,7,19,157
High_Congestion,4,Static,7,20,157
High_Congestion,4,Static,7,21,157
High_Congestion,4,Static,7,22,157
High_Congestion,4,Static,7,23,157
High_Congestion,4,Static,7,24,157
High_Congestion,4,Static,7,25,157
High_Congestion,4,Static,7,26,157
High_Congestion,4,Static,7,27,157
High_Congestion,4,Static,7,28,157
High_Congestion,4,Static,7,29,157
High_Congestion,4,Static,1,0,157
High_Congestion,4,Static,1,1,157
High_Congestion,4,Static,1,2,157
High_Congestion,4,Static,1,3,157
High_Congestion,4,Static,1,4,157
High_Congestion,4,Static,1,5,157
High_Congestion,4,Static,1,6,157
High_Congestion,4,Static,1,7,157
High_Congestion,4,Static,1,8,157
High_Congestion,4,Static,1,9,157
High_Congestion,4,Static,1,10,157
High_Congestion,4,Static,1,11,157
High_Congestion,4,Static,1,12,157
High_Congestion,4,Static,1,13,157
High_Congestion,4,Static,1,14,157
High_Congestion,4,Static,1,15,157
High_Congestion,4,Static,1,16,157
High_Congestion,4,Static,1,17,157
High_Congestion,4,Static,1,18,157
High_Congestion,4,Static,1,19,157
High_Congestion,4,Static,1,20,157
High_Congestion,4,Static,1,21,157
High_Congestion,4,Static,1,22,157
High_Congestion,4,Static,1,23,157
High_Congestion,4,Static,1,24,157
High_Congestion,4,Static,1,25,157
High_Congestion,4,Static,1,26,157
High_Congestion,4,Static,1,27,157
High_Congestion,4,Static,1,28,157
High_Congestion,4,Static,1,29,157
High_Congestion,4,Static,6,0,157
High_Congestion,4,Static,6,1,157
High_Congestion,4,Static,6,2,157
High_Congestion,4,Static,6,3,157
High_Congestion,4,Static,6,4,157
High_Congestion,4,Static,6,5,157
High_Congestion,4,Static,6,6,157
High_Congestion,4,Static,6,7,157
High_Congestion,4,Static,6,8,157
High_Congestion,4,Static,6,9,157
High_Congestion,4,Static,6,10,157
High_Congestion,4,Static,6,11,157
High_Congestion,4,Static,6,12,157
High_Congestion,4,Static,6,13,157
High_Congestion,4,Static,6,14,157
High_Congestion,4,Static,6,15,157
High_Congestion,4,Static,6,16,157
High_Congestion,4,Static,6,17,157
High_Congestion,4,Static,6,18,157
High_Congestion,4,Static,6,19,157
High_Congestion,4,Static,6,20,157
High_Congestion,4,Static,6,21,157
High_Congestion,4,Static,6,22,157
High_Congestion,4,Static,6,23,157
High_Congestion,4,Static,6,24,157
High_Congestion,4,Static,6,25,157
High_Congestion,4,Static,6,26,157
High_Congestion,4,Static,6,27,157
High_Congestion,4,Static,6,28,157
High_Congestion,4,Static,6,29,157
High_Congestion,4,Static,4,0,157
High_Congestion,4,Static,4,1,157
High_Congestion,4,Static,4,2,157
High_Congestion,4,Static,4,3,157
High_Congestion,4,Static,4,4,157
High_Congestion,4,Static,4,5,157
High_Congestion,4,Static,4,6,157
High_Congestion,4,Static,4,7,157
High_Congestion,4,Static,4,8,157
High_Congestion,4,Static,4,9,157
High_Congestion,4,Static,4,10,157
High_Congestion,4,Static,4,11,157
High_Congestion,4,Static,4,12,157
High_Congestion,4,Static,4,13,157
High_Congestion,4,Static,4,14,157
High_Congestion,4,Static,4,15,157
High_Congestion,4,Static,4,16,157
High_Congestion,4,Static,4,17,157
High_Congestion,4,Static,4,18,157
High_Congestion,4,Static,4,19,157
High_Congestion,4,Static,4,20,157
High_Congestion,4,Static,4,21,157
High_Congestion,4,Static,4,22,157
High_Congestion,4,Static,4,23,157
High_Congestion,4,Static,4,24,157
High_Congestion,4,Static,4,25,157
High_Congestion,4,Static,4,26,157
High_Congestion,4,Static,4,27,157
High_Congestion,4,Static,4,28,157
High_Congestion,4,Static,4,29,157
High_Congestion,4,Static,9,0,157
High_Congestion,4,Static,9,1,157
High_Congestion,4,Static,9,2,157
High_Congestion,4,Static,9,3,157
High_Congestion,4,Static,9,4,157
High_Congestion,4,Static,9,5,157
High_Congestion,4,Static,9,6,157
High_Congestion,4,Static,9,7,157
High_Congestion,4,Static,9,8,157
High_Congestion,4,Static,9,9,157
High_Congestion,4,Static,9,10,157
High_Congestion,4,Static,9,11,157
High_Congestion,4,Static,9,12,157
High_Congestion,4,Static,9,13,157
High_Congestion,4,Static,9,14,157
High_Congestion,4,Static,9,15,157
High_Congestion,4,Static,9,16,157
High_Congestion,4,Static,9,17,157
High_Congestion,4,Static,9,18,157
High_Congestion,4,Static,9,19,157
High_Congestion,4,Static,9,20,157
High_Congestion,4,Static,9,21,157
High_Congestion,4,Static,9,22,157
High_Congestion,4,Static,9,23,157
High_Congestion,4,Static,9,24,157
High_Congestion,4,Static,9,25,157
High_Congestion,4,Static,9,26,157
High_Congestion,4,Static,9,27,157
High_Congestion,4,Static,9,28,157
High_Congestion,4,Static,9,29,157
High_Congestion,4,Static,10,0,157
High_Congestion,4,Static,10,1,157
High_Congestion,4,Static,10,2,157
High_Congestion,4,Static,10,3,157
High_Congestion,4,Static,10,4,157
High_Congestion,4,Static,10,5,157
High_Congestion,4,Static,10,6,157
High_Congestion,4,Static,10,7,157
High_Congestion,4,Static,10,8,157
High_Congestion,4,Static,10,9,157
High_Congestion,4,Static,10,10,157
High_Congestion,4,Static,10,11,157
High_Congestion,4,Static,10,12,157
High_Congestion,4,Static,10,13,157
High_Congestion,4,Static,10,14,157
High_Congestion,4,Static,10,15,157
High_Congestion,4,Static,10,16,157
High_Congestion,4,Static,10,17,157
High_Congestion,4,Static,10,18,157
High_Congestion,4,Static,10,19,157
High_Congestion,4,Static,10,20,157
High_Congestion,4,Static,10,21,157
High_Congestion,4,Static,10,22,157
High_Congestion,4,Static,10,23,157
High_Congestion,4,Static,10,24,157
High_Congestion,4,Static,10,25,157
High_Congestion,4,Static,10,26,157
High_Congestion,4,Static,10,27,157
High_Congestion,4,Static,10,28,157
High_Congestion,4,Static,10,29,157
High_Congestion,4,Dynamic,1,0,217
High_Congestion,4,Dynamic,1,1,218
High_Congestion,4,Dynamic,1,2,219
High_Congestion,4,Dynamic,1,3,219
High_Congestion,4,Dynamic,1,4,220
High_Congestion,4,Dynamic,1,5,220
High_Congestion,4,Dynamic,1,6,220
High_Congestion,4,Dynamic,1,7,221
High_Congestion,4,Dynamic,1,8,221
High_Congestion,4,Dynamic,1,9,221
High_Congestion,4,Dynamic,1,10,221
High_Congestion,4,Dynamic,1,11,221
High_Congestion,4,Dynamic,1,12,221
High_Congestion,4,Dynamic,1,13,221
High_Congestion,4,Dynamic,1,14,222
High_Congestion,4,Dynamic,1,15,222
High_Congestion,4,Dynamic,1,16,222
High_Congestion,4,Dynamic,1,17,222
High_Congestion,4,Dynamic,1,18,222
High_Congestion,4,Dynamic,1,19,222
High_Congestion,4,Dynamic,1,20,222
High_Congestion,4,Dynamic,1,21,222
High_Congestion,4,Dynamic,1,22,222
High_Congestion,4,Dynamic,1,23,222
High_Congestion,4,Dynamic,1,24,222
High_Congestion,4,Dynamic,1,25,222
High_Congestion,4,Dynamic,1,26,222
High_Congestion,4,Dynamic,1,27,222
High_Congestion,4,Dynamic,1,28,222
High_Congestion,4,Dynamic,1,29,222
High_Congestion,4,Dynamic,3,0,216
High_Congestion,4,Dynamic,3,1,218
High_Congestion,4,Dynamic,3,2,219
High_Congestion,4,Dynamic,3,3,220
High_Congestion,4,Dynamic,3,4,220
High_Congestion,4,Dynamic,3,5,220
High_Congestion,4,Dynamic,3,6,220
High_Congestion,4,Dynamic,3,7,221
High_Congestion,4,Dynamic,3,8,221
High_Congestion,4,Dynamic,3,9,221
High_Congestion,4,Dynamic,3,10,221
High_Congestion,4,Dynamic,3,11,222
High_Congestion,4,Dynamic,3,12,222
High_Congestion,4,Dynamic,3,13,222
High_Congestion,4,Dynamic,3,14,222
High_Congestion,4,Dynamic,3,15,222
High_Congestion,4,Dynamic,3,16,222
High_Congestion,4,Dynamic,3,17,222
High_Congestion,4,Dynamic,3,18,222
High_Congestion,4,Dynamic,3,19,222
High_Congestion,4,Dynamic,3,20,222
High_Congestion,4,Dynamic,3,21,222
High_Congestion,4,Dynamic,3,22,222
High_Congestion,4,Dynamic,3,23,222
High_Congestion,4,Dynamic,3,24,222
High_Congestion,4,Dynamic,3,25,223
High_Congestion,4,Dynamic,3,26,223
High_Congestion,4,Dynamic,3,27,223
High_Congestion,4,Dynamic,3,28,223
High_Congestion,4,Dynamic,3,29,223
High_Congestion,4,Dynamic,5,0,216
High_Congestion,4,Dynamic,5,1,218
High_Congestion,4,Dynamic,5,2,219
High_Congestion,4,Dynamic,5,3,220
High_Congestion,4,Dynamic,5,4,220
High_Congestion,4,Dynamic,5,5,220
High_Congestion,4,Dynamic,5,6,220
High_Congestion,4,Dynamic,5,7,221
High_Congestion,4,Dynamic,5,8,221
High_Congestion,4,Dynamic,5,9,221
High_Congestion,4,Dynamic,5,10,221
High_Congestion,4,Dynamic,5,11,221
High_Congestion,4,Dynamic,5,12,221
High_Congestion,4,Dynamic,5,13,221
High_Congestion,4,Dynamic,5,14,221
High_Congestion,4,Dynamic,5,15,222
High_Congestion,4,Dynamic,5,16,222
High_Congestion,4,Dynamic,5,17,222
High_Congestion,4,Dynamic,5,18,222
High_Congestion,4,Dynamic,5,19,222
High_Congestion,4,Dynamic,5,20,222
High_Congestion,4,Dynamic,5,21,222
High_Congestion,4,Dynamic,5,22,222
High_Congestion,4,Dynamic,5,23,222
High_Congestion,4,Dynamic,5,24,222
High_Congestion,4,Dynamic,5,25,222
High_Congestion,4,Dynamic,5,26,222
High_Congestion,4,Dynamic,5,27,222
High_Congestion,4,Dynamic,5,28,222
High_Congestion,4,Dynamic,5,29,222
High_Congestion,4,Dynamic,6,0,216
High_Congestion,4,Dynamic,6,1,218
High_Congestion,4,Dynamic,6,2,219
High_Congestion,4,Dynamic,6,3,220
High_Congestion,4,Dynamic,6,4,220
High_Congestion,4,Dynamic,6,5,220
High_Congestion,4,Dynamic,6,6,221
High_Congestion,4,Dynamic,6,7,221
High_Congestion,4,Dynamic,6,8,221
High_Congestion,4,Dynamic,6,9,222
High_Congestion,4,Dynamic,6,10,222
High_Congestion,4,Dynamic,6,11,222
High_Congestion,4,Dynamic,6,12,222
High_Congestion,4,Dynamic,6,13,222
High_Congestion,4,Dynamic,6,14,222
High_Congestion,4,Dynamic,6,15,222
High_Congestion,4,Dynamic,6,16,222
High_Congestion,4,Dynamic,6,17,222
High_Congestion,4,Dynamic,6,18,222
High_Congestion,4,Dynamic,6,19,222
High_Congestion,4,Dynamic,6,20,222
High_Congestion,4,Dynamic,6,21,222
High_Congestion,4,Dynamic,6,22,222
High_Congestion,4,Dynamic,6,23,222
High_Congestion,4,Dynamic,6,24,222
High_Congestion,4,Dynamic,6,25,222
High_Congestion,4,Dynamic,6,26,222
High_Congestion,4,Dynamic,6,27,222
High_Congestion,4,Dynamic,6,28,222
High_Congestion,4,Dynamic,6,29,222
High_Congestion,4,Dynamic,9,0,216
High_Congestion,4,Dynamic,9,1,218
High_Congestion,4,Dynamic,9,2,219
High_Congestion,4,Dynamic,9,3,219
High_Congestion,4,Dynamic,9,4,220
High_Congestion,4,Dynamic,9,5,221
High_Congestion,4,Dynamic,9,6,221
High_Congestion,4,Dynamic,9,7,221
High_Congestion,4,Dynamic,9,8,221
High_Congestion,4,Dynamic,9,9,222
High_Congestion,4,Dynamic,9,10,222
High_Congestion,4,Dynamic,9,11,222
High_Congestion,4,Dynamic,9,12,222
High_Congestion,4,Dynamic,9,13,222
High_Congestion,4,Dynamic,9,14,222
High_Congestion,4,Dynamic,9,15,223
High_Congestion,4,Dynamic,9,16,223
High_Congestion,4,Dynamic,9,17,223
High_Congestion,4,Dynamic,9,18,223
High_Congestion,4,Dynamic,9,19,223
High_Congestion,4,Dynamic,9,20,223
High_Congestion,4,Dynamic,9,21,223
High_Congestion,4,Dynamic,9,22,223
High_Congestion,4,Dynamic,9,23,223
High_Congestion,4,Dynamic,9,24,223
High_Congestion,4,Dynamic,9,25,223
High_Congestion,4,Dynamic,9,26,223
High_Congestion,4,Dynamic,9,27,223
High_Congestion,4,Dynamic,9,28,223
High_Congestion,4,Dynamic,9,29,223
High_Congestion,4,Dynamic,4,0,216
High_Congestion,4,Dynamic,4,1,217
High_Congestion,4,Dynamic,4,2,219
High_Congestion,4,Dynamic,4,3,219
High_Congestion,4,Dynamic,4,4,219
High_Congestion,4,Dynamic,4,5,219
High_Congestion,4,Dynamic,4,6,220
High_Congestion,4,Dynamic,4,7,220
High_Congestion,4,Dynamic,4,8,221
High_Congestion,4,Dynamic,4,9,222
High_Congestion,4,Dynamic,4,10,222
High_Congestion,4,Dynamic,4,11,222
High_Congestion,4,Dynamic,4,12,222
High_Congestion,4,Dynamic,4,13,222
High_Congestion,4,Dynamic,4,14,222
High_Congestion,4,Dynamic,4,15,223
High_Congestion,4,Dynamic,4,16,223
High_Congestion,4,Dynamic,4,17,223
High_Congestion,4,Dynamic,4,18,223
High_Congestion,4,Dynamic,4,19,223
High_Congestion,4,Dynamic,4,20,223
High_Congestion,4,Dynamic,4,21,223
High_Congestion,4,Dynamic,4,22,223
High_Congestion,4,Dynamic,4,23,223
High_Congestion,4,Dynamic,4,24,223
High_Congestion,4,Dynamic,4,25,223
High_Congestion,4,Dynamic,4,26,223
High_Congestion,4,Dynamic,4,27,223
High_Congestion,4,Dynamic,4,28,223
High_Congestion,4,Dynamic,4,29,223
High_Congestion,4,Dynamic,8,0,216
High_Congestion,4,Dynamic,8,1,217
High_Congestion,4,Dynamic,8,2,219
High_Congestion,4,Dynamic,8,3,219
High_Congestion,4,Dynamic,8,4,220
High_Congestion,4,Dynamic,8,5,220
High_Congestion,4,Dynamic,8,6,220
High_Congestion,4,Dynamic,8,7,220
High_Congestion,4,Dynamic,8,8,220
High_Congestion,4,Dynamic,8,9,221
High_Congestion,4,Dynamic,8,10,221
High_Congestion,4,Dynamic,8,11,221
High_Congestion,4,Dynamic,8,12,222
High_Congestion,4,Dynamic,8,13,222
High_Congestion,4,Dynamic,8,14,222
High_Congestion,4,Dynamic,8,15,222
High_Congestion,4,Dynamic,8,16,222
High_Congestion,4,Dynamic,8,17,222
High_Congestion,4,Dynamic,8,18,222
High_Congestion,4,Dynamic,8,19,223
High_Congestion,4,Dynamic,8,20,223
High_Congestion,4,Dynamic,8,21,223
High_Congestion,4,Dynamic,8,22,223
High_Congestion,4,Dynamic,8,23,223
High_Congestion,4,Dynamic,8,24,223
High_Congestion,4,Dynamic,8,25,223
High_Congestion,4,Dynamic,8,26,223
High_Congestion,4,Dynamic,8,27,223
High_Congestion,4,Dynamic,8,28,223
High_Congestion,4,Dynamic,8,29,223
High_Congestion,4,Dynamic,7,0,216
High_Congestion,4,Dynamic,7,1,219
High_Congestion,4,Dynamic,7,2,219
High_Congestion,4,Dynamic,7,3,219
High_Congestion,4,Dynamic,7,4,219
High_Congestion,4,Dynamic,7,5,219
High_Congestion,4,Dynamic,7,6,220
High_Congestion,4,Dynamic,7,7,220
High_Congestion,4,Dynamic,7,8,220
High_Congestion,4,Dynamic,7,9,221
High_Congestion,4,Dynamic,7,10,221
High_Congestion,4,Dynamic,7,11,221
High_Congestion,4,Dynamic,7,12,221
High_Congestion,4,Dynamic,7,13,221
High_Congestion,4,Dynamic,7,14,222
High_Congestion,4,Dynamic,7,15,222
High_Congestion,4,Dynamic,7,16,222
High_Congestion,4,Dynamic,7,17,222
High_Congestion,4,Dynamic,7,18,222
High_Congestion,4,Dynamic,7,19,222
High_Congestion,4,Dynamic,7,20,222
High_Congestion,4,Dynamic,7,21,222
High_Congestion,4,Dynamic,7,22,222
High_Congestion,4,Dynamic,7,23,222
High_Congestion,4,Dynamic,7,24,222
High_Congestion,4,Dynamic,7,25,222
High_Congestion,4,Dynamic,7,26,222
High_Congestion,4,Dynamic,7,27,222
High_Congestion,4,Dynamic,7,28,222
High_Congestion,4,Dynamic,7,29,222
High_Congestion,4,Dynamic,10,0,217
High_Congestion,4,Dynamic,10,1,219
High_Congestion,4,Dynamic,10,2,219
High_Congestion,4,Dynamic,10,3,219
High_Congestion,4,Dynamic,10,4,220
High_Congestion,4,Dynamic,10,5,220
High_Congestion,4,Dynamic,10,6,221
High_Congestion,4,Dynamic,10,7,221
High_Congestion,4,Dynamic,10,8,221
High_Congestion,4,Dynamic,10,9,221
High_Congestion,4,Dynamic,10,10,221
High_Congestion,4,Dynamic,10,11,221
High_Congestion,4,Dynamic,10,12,221
High_Congestion,4,Dynamic,10,13,221
High_Congestion,4,Dynamic,10,14,221
High_Congestion,4,Dynamic,10,15,221
High_Congestion,4,Dynamic,10,16,221
High_Congestion,4,Dynamic,10,17,221
High_Congestion,4,Dynamic,10,18,221
High_Congestion,4,Dynamic,10,19,221
High_Congestion,4,Dynamic,10,20,221
High_Congestion,4,Dynamic,10,21,221
High_Congestion,4,Dynamic,10,22,222
High_Congestion,4,Dynamic,10,23,222
High_Congestion,4,Dynamic,10,24,222
High_Congestion,4,Dynamic,10,25,222
High_Congestion,4,Dynamic,10,26,222
High_Congestion,4,Dynamic,10,27,222
High_Congestion,4,Dynamic,10,28,222
High_Congestion,4,Dynamic,10,29,222
High_Congestion,4,Dynamic,2,0,216
High_Congestion,4,Dynamic,2,1,217
High_Congestion,4,Dynamic,2,2,218
High_Congestion,4,Dynamic,2,3,218
High_Congestion,4,Dynamic,2,4,219
High_Congestion,4,Dynamic,2,5,219
High_Congestion,4,Dynamic,2,6,220
High_Congestion,4,Dynamic,2,7,220
High_Congestion,4,Dynamic,2,8,220
High_Congestion,4,Dynamic,2,9,220
High_Congestion,4,Dynamic,2,10,221
High_Congestion,4,Dynamic,2,11,221
High_Congestion,4,Dynamic,2,12,221
High_Congestion,4,Dynamic,2,13,221
High_Congestion,4,Dynamic,2,14,221
High_Congestion,4,Dynamic,2,15,221
High_Congestion,4,Dynamic,2,16,221
High_Congestion,4,Dynamic,2,17,221
High_Congestion,4,Dynamic,2,18,221
High_Congestion,4,Dynamic,2,19,221
High_Congestion,4,Dynamic,2,20,221
High_Congestion,4,Dynamic,2,21,221
High_Congestion,4,Dynamic,2,22,221
High_Congestion,4,Dynamic,2,23,221
High_Congestion,4,Dynamic,2,24,221
High_Congestion,4,Dynamic,2,25,221
High_Congestion,4,Dynamic,2,26,221
High_Congestion,4,Dynamic,2,27,221
High_Congestion,4,Dynamic,2,28,221
High_Congestion,4,Dynamic,2,29,221
High_Congestion,5,Static,3,0,150
High_Congestion,5,Static,3,1,150
High_Congestion,5,Static,3,2,150
High_Congestion,5,Static,3,3,150
High_Congestion,5,Static,3,4,150
High_Congestion,5,Static,3,5,150
High_Congestion,5,Static,3,6,150
High_Congestion,5,Static,3,7,150
High_Congestion,5,Static,3,8,150
High_Congestion,5,Static,3,9,150
High_Congestion,5,Static,3,10,150
High_Congestion,5,Static,3,11,150
High_Congestion,5,Static,3,12,150
High_Congestion,5,Static,3,13,150
High_Congestion,5,Static,3,14,150
High_Congestion,5,Static,3,15,150
High_Congestion,5,Static,3,16,150
High_Congestion,5,Static,3,17,150
High_Congestion,5,Static,3,18,150
High_Congestion,5,Static,3,19,150
High_Congestion,5,Static,3,20,150
High_Congestion,5,Static,3,21,150
High_Congestion,5,Static,3,22,150
High_Congestion,5,Static,3,23,150
High_Congestion,5,Static,3,24,150
High_Congestion,5,Static,3,25,150
High_Congestion,5,Static,3,26,150
High_Congestion,5,Static,3,27,150
High_Congestion,5,Static,3,28,150
High_Congestion,5,Static,3,29,150
High_Congestion,5,Static,6,0,150
High_Congestion,5,Static,6,1,150
High_Congestion,5,Static,6,2,150
High_Congestion,5,Static,6,3,150
High_Congestion,5,Static,6,4,150
High_Congestion,5,Static,6,5,150
High_Congestion,5,Static,6,6,150
High_Congestion,5,Static,6,7,150
High_Congestion,5,Static,6,8,150
High_Congestion,5,Static,6,9,150
High_Congestion,5,Static,6,10,150
High_Congestion,5,Static,6,11,150
High_Congestion,5,Static,6,12,150
High_Congestion,5,Static,6,13,150
High_Congestion,5,Static,6,14,150
High_Congestion,5,Static,6,15,150
High_Congestion,5,Static,6,16,150
High_Congestion,5,Static,6,17,150
High_Congestion,5,Static,6,18,150
High_Congestion,5,Static,6,19,150
High_Congestion,5,Static,6,20,150
High_Congestion,5,Static,6,21,150
High_Congestion,5,Static,6,22,150
High_Congestion,5,Static,6,23,150
High_Congestion,5,Static,6,24,150
High_Congestion,5,Static,6,25,150
High_Congestion,5,Static,6,26,150
High_Congestion,5,Static,6,27,150
High_Congestion,5,Static,6,28,150
High_Congestion,5,Static,6,29,150
High_Congestion,5,Static,9,0,150
High_Congestion,5,Static,9,1,150
High_Congestion,5,Static,9,2,150
High_Congestion,5,Static,9,3,150
High_Congestion,5,Static,9,4,150
High_Congestion,5,Static,9,5,150
High_Congestion,5,Static,9,6,150
High_Congestion,5,Static,9,7,150
High_Congestion,5,Static,9,8,150
High_Congestion,5,Static,9,9,150
High_Congestion,5,Static,9,10,150
High_Congestion,5,Static,9,11,150
High_Congestion,5,Static,9,12,150
High_Congestion,5,Static,9,13,150
High_Congestion,5,Static,9,14,150
High_Congestion,5,Static,9,15,150
High_Congestion,5,Static,9,16,150
High_Congestion,5,Static,9,17,150
High_Congestion,5,Static,9,18,150
High_Congestion,5,Static,9,19,150
High_Congestion,5,Static,9,20,150
High_Congestion,5,Static,9,21,150
High_Congestion,5,Static,9,22,150
High_Congestion,5,Static,9,23,150
High_Congestion,5,Static,9,24,150
High_Congestion,5,Static,9,25,150
High_Congestion,5,Static,9,26,150
High_Congestion,5,Static,9,27,150
High_Congestion,5,Static,9,28,150
High_Congestion,5,Static,9,29,150
High_Congestion,5,Static,8,0,150
High_Congestion,5,Static,8,1,150
High_Congestion,5,Static,8,2,150
High_Congestion,5,Static,8,3,150
High_Congestion,5,Static,8,4,150
High_Congestion,5,Static,8,5,150
High_Congestion,5,Static,8,6,150
High_Congestion,5,Static,8,7,150
High_Congestion,5,Static,8,8,150
High_Congestion,5,Static,8,9,150
High_Congestion,5,Static,8,10,150
High_Congestion,5,Static,8,11,150
High_Congestion,5,Static,8,12,150
High_Congestion,5,Static,8,13,150
High_Congestion,5,Static,8,14,150
High_Congestion,5,Static,8,15,150
High_Congestion,5,Static,8,16,150
High_Congestion,5,Static,8,17,150
High_Congestion,5,Static,8,18,150
High_Congestion,5,Static,8,19,150
High_Congestion,5,Static,8,20,150
High_Congestion,5,Static,8,21,150
High_Congestion,5,Static,8,22,150
High_Congestion,5,Static,8,23,150
High_Congestion,5,Static,8,24,150
High_Congestion,5,Static,8,25,150
High_Congestion,5,Static,8,26,150
High_Congestion,5,Static,8,27,150
High_Congestion,5,Static,8,28,150
High_Congestion,5,Static,8,29,150
High_Congestion,5,Static,7,0,150
High_Congestion,5,Static,7,1,150
High_Congestion,5,Static,7,2,150
High_Congestion,5,Static,7,3,150
High_Congestion,5,Static,7,4,150
High_Congestion,5,Static,7,5,150
High_Congestion,5,Static,7,6,150
High_Congestion,5,Static,7,7,150
High_Congestion,5,Static,7,8,150
High_Congestion,5,Static,7,9,150
High_Congestion,5,Static,7,10,150
High_Congestion,5,Static,7,11,150
High_Congestion,5,Static,7,12,150
High_Congestion,5,Static,7,13,150
High_Congestion,5,Static,7,14,150
High_Congestion,5,Static,7,15,150
High_Congestion,5,Static,7,16,150
High_Congestion,5,Static,7,17,150
High_Congestion,5,Static,7,18,150
High_Congestion,5,Static,7,19,150
High_Congestion,5,Static,7,20,150
High_Congestion,5,Static,7,21,150
High_Congestion,5,Static,7,22,150
High_Congestion,5,Static,7,23,150
High_Congestion,5,Static,7,24,150
High_Congestion,5,Static,7,25,150
High_Congestion,5,Static,7,26,150
High_Congestion,5,Static,7,27,150
High_Congestion,5,Static,7,28,150
High_Congestion,5,Static,7,29,150
High_Congestion,5,Static,10,0,150
High_Congestion,5,Static,10,1,150
High_Congestion,5,Static,10,2,150
High_Congestion,5,Static,10,3,150
High_Congestion,5,Static,10,4,150
High_Congestion,5,Static,10,5,150
High_Congestion,5,Static,10,6,150
High_Congestion,5,Static,10,7,150
High_Congestion,5,Static,10,8,150
High_Congestion,5,Static,10,9,150
High_Congestion,5,Static,10,10,150
High_Congestion,5,Static,10,11,150
High_Congestion,5,Static,10,12,150
High_Congestion,5,Static,10,13,150
High_Congestion,5,Static,10,14,150
High_Congestion,5,Static,10,15,150
High_Congestion,5,Static,10,16,150
High_Congestion,5,Static,10,17,150
High_Congestion,5,Static,10,18,150
High_Congestion,5,Static,10,19,150
High_Congestion,5,Static,10,20,150
High_Congestion,5,Static,10,21,150
High_Congestion,5,Static,10,22,150
High_Congestion,5,Static,10,23,150
High_Congestion,5,Static,10,24,150
High_Congestion,5,Static,10,25,150
High_Congestion,5,Static,10,26,150
High_Congestion,5,Static,10,27,150
High_Congestion,5,Static,10,28,150
High_Congestion,5,Static,10,29,150
High_Congestion,5,Static,4,0,150
High_Congestion,5,Static,4,1,150
High_Congestion,5,Static,4,2,150
High_Congestion,5,Static,4,3,150
High_Congestion,5,Static,4,4,150
High_Congestion,5,Static,4,5,150
High_Congestion,5,Static,4,6,150
High_Congestion,5,Static,4,7,150
High_Congestion,5,Static,4,8,150
High_Congestion,5,Static,4,9,150
High_Congestion,5,Static,4,10,150
High_Congestion,5,Static,4,11,150
High_Congestion,5,Static,4,12,150
High_Congestion,5,Static,4,13,150
High_Congestion,5,Static,4,14,150
High_Congestion,5,Static,4,15,150
High_Congestion,5,Static,4,16,150
High_Congestion,5,Static,4,17,150
High_Congestion,5,Static,4,18,150
High_Congestion,5,Static,4,19,150
High_Congestion,5,Static,4,20,150
High_Congestion,5,Static,4,21,150
High_Congestion,5,Static,4,22,150
High_Congestion,5,Static,4,23,150
High_Congestion,5,Static,4,24,150
High_Congestion,5,Static,4,25,150
High_Congestion,5,Static,4,26,150
High_Congestion,5,Static,4,27,150
High_Congestion,5,Static,4,28,150
High_Congestion,5,Static,4,29,150
High_Congestion,5,Static,1,0,150
High_Congestion,5,Static,1,1,150
High_Congestion,5,Static,1,2,150
High_Congestion,5,Static,1,3,150
High_Congestion,5,Static,1,4,150
High_Congestion,5,Static,1,5,150
High_Congestion,5,Static,1,6,150
High_Congestion,5,Static,1,7,150
High_Congestion,5,Static,1,8,150
High_Congestion,5,Static,1,9,150
High_Congestion,5,Static,1,10,150
High_Congestion,5,Static,1,11,150
High_Congestion,5,Static,1,12,150
High_Congestion,5,Static,1,13,150
High_Congestion,5,Static,1,14,150
High_Congestion,5,Static,1,15,150
High_Congestion,5,Static,1,16,150
High_Congestion,5,Static,1,17,150
High_Congestion,5,Static,1,18,150
High_Congestion,5,Static,1,19,150
High_Congestion,5,Static,1,20,150
High_Congestion,5,Static,1,21,150
High_Congestion,5,Static,1,22,150
High_Congestion,5,Static,1,23,150
High_Congestion,5,Static,1,24,150
High_Congestion,5,Static,1,25,150
High_Congestion,5,Static,1,26,150
High_Congestion,5,Static,1,27,150
High_Congestion,5,Static,1,28,150
High_Congestion,5,Static,1,29,150
High_Congestion,5,Static,5,0,150
High_Congestion,5,Static,5,1,150
High_Congestion,5,Static,5,2,150
High_Congestion,5,Static,5,3,150
High_Congestion,5,Static,5,4,150
High_Congestion,5,Static,5,5,150
High_Congestion,5,Static,5,6,150
High_Congestion,5,Static,5,7,150
High_Congestion,5,Static,5,8,150
High_Congestion,5,Static,5,9,150
High_Congestion,5,Static,5,10,150
High_Congestion,5,Static,5,11,150
High_Congestion,5,Static,5,12,150
High_Congestion,5,Static,5,13,150
High_Congestion,5,Static,5,14,150
High_Congestion,5,Static,5,15,150
High_Congestion,5,Static,5,16,150
High_Congestion,5,Static,5,17,150
High_Congestion,5,Static,5,18,150
High_Congestion,5,Static,5,19,150
High_Congestion,5,Static,5,20,150
High_Congestion,5,Static,5,21,150
High_Congestion,5,Static,5,22,150
High_Congestion,5,Static,5,23,150
High_Congestion,5,Static,5,24,150
High_Congestion,5,Static,5,25,150
High_Congestion,5,Static,5,26,150
High_Congestion,5,Static,5,27,150
High_Congestion,5,Static,5,28,150
High_Congestion,5,Static,5,29,150
High_Congestion,5,Static,2,0,150
High_Congestion,5,Static,2,1,150
High_Congestion,5,Static,2,2,150
High_Congestion,5,Static,2,3,150
High_Congestion,5,Static,2,4,150
High_Congestion,5,Static,2,5,150
High_Congestion,5,Static,2,6,150
High_Congestion,5,Static,2,7,150
High_Congestion,5,Static,2,8,150
High_Congestion,5,Static,2,9,150
High_Congestion,5,Static,2,10,150
High_Congestion,5,Static,2,11,150
High_Congestion,5,Static,2,12,150
High_Congestion,5,Static,2,13,150
High_Congestion,5,Static,2,14,150
High_Congestion,5,Static,2,15,150
High_Congestion,5,Static,2,16,150
High_Congestion,5,Static,2,17,150
High_Congestion,5,Static,2,18,150
High_Congestion,5,Static,2,19,150
High_Congestion,5,Static,2,20,150
High_Congestion,5,Static,2,21,150
High_Congestion,5,Static,2,22,150
High_Congestion,5,Static,2,23,150
High_Congestion,5,Static,2,24,150
High_Congestion,5,Static,2,25,150
High_Congestion,5,Static,2,26,150
High_Congestion,5,Static,2,27,150
High_Congestion,5,Static,2,28,150
High_Congestion,5,Static,2,29,150
High_Congestion,5,Dynamic,9,0,216
High_Congestion,5,Dynamic,9,1,216
High_Congestion,5,Dynamic,9,2,218
High_Congestion,5,Dynamic,9,3,218
High_Congestion,5,Dynamic,9,4,218
High_Congestion,5,Dynamic,9,5,218
High_Congestion,5,Dynamic,9,6,218
High_Congestion,5,Dynamic,9,7,218
High_Congestion,5,Dynamic,9,8,218
High_Congestion,5,Dynamic,9,9,218
High_Congestion,5,Dynamic,9,10,218
High_Congestion,5,Dynamic,9,11,218
High_Congestion,5,Dynamic,9,12,218
High_Congestion,5,Dynamic,9,13,218
High_Congestion,5,Dynamic,9,14,218
High_Congestion,5,Dynamic,9,15,218
High_Congestion,5,Dynamic,9,16,218
High_Congestion,5,Dynamic,9,17,218
High_Congestion,5,Dynamic,9,18,218
High_Congestion,5,Dynamic,9,19,218
High_Congestion,5,Dynamic,9,20,218
High_Congestion,5,Dynamic,9,21,218
High_Congestion,5,Dynamic,9,22,218
High_Congestion,5,Dynamic,9,23,218
High_Congestion,5,Dynamic,9,24,218
High_Congestion,5,Dynamic,9,25,218
High_Congestion,5,Dynamic,9,26,218
High_Congestion,5,Dynamic,9,27,218
High_Congestion,5,Dynamic,9,28,218
High_Congestion,5,Dynamic,9,29,218
High_Congestion,5,Dynamic,3,0,216
High_Congestion,5,Dynamic,3,1,217
High_Congestion,5,Dynamic,3,2,217
High_Congestion,5,Dynamic,3,3,218
High_Congestion,5,Dynamic,3,4,218
High_Congestion,5,Dynamic,3,5,218
High_Congestion,5,Dynamic,3,6,218
High_Congestion,5,Dynamic,3,7,218
High_Congestion,5,Dynamic,3,8,218
High_Congestion,5,Dynamic,3,9,218
High_Congestion,5,Dynamic,3,10,218
High_Congestion,5,Dynamic,3,11,218
High_Congestion,5,Dynamic,3,12,218
High_Congestion,5,Dynamic,3,13,218
High_Congestion,5,Dynamic,3,14,218
High_Congestion,5,Dynamic,3,15,218
High_Congestion,5,Dynamic,3,16,218
High_Congestion,5,Dynamic,3,17,218
High_Congestion,5,Dynamic,3,18,218
High_Congestion,5,Dynamic,3,19,218
High_Congestion,5,Dynamic,3,20,218
High_Congestion,5,Dynamic,3,21,218
High_Congestion,5,Dynamic,3,22,218
High_Congestion,5,Dynamic,3,23,218
High_Congestion,5,Dynamic,3,24,218
High_Congestion,5,Dynamic,3,25,218
High_Congestion,5,Dynamic,3,26,218
High_Congestion,5,Dynamic,3,27,218
High_Congestion,5,Dynamic,3,28,218
High_Congestion,5,Dynamic,3,29,218
High_Congestion,5,Dynamic,2,0,216
High_Congestion,5,Dynamic,2,1,217
High_Congestion,5,Dynamic,2,2,218
High_Congestion,5,Dynamic,2,3,218
High_Congestion,5,Dynamic,2,4,218
High_Congestion,5,Dynamic,2,5,218
High_Congestion,5,Dynamic,2,6,218
High_Congestion,5,Dynamic,2,7,218
High_Congestion,5,Dynamic,2,8,218
High_Congestion,5,Dynamic,2,9,218
High_Congestion,5,Dynamic,2,10,218
High_Congestion,5,Dynamic,2,11,218
High_Congestion,5,Dynamic,2,12,218
High_Congestion,5,Dynamic,2,13,218
High_Congestion,5,Dynamic,2,14,218
High_Congestion,5,Dynamic,2,15,218
High_Congestion,5,Dynamic,2,16,218
High_Congestion,5,Dynamic,2,17,218
High_Congestion,5,Dynamic,2,18,218
High_Congestion,5,Dynamic,2,19,218
High_Congestion,5,Dynamic,2,20,218
High_Congestion,5,Dynamic,2,21,218
High_Congestion,5,Dynamic,2,22,218
High_Congestion,5,Dynamic,2,23,218
High_Congestion,5,Dynamic,2,24,218
High_Congestion,5,Dynamic,2,25,218
High_Congestion,5,Dynamic,2,26,218
High_Congestion,5,Dynamic,2,27,218
High_Congestion,5,Dynamic,2,28,218
High_Congestion,5,Dynamic,2,29,218
High_Congestion,5,Dynamic,6,0,216
High_Congestion,5,Dynamic,6,1,216
High_Congestion,5,Dynamic,6,2,218
High_Congestion,5,Dynamic,6,3,218
High_Congestion,5,Dynamic,6,4,218
High_Congestion,5,Dynamic,6,5,218
High_Congestion,5,Dynamic,6,6,218
High_Congestion,5,Dynamic,6,7,218
High_Congestion,5,Dynamic,6,8,218
High_Congestion,5,Dynamic,6,9,218
High_Congestion,5,Dynamic,6,10,218
High_Congestion,5,Dynamic,6,11,218
High_Congestion,5,Dynamic,6,12,218
High_Congestion,5,Dynamic,6,13,218
High_Congestion,5,Dynamic,6,14,218
High_Congestion,5,Dynamic,6,15,218
High_Congestion,5,Dynamic,6,16,218
High_Congestion,5,Dynamic,6,17,218
High_Congestion,5,Dynamic,6,18,218
High_Congestion,5,Dynamic,6,19,218
High_Congestion,5,Dynamic,6,20,218
High_Congestion,5,Dynamic,6,21,218
High_Congestion,5,Dynamic,6,22,218
High_Congestion,5,Dynamic,6,23,218
High_Congestion,5,Dynamic,6,24,218
High_Congestion,5,Dynamic,6,25,218
High_Congestion,5,Dynamic,6,26,218
High_Congestion,5,Dynamic,6,27,218
High_Congestion,5,Dynamic,6,28,218
High_Congestion,5,Dynamic,6,29,218
High_Congestion,5,Dynamic,8,0,216
High_Congestion,5,Dynamic,8,1,216
High_Congestion,5,Dynamic,8,2,218
High_Congestion,5,Dynamic,8,3,218
High_Congestion,5,Dynamic,8,4,218
High_Congestion,5,Dynamic,8,5,218
High_Congestion,5,Dynamic,8,6,218
High_Congestion,5,Dynamic,8,7,218
High_Congestion,5,Dynamic,8,8,218
High_Congestion,5,Dynamic,8,9,218
High_Congestion,5,Dynamic,8,10,218
High_Congestion,5,Dynamic,8,11,218
High_Congestion,5,Dynamic,8,12,218
High_Congestion,5,Dynamic,8,13,218
High_Congestion,5,Dynamic,8,14,218
High_Congestion,5,Dynamic,8,15,218
High_Congestion,5,Dynamic,8,16,218
High_Congestion,5,Dynamic,8,17,218
High_Congestion,5,Dynamic,8,18,218
High_Congestion,5,Dynamic,8,19,218
High_Congestion,5,Dynamic,8,20,218
High_Congestion,5,Dynamic,8,21,218
High_Congestion,5,Dynamic,8,22,218
High_Congestion,5,Dynamic,8,23,218
High_Congestion,5,Dynamic,8,24,218
High_Congestion,5,Dynamic,8,25,218
High_Congestion,5,Dynamic,8,26,218
High_Congestion,5,Dynamic,8,27,218
High_Congestion,5,Dynamic,8,28,218
High_Congestion,5,Dynamic,8,29,218
High_Congestion,5,Dynamic,4,0,216
High_Congestion,5,Dynamic,4,1,216
High_Congestion,5,Dynamic,4,2,217
High_Congestion,5,Dynamic,4,3,218
High_Congestion,5,Dynamic,4,4,218
High_Congestion,5,Dynamic,4,5,218
High_Congestion,5,Dynamic,4,6,218
High_Congestion,5,Dynamic,4,7,218
High_Congestion,5,Dynamic,4,8,218
High_Congestion,5,Dynamic,4,9,218
High_Congestion,5,Dynamic,4,10,218
High_Congestion,5,Dynamic,4,11,218
High_Congestion,5,Dynamic,4,12,218
High_Congestion,5,Dynamic,4,13,218
High_Congestion,5,Dynamic,4,14,218
High_Congestion,5,Dynamic,4,15,218
High_Congestion,5,Dynamic,4,16,218
High_Congestion,5,Dynamic,4,17,218
High_Congestion,5,Dynamic,4,18,218
High_Congestion,5,Dynamic,4,19,218
High_Congestion,5,Dynamic,4,20,218
High_Congestion,5,Dynamic,4,21,218
High_Congestion,5,Dynamic,4,22,218
High_Congestion,5,Dynamic,4,23,218
High_Congestion,5,Dynamic,4,24,218
High_Congestion,5,Dynamic,4,25,218
High_Congestion,5,Dynamic,4,26,218
High_Congestion,5,Dynamic,4,27,218
High_Congestion,5,Dynamic,4,28,218
High_Congestion,5,Dynamic,4,29,218
High_Congestion,5,Dynamic,1,0,216
High_Congestion,5,Dynamic,1,1,217
High_Congestion,5,Dynamic,1,2,217
High_Congestion,5,Dynamic,1,3,218
High_Congestion,5,Dynamic,1,4,218
High_Congestion,5,Dynamic,1,5,218
High_Congestion,5,Dynamic,1,6,218
High_Congestion,5,Dynamic,1,7,218
High_Congestion,5,Dynamic,1,8,218
High_Congestion,5,Dynamic,1,9,218
High_Congestion,5,Dynamic,1,10,218
High_Congestion,5,Dynamic,1,11,218
High_Congestion,5,Dynamic,1,12,218
High_Congestion,5,Dynamic,1,13,218
High_Congestion,5,Dynamic,1,14,218
High_Congestion,5,Dynamic,1,15,218
High_Congestion,5,Dynamic,1,16,218
High_Congestion,5,Dynamic,1,17,218
High_Congestion,5,Dynamic,1,18,218
High_Congestion,5,Dynamic,1,19,218
High_Congestion,5,Dynamic,1,20,218
High_Congestion,5,Dynamic,1,21,218
High_Congestion,5,Dynamic,1,22,218
High_Congestion,5,Dynamic,1,23,218
High_Congestion,5,Dynamic,1,24,218
High_Congestion,5,Dynamic,1,25,218
High_Congestion,5,Dynamic,1,26,218
High_Congestion,5,Dynamic,1,27,218
High_Congestion,5,Dynamic,1,28,218
High_Congestion,5,Dynamic,1,29,218
High_Congestion,5,Dynamic,5,0,217
High_Congestion,5,Dynamic,5,1,217
High_Congestion,5,Dynamic,5,2,217
High_Congestion,5,Dynamic,5,3,218
High_Congestion,5,Dynamic,5,4,218
High_Congestion,5,Dynamic,5,5,218
High_Congestion,5,Dynamic,5,6,218
High_Congestion,5,Dynamic,5,7,218
High_Congestion,5,Dynamic,5,8,218
High_Congestion,5,Dynamic,5,9,218
High_Congestion,5,Dynamic,5,10,218
High_Congestion,5,Dynamic,5,11,218
High_Congestion,5,Dynamic,5,12,218
High_Congestion,5,Dynamic,5,13,218
High_Congestion,5,Dynamic,5,14,218
High_Congestion,5,Dynamic,5,15,218
High_Congestion,5,Dynamic,5,16,218
High_Congestion,5,Dynamic,5,17,218
High_Congestion,5,Dynamic,5,18,218
High_Congestion,5,Dynamic,5,19,218
High_Congestion,5,Dynamic,5,20,218
High_Congestion,5,Dynamic,5,21,218
High_Congestion,5,Dynamic,5,22,218
High_Congestion,5,Dynamic,5,23,218
High_Congestion,5,Dynamic,5,24,218
High_Congestion,5,Dynamic,5,25,218
High_Congestion,5,Dynamic,5,26,218
High_Congestion,5,Dynamic,5,27,218
High_Congestion,5,Dynamic,5,28,218
High_Congestion,5,Dynamic,5,29,218
High_Congestion,5,Dynamic,10,0,216
High_Congestion,5,Dynamic,10,1,217
High_Congestion,5,Dynamic,10,2,218
High_Congestion,5,Dynamic,10,3,218
High_Congestion,5,Dynamic,10,4,218
High_Congestion,5,Dynamic,10,5,218
High_Congestion,5,Dynamic,10,6,218
High_Congestion,5,Dynamic,10,7,218
High_Congestion,5,Dynamic,10,8,218
High_Congestion,5,Dynamic,10,9,218
High_Congestion,5,Dynamic,10,10,218
High_Congestion,5,Dynamic,10,11,218
High_Congestion,5,Dynamic,10,12,218
High_Congestion,5,Dynamic,10,13,218
High_Congestion,5,Dynamic,10,14,218
High_Congestion,5,Dynamic,10,15,218
High_Congestion,5,Dynamic,10,16,218
High_Congestion,5,Dynamic,10,17,218
High_Congestion,5,Dynamic,10,18,218
High_Congestion,5,Dynamic,10,19,218
High_Congestion,5,Dynamic,10,20,218
High_Congestion,5,Dynamic,10,21,218
High_Congestion,5,Dynamic,10,22,218
High_Congestion,5,Dynamic,10,23,218
High_Congestion,5,Dynamic,10,24,218
High_Congestion,5,Dynamic,10,25,218
High_Congestion,5,Dynamic,10,26,218
High_Congestion,5,Dynamic,10,27,218
High_Congestion,5,Dynamic,10,28,218
High_Congestion,5,Dynamic,10,29,218
High_Congestion,5,Dynamic,7,0,216
High_Congestion,5,Dynamic,7,1,217
High_Congestion,5,Dynamic,7,2,218
High_Congestion,5,Dynamic,7,3,218
High_Congestion,5,Dynamic,7,4,218
High_Congestion,5,Dynamic,7,5,218
High_Congestion,5,Dynamic,7,6,218
High_Congestion,5,Dynamic,7,7,218
High_Congestion,5,Dynamic,7,8,218
High_Congestion,5,Dynamic,7,9,218
High_Congestion,5,Dynamic,7,10,218
High_Congestion,5,Dynamic,7,11,218
High_Congestion,5,Dynamic,7,12,218
High_Congestion,5,Dynamic,7,13,218
High_Congestion,5,Dynamic,7,14,218
High_Congestion,5,Dynamic,7,15,218
High_Congestion,5,Dynamic,7,16,218
High_Congestion,5,Dynamic,7,17,218
High_Congestion,5,Dynamic,7,18,218
High_Congestion,5,Dynamic,7,19,218
High_Congestion,5,Dynamic,7,20,218
High_Congestion,5,Dynamic,7,21,218
High_Congestion,5,Dynamic,7,22,218
High_Congestion,5,Dynamic,7,23,218
High_Congestion,5,Dynamic,7,24,218
High_Congestion,5,Dynamic,7,25,218
High_Congestion,5,Dynamic,7,26,218
High_Congestion,5,Dynamic,7,27,218
High_Congestion,5,Dynamic,7,28,218
High_Congestion,5,Dynamic,7,29,218
Extreme_Peak,1,Static,8,0,264
Extreme_Peak,1,Static,8,1,264
Extreme_Peak,1,Static,8,2,264
Extreme_Peak,1,Static,8,3,264
Extreme_Peak,1,Static,8,4,264
Extreme_Peak,1,Static,8,5,264
Extreme_Peak,1,Static,8,6,264
Extreme_Peak,1,Static,8,7,264
Extreme_Peak,1,Static,8,8,264
Extreme_Peak,1,Static,8,9,264
Extreme_Peak,1,Static,8,10,264
Extreme_Peak,1,Static,8,11,264
Extreme_Peak,1,Static,8,12,264
Extreme_Peak,1,Static,8,13,264
Extreme_Peak,1,Static,8,14,264
Extreme_Peak,1,Static,8,15,264
Extreme_Peak,1,Static,8,16,264
Extreme_Peak,1,Static,8,17,264
Extreme_Peak,1,Static,8,18,264
Extreme_Peak,1,Static,8,19,264
Extreme_Peak,1,Static,8,20,264
Extreme_Peak,1,Static,8,21,264
Extreme_Peak,1,Static,8,22,264
Extreme_Peak,1,Static,8,23,264
Extreme_Peak,1,Static,8,24,264
Extreme_Peak,1,Static,8,25,264
Extreme_Peak,1,Static,8,26,264
Extreme_Peak,1,Static,8,27,264
Extreme_Peak,1,Static,8,28,264
Extreme_Peak,1,Static,8,29,264
Extreme_Peak,1,Static,9,0,264
Extreme_Peak,1,Static,9,1,264
Extreme_Peak,1,Static,9,2,264
Extreme_Peak,1,Static,9,3,264
Extreme_Peak,1,Static,9,4,264
Extreme_Peak,1,Static,9,5,264
Extreme_Peak,1,Static,9,6,264
Extreme_Peak,1,Static,9,7,264
Extreme_Peak,1,Static,9,8,264
Extreme_Peak,1,Static,9,9,264
Extreme_Peak,1,Static,9,10,264
Extreme_Peak,1,Static,9,11,264
Extreme_Peak,1,Static,9,12,264
Extreme_Peak,1,Static,9,13,264
Extreme_Peak,1,Static,9,14,264
Extreme_Peak,1,Static,9,15,264
Extreme_Peak,1,Static,9,16,264
Extreme_Peak,1,Static,9,17,264
Extreme_Peak,1,Static,9,18,264
Extreme_Peak,1,Static,9,19,264
Extreme_Peak,1,Static,9,20,264
Extreme_Peak,1,Static,9,21,264
Extreme_Peak,1,Static,9,22,264
Extreme_Peak,1,Static,9,23,264
Extreme_Peak,1,Static,9,24,264
Extreme_Peak,1,Static,9,25,264
Extreme_Peak,1,Static,9,26,264
Extreme_Peak,1,Static,9,27,264
Extreme_Peak,1,Static,9,28,264
Extreme_Peak,1,Static,9,29,264
Extreme_Peak,1,Static,6,0,264
Extreme_Peak,1,Static,6,1,264
Extreme_Peak,1,Static,6,2,264
Extreme_Peak,1,Static,6,3,264
Extreme_Peak,1,Static,6,4,264
Extreme_Peak,1,Static,6,5,264
Extreme_Peak,1,Static,6,6,264
Extreme_Peak,1,Static,6,7,264
Extreme_Peak,1,Static,6,8,264
Extreme_Peak,1,Static,6,9,264
Extreme_Peak,1,Static,6,10,264
Extreme_Peak,1,Static,6,11,264
Extreme_Peak,1,Static,6,12,264
Extreme_Peak,1,Static,6,13,264
Extreme_Peak,1,Static,6,14,264
Extreme_Peak,1,Static,6,15,264
Extreme_Peak,1,Static,6,16,264
Extreme_Peak,1,Static,6,17,264
Extreme_Peak,1,Static,6,18,264
Extreme_Peak,1,Static,6,19,264
Extreme_Peak,1,Static,6,20,264
Extreme_Peak,1,Static,6,21,264
Extreme_Peak,1,Static,6,22,264
Extreme_Peak,1,Static,6,23,264
Extreme_Peak,1,Static,6,24,264
Extreme_Peak,1,Static,6,25,264
Extreme_Peak,1,Static,6,26,264
Extreme_Peak,1,Static,6,27,264
Extreme_Peak,1,Static,6,28,264
Extreme_Peak,1,Static,6,29,264
Extreme_Peak,1,Static,2,0,264
Extreme_Peak,1,Static,2,1,264
Extreme_Peak,1,Static,2,2,264
Extreme_Peak,1,Static,2,3,264
Extreme_Peak,1,Static,2,4,264
Extreme_Peak,1,Static,2,5,264
Extreme_Peak,1,Static,2,6,264
Extreme_Peak,1,Static,2,7,264
Extreme_Peak,1,Static,2,8,264
Extreme_Peak,1,Static,2,9,264
Extreme_Peak,1,Static,2,10,264
Extreme_Peak,1,Static,2,11,264
Extreme_Peak,1,Static,2,12,264
Extreme_Peak,1,Static,2,13,264
Extreme_Peak,1,Static,2,14,264
Extreme_Peak,1,Static,2,15,264
Extreme_Peak,1,Static,2,16,264
Extreme_Peak,1,Static,2,17,264
Extreme_Peak,1,Static,2,18,264
Extreme_Peak,1,Static,2,19,264
Extreme_Peak,1,Static,2,20,264
Extreme_Peak,1,Static,2,21,264
Extreme_Peak,1,Static,2,22,264
Extreme_Peak,1,Static,2,23,264
Extreme_Peak,1,Static,2,24,264
Extreme_Peak,1,Static,2,25,264
Extreme_Peak,1,Static,2,26,264
Extreme_Peak,1,Static,2,27,264
Extreme_Peak,1,Static,2,28,264
Extreme_Peak,1,Static,2,29,264
Extreme_Peak,1,Static,4,0,264
Extreme_Peak,1,Static,4,1,264
Extreme_Peak,1,Static,4,2,264
Extreme_Peak,1,Static,4,3,264
Extreme_Peak,1,Static,4,4,264
Extreme_Peak,1,Static,4,5,264
Extreme_Peak,1,Static,4,6,264
Extreme_Peak,1,Static,4,7,264
Extreme_Peak,1,Static,4,8,264
Extreme_Peak,1,Static,4,9,264
Extreme_Peak,1,Static,4,10,264
Extreme_Peak,1,Static,4,11,264
Extreme_Peak,1,Static,4,12,264
Extreme_Peak,1,Static,4,13,264
Extreme_Peak,1,Static,4,14,264
Extreme_Peak,1,Static,4,15,264
Extreme_Peak,1,Static,4,16,264
Extreme_Peak,1,Static,4,17,264
Extreme_Peak,1,Static,4,18,264
Extreme_Peak,1,Static,4,19,264
Extreme_Peak,1,Static,4,20,264
Extreme_Peak,1,Static,4,21,264
Extreme_Peak,1,Static,4,22,264
Extreme_Peak,1,Static,4,23,264
Extreme_Peak,1,Static,4,24,264
Extreme_Peak,1,Static,4,25,264
Extreme_Peak,1,Static,4,26,264
Extreme_Peak,1,Static,4,27,264
Extreme_Peak,1,Static,4,28,264
Extreme_Peak,1,Static,4,29,264
Extreme_Peak,1,Static,1,0,264
Extreme_Peak,1,Static,1,1,264
Extreme_Peak,1,Static,1,2,264
Extreme_Peak,1,Static,1,3,264
Extreme_Peak,1,Static,1,4,264
Extreme_Peak,1,Static,1,5,264
Extreme_Peak,1,Static,1,6,264
Extreme_Peak,1,Static,1,7,264
Extreme_Peak,1,Static,1,8,264
Extreme_Peak,1,Static,1,9,264
Extreme_Peak,1,Static,1,10,264
Extreme_Peak,1,Static,1,11,264
Extreme_Peak,1,Static,1,12,264
Extreme_Peak,1,Static,1,13,264
Extreme_Peak,1,Static,1,14,264
Extreme_Peak,1,Static,1,15,264
Extreme_Peak,1,Static,1,16,264
Extreme_Peak,1,Static,1,17,264
Extreme_Peak,1,Static,1,18,264
Extreme_Peak,1,Static,1,19,264
Extreme_Peak,1,Static,1,20,264
Extreme_Peak,1,Static,1,21,264
Extreme_Peak,1,Static,1,22,264
Extreme_Peak,1,Static,1,23,264
Extreme_Peak,1,Static,1,24,264
Extreme_Peak,1,Static,1,25,264
Extreme_Peak,1,Static,1,26,264
Extreme_Peak,1,Static,1,27,264
Extreme_Peak,1,Static,1,28,264
Extreme_Peak,1,Static,1,29,264
Extreme_Peak,1,Static,5,0,264
Extreme_Peak,1,Static,5,1,264
Extreme_Peak,1,Static,5,2,264
Extreme_Peak,1,Static,5,3,264
Extreme_Peak,1,Static,5,4,264
Extreme_Peak,1,Static,5,5,264
Extreme_Peak,1,Static,5,6,264
Extreme_Peak,1,Static,5,7,264
Extreme_Peak,1,Static,5,8,264
Extreme_Peak,1,Static,5,9,264
Extreme_Peak,1,Static,5,10,264
Extreme_Peak,1,Static,5,11,264
Extreme_Peak,1,Static,5,12,264
Extreme_Peak,1,Static,5,13,264
Extreme_Peak,1,Static,5,14,264
Extreme_Peak,1,Static,5,15,264
Extreme_Peak,1,Static,5,16,264
Extreme_Peak,1,Static,5,17,264
Extreme_Peak,1,Static,5,18,264
Extreme_Peak,1,Static,5,19,264
Extreme_Peak,1,Static,5,20,264
Extreme_Peak,1,Static,5,21,264
Extreme_Peak,1,Static,5,22,264
Extreme_Peak,1,Static,5,23,264
Extreme_Peak,1,Static,5,24,264
Extreme_Peak,1,Static,5,25,264
Extreme_Peak,1,Static,5,26,264
Extreme_Peak,1,Static,5,27,264
Extreme_Peak,1,Static,5,28,264
Extreme_Peak,1,Static,5,29,264
Extreme_Peak,1,Static,3,0,264
Extreme_Peak,1,Static,3,1,264
Extreme_Peak,1,Static,3,2,264
Extreme_Peak,1,Static,3,3,264
Extreme_Peak,1,Static,3,4,264
Extreme_Peak,1,Static,3,5,264
Extreme_Peak,1,Static,3,6,264
Extreme_Peak,1,Static,3,7,264
Extreme_Peak,1,Static,3,8,264
Extreme_Peak,1,Static,3,9,264
Extreme_Peak,1,Static,3,10,264
Extreme_Peak,1,Static,3,11,264
Extreme_Peak,1,Static,3,12,264
Extreme_Peak,1,Static,3,13,264
Extreme_Peak,1,Static,3,14,264
Extreme_Peak,1,Static,3,15,264
Extreme_Peak,1,Static,3,16,264
Extreme_Peak,1,Static,3,17,264
Extreme_Peak,1,Static,3,18,264
Extreme_Peak,1,Static,3,19,264
Extreme_Peak,1,Static,3,20,264
Extreme_Peak,1,Static,3,21,264
Extreme_Peak,1,Static,3,22,264
Extreme_Peak,1,Static,3,23,264
Extreme_Peak,1,Static,3,24,264
Extreme_Peak,1,Static,3,25,264
Extreme_Peak,1,Static,3,26,264
Extreme_Peak,1,Static,3,27,264
Extreme_Peak,1,Static,3,28,264
Extreme_Peak,1,Static,3,29,264
Extreme_Peak,1,Static,7,0,264
Extreme_Peak,1,Static,7,1,264
Extreme_Peak,1,Static,7,2,264
Extreme_Peak,1,Static,7,3,264
Extreme_Peak,1,Static,7,4,264
Extreme_Peak,1,Static,7,5,264
Extreme_Peak,1,Static,7,6,264
Extreme_Peak,1,Static,7,7,264
Extreme_Peak,1,Static,7,8,264
Extreme_Peak,1,Static,7,9,264
Extreme_Peak,1,Static,7,10,264
Extreme_Peak,1,Static,7,11,264
Extreme_Peak,1,Static,7,12,264
Extreme_Peak,1,Static,7,13,264
Extreme_Peak,1,Static,7,14,264
Extreme_Peak,1,Static,7,15,264
Extreme_Peak,1,Static,7,16,264
Extreme_Peak,1,Static,7,17,264
Extreme_Peak,1,Static,7,18,264
Extreme_Peak,1,Static,7,19,264
Extreme_Peak,1,Static,7,20,264
Extreme_Peak,1,Static,7,21,264
Extreme_Peak,1,Static,7,22,264
Extreme_Peak,1,Static,7,23,264
Extreme_Peak,1,Static,7,24,264
Extreme_Peak,1,Static,7,25,264
Extreme_Peak,1,Static,7,26,264
Extreme_Peak,1,Static,7,27,264
Extreme_Peak,1,Static,7,28,264
Extreme_Peak,1,Static,7,29,264
Extreme_Peak,1,Static,10,0,264
Extreme_Peak,1,Static,10,1,264
Extreme_Peak,1,Static,10,2,264
Extreme_Peak,1,Static,10,3,264
Extreme_Peak,1,Static,10,4,264
Extreme_Peak,1,Static,10,5,264
Extreme_Peak,1,Static,10,6,264
Extreme_Peak,1,Static,10,7,264
Extreme_Peak,1,Static,10,8,264
Extreme_Peak,1,Static,10,9,264
Extreme_Peak,1,Static,10,10,264
Extreme_Peak,1,Static,10,11,264
Extreme_Peak,1,Static,10,12,264
Extreme_Peak,1,Static,10,13,264
Extreme_Peak,1,Static,10,14,264
Extreme_Peak,1,Static,10,15,264
Extreme_Peak,1,Static,10,16,264
Extreme_Peak,1,Static,10,17,264
Extreme_Peak,1,Static,10,18,264
Extreme_Peak,1,Static,10,19,264
Extreme_Peak,1,Static,10,20,264
Extreme_Peak,1,Static,10,21,264
Extreme_Peak,1,Static,10,22,264
Extreme_Peak,1,Static,10,23,264
Extreme_Peak,1,Static,10,24,264
Extreme_Peak,1,Static,10,25,264
Extreme_Peak,1,Static,10,26,264
Extreme_Peak,1,Static,10,27,264
Extreme_Peak,1,Static,10,28,264
Extreme_Peak,1,Static,10,29,264
Extreme_Peak,1,Dynamic,5,0,387
Extreme_Peak,1,Dynamic,5,1,388
Extreme_Peak,1,Dynamic,5,2,390
Extreme_Peak,1,Dynamic,5,3,391
Extreme_Peak,1,Dynamic,5,4,391
Extreme_Peak,1,Dynamic,5,5,391
Extreme_Peak,1,Dynamic,5,6,391
Extreme_Peak,1,Dynamic,5,7,391
Extreme_Peak,1,Dynamic,5,8,391
Extreme_Peak,1,Dynamic,5,9,391
Extreme_Peak,1,Dynamic,5,10,391
Extreme_Peak,1,Dynamic,5,11,391
Extreme_Peak,1,Dynamic,5,12,391
Extreme_Peak,1,Dynamic,5,13,391
Extreme_Peak,1,Dynamic,5,14,392
Extreme_Peak,1,Dynamic,5,15,392
Extreme_Peak,1,Dynamic,5,16,392
Extreme_Peak,1,Dynamic,5,17,392
Extreme_Peak,1,Dynamic,5,18,392
Extreme_Peak,1,Dynamic,5,19,392
Extreme_Peak,1,Dynamic,5,20,392
Extreme_Peak,1,Dynamic,5,21,392
Extreme_Peak,1,Dynamic,5,22,392
Extreme_Peak,1,Dynamic,5,23,392
Extreme_Peak,1,Dynamic,5,24,393
Extreme_Peak,1,Dynamic,5,25,393
Extreme_Peak,1,Dynamic,5,26,393
Extreme_Peak,1,Dynamic,5,27,393
Extreme_Peak,1,Dynamic,5,28,393
Extreme_Peak,1,Dynamic,5,29,393
Extreme_Peak,1,Dynamic,9,0,389
Extreme_Peak,1,Dynamic,9,1,389
Extreme_Peak,1,Dynamic,9,2,390
Extreme_Peak,1,Dynamic,9,3,390
Extreme_Peak,1,Dynamic,9,4,391
Extreme_Peak,1,Dynamic,9,5,391
Extreme_Peak,1,Dynamic,9,6,391
Extreme_Peak,1,Dynamic,9,7,392
Extreme_Peak,1,Dynamic,9,8,392
Extreme_Peak,1,Dynamic,9,9,393
Extreme_Peak,1,Dynamic,9,10,393
Extreme_Peak,1,Dynamic,9,11,393
Extreme_Peak,1,Dynamic,9,12,393
Extreme_Peak,1,Dynamic,9,13,393
Extreme_Peak,1,Dynamic,9,14,393
Extreme_Peak,1,Dynamic,9,15,393
Extreme_Peak,1,Dynamic,9,16,393
Extreme_Peak,1,Dynamic,9,17,393
Extreme_Peak,1,Dynamic,9,18,393
Extreme_Peak,1,Dynamic,9,19,393
Extreme_Peak,1,Dynamic,9,20,393
Extreme_Peak,1,Dynamic,9,21,393
Extreme_Peak,1,Dynamic,9,22,393
Extreme_Peak,1,Dynamic,9,23,393
Extreme_Peak,1,Dynamic,9,24,393
Extreme_Peak,1,Dynamic,9,25,394
Extreme_Peak,1,Dynamic,9,26,394
Extreme_Peak,1,Dynamic,9,27,394
Extreme_Peak,1,Dynamic,9,28,394
Extreme_Peak,1,Dynamic,9,29,394
Extreme_Peak,1,Dynamic,10,0,387
Extreme_Peak,1,Dynamic,10,1,387
Extreme_Peak,1,Dynamic,10,2,388
Extreme_Peak,1,Dynamic,10,3,390
Extreme_Peak,1,Dynamic,10,4,392
Extreme_Peak,1,Dynamic,10,5,393
Extreme_Peak,1,Dynamic,10,6,394
Extreme_Peak,1,Dynamic,10,7,394
Extreme_Peak,1,Dynamic,10,8,394
Extreme_Peak,1,Dynamic,10,9,394
Extreme_Peak,1,Dynamic,10,10,394
Extreme_Peak,1,Dynamic,10,11,394
Extreme_Peak,1,Dynamic,10,12,394
Extreme_Peak,1,Dynamic,10,13,394
Extreme_Peak,1,Dynamic,10,14,394
Extreme_Peak,1,Dynamic,10,15,394
Extreme_Peak,1,Dynamic,10,16,394
Extreme_Peak,1,Dynamic,10,17,394
Extreme_Peak,1,Dynamic,10,18,394
Extreme_Peak,1,Dynamic,10,19,394
Extreme_Peak,1,Dynamic,10,20,394
Extreme_Peak,1,Dynamic,10,21,394
Extreme_Peak,1,Dynamic,10,22,394
Extreme_Peak,1,Dynamic,10,23,394
Extreme_Peak,1,Dynamic,10,24,394
Extreme_Peak,1,Dynamic,10,25,394
Extreme_Peak,1,Dynamic,10,26,395
Extreme_Peak,1,Dynamic,10,27,395
Extreme_Peak,1,Dynamic,10,28,395
Extreme_Peak,1,Dynamic,10,29,395
Extreme_Peak,1,Dynamic,6,0,385
Extreme_Peak,1,Dynamic,6,1,388
Extreme_Peak,1,Dynamic,6,2,390
Extreme_Peak,1,Dynamic,6,3,391
Extreme_Peak,1,Dynamic,6,4,391
Extreme_Peak,1,Dynamic,6,5,392
Extreme_Peak,1,Dynamic,6,6,392
Extreme_Peak,1,Dynamic,6,7,393
Extreme_Peak,1,Dynamic,6,8,393
Extreme_Peak,1,Dynamic,6,9,393
Extreme_Peak,1,Dynamic,6,10,393
Extreme_Peak,1,Dynamic,6,11,394
Extreme_Peak,1,Dynamic,6,12,395
Extreme_Peak,1,Dynamic,6,13,395
Extreme_Peak,1,Dynamic,6,14,395
Extreme_Peak,1,Dynamic,6,15,395
Extreme_Peak,1,Dynamic,6,16,395
Extreme_Peak,1,Dynamic,6,17,395
Extreme_Peak,1,Dynamic,6,18,396
Extreme_Peak,1,Dynamic,6,19,396
Extreme_Peak,1,Dynamic,6,20,396
Extreme_Peak,1,Dynamic,6,21,396
Extreme_Peak,1,Dynamic,6,22,396
Extreme_Peak,1,Dynamic,6,23,396
Extreme_Peak,1,Dynamic,6,24,396
Extreme_Peak,1,Dynamic,6,25,396
Extreme_Peak,1,Dynamic,6,26,396
Extreme_Peak,1,Dynamic,6,27,396
Extreme_Peak,1,Dynamic,6,28,396
Extreme_Peak,1,Dynamic,6,29,396
Extreme_Peak,1,Dynamic,2,0,387
Extreme_Peak,1,Dynamic,2,1,387
Extreme_Peak,1,Dynamic,2,2,390
Extreme_Peak,1,Dynamic,2,3,390
Extreme_Peak,1,Dynamic,2,4,390
Extreme_Peak,1,Dynamic,2,5,392
Extreme_Peak,1,Dynamic,2,6,392
Extreme_Peak,1,Dynamic,2,7,392
Extreme_Peak,1,Dynamic,2,8,392
Extreme_Peak,1,Dynamic,2,9,392
Extreme_Peak,1,Dynamic,2,10,393
Extreme_Peak,1,Dynamic,2,11,393
Extreme_Peak,1,Dynamic,2,12,393
Extreme_Peak,1,Dynamic,2,13,393
Extreme_Peak,1,Dynamic,2,14,394
Extreme_Peak,1,Dynamic,2,15,395
Extreme_Peak,1,Dynamic,2,16,395
Extreme_Peak,1,Dynamic,2,17,395
Extreme_Peak,1,Dynamic,2,18,395
Extreme_Peak,1,Dynamic,2,19,395
Extreme_Peak,1,Dynamic,2,20,395
Extreme_Peak,1,Dynamic,2,21,395
Extreme_Peak,1,Dynamic,2,22,395
Extreme_Peak,1,Dynamic,2,23,395
Extreme_Peak,1,Dynamic,2,24,395
Extreme_Peak,1,Dynamic,2,25,395
Extreme_Peak,1,Dynamic,2,26,395
Extreme_Peak,1,Dynamic,2,27,395
Extreme_Peak,1,Dynamic,2,28,395
Extreme_Peak,1,Dynamic,2,29,395
Extreme_Peak,1,Dynamic,3,0,387
Extreme_Peak,1,Dynamic,3,1,390
Extreme_Peak,1,Dynamic,3,2,390
Extreme_Peak,1,Dynamic,3,3,390
Extreme_Peak,1,Dynamic,3,4,391
Extreme_Peak,1,Dynamic,3,5,391
Extreme_Peak,1,Dynamic,3,6,391
Extreme_Peak,1,Dynamic,3,7,392
Extreme_Peak,1,Dynamic,3,8,392
Extreme_Peak,1,Dynamic,3,9,392
Extreme_Peak,1,Dynamic,3,10,392
Extreme_Peak,1,Dynamic,3,11,392
Extreme_Peak,1,Dynamic,3,12,392
Extreme_Peak,1,Dynamic,3,13,392
Extreme_Peak,1,Dynamic,3,14,393
Extreme_Peak,1,Dynamic,3,15,393
Extreme_Peak,1,Dynamic,3,16,393
Extreme_Peak,1,Dynamic,3,17,393
Extreme_Peak,1,Dynamic,3,18,393
Extreme_Peak,1,Dynamic,3,19,393
Extreme_Peak,1,Dynamic,3,20,393
Extreme_Peak,1,Dynamic,3,21,393
Extreme_Peak,1,Dynamic,3,22,393
Extreme_Peak,1,Dynamic,3,23,393
Extreme_Peak,1,Dynamic,3,24,393
Extreme_Peak,1,Dynamic,3,25,393
Extreme_Peak,1,Dynamic,3,26,393
Extreme_Peak,1,Dynamic,3,27,393
Extreme_Peak,1,Dynamic,3,28,393
Extreme_Peak,1,Dynamic,3,29,393
Extreme_Peak,1,Dynamic,7,0,387
Extreme_Peak,1,Dynamic,7,1,388
Extreme_Peak,1,Dynamic,7,2,389
Extreme_Peak,1,Dynamic,7,3,390
Extreme_Peak,1,Dynamic,7,4,391
Extreme_Peak,1,Dynamic,7,5,392
Extreme_Peak,1,Dynamic,7,6,393
Extreme_Peak,1,Dynamic,7,7,393
Extreme_Peak,1,Dynamic,7,8,393
Extreme_Peak,1,Dynamic,7,9,394
Extreme_Peak,1,Dynamic,7,10,394
Extreme_Peak,1,Dynamic,7,11,394
Extreme_Peak,1,Dynamic,7,12,394
Extreme_Peak,1,Dynamic,7,13,394
Extreme_Peak,1,Dynamic,7,14,394
Extreme_Peak,1,Dynamic,7,15,394
Extreme_Peak,1,Dynamic,7,16,394
Extreme_Peak,1,Dynamic,7,17,394
Extreme_Peak,1,Dynamic,7,18,394
Extreme_Peak,1,Dynamic,7,19,394
Extreme_Peak,1,Dynamic,7,20,394
Extreme_Peak,1,Dynamic,7,21,394
Extreme_Peak,1,Dynamic,7,22,394
Extreme_Peak,1,Dynamic,7,23,394
Extreme_Peak,1,Dynamic,7,24,394
Extreme_Peak,1,Dynamic,7,25,394
Extreme_Peak,1,Dynamic,7,26,394
Extreme_Peak,1,Dynamic,7,27,394
Extreme_Peak,1,Dynamic,7,28,394
Extreme_Peak,1,Dynamic,7,29,394
Extreme_Peak,1,Dynamic,4,0,385
Extreme_Peak,1,Dynamic,4,1,388
Extreme_Peak,1,Dynamic,4,2,390
Extreme_Peak,1,Dynamic,4,3,392
Extreme_Peak,1,Dynamic,4,4,392
Extreme_Peak,1,Dynamic,4,5,392
Extreme_Peak,1,Dynamic,4,6,393
Extreme_Peak,1,Dynamic,4,7,393
Extreme_Peak,1,Dynamic,4,8,394
Extreme_Peak,1,Dynamic,4,9,394
Extreme_Peak,1,Dynamic,4,10,395
Extreme_Peak,1,Dynamic,4,11,395
Extreme_Peak,1,Dynamic,4,12,395
Extreme_Peak,1,Dynamic,4,13,395
Extreme_Peak,1,Dynamic,4,14,395
Extreme_Peak,1,Dynamic,4,15,395
Extreme_Peak,1,Dynamic,4,16,395
Extreme_Peak,1,Dynamic,4,17,395
Extreme_Peak,1,Dynamic,4,18,395
Extreme_Peak,1,Dynamic,4,19,395
Extreme_Peak,1,Dynamic,4,20,395
Extreme_Peak,1,Dynamic,4,21,395
Extreme_Peak,1,Dynamic,4,22,395
Extreme_Peak,1,Dynamic,4,23,395
Extreme_Peak,1,Dynamic,4,24,395
Extreme_Peak,1,Dynamic,4,25,395
Extreme_Peak,1,Dynamic,4,26,395
Extreme_Peak,1,Dynamic,4,27,395
Extreme_Peak,1,Dynamic,4,28,395
Extreme_Peak,1,Dynamic,4,29,395
Extreme_Peak,1,Dynamic,1,0,386
Extreme_Peak,1,Dynamic,1,1,387
Extreme_Peak,1,Dynamic,1,2,389
Extreme_Peak,1,Dynamic,1,3,389
Extreme_Peak,1,Dynamic,1,4,389
Extreme_Peak,1,Dynamic,1,5,391
Extreme_Peak,1,Dynamic,1,6,391
Extreme_Peak,1,Dynamic,1,7,391
Extreme_Peak,1,Dynamic,1,8,393
Extreme_Peak,1,Dynamic,1,9,393
Extreme_Peak,1,Dynamic,1,10,393
Extreme_Peak,1,Dynamic,1,11,393
Extreme_Peak,1,Dynamic,1,12,393
Extreme_Peak,1,Dynamic,1,13,393
Extreme_Peak,1,Dynamic,1,14,394
Extreme_Peak,1,Dynamic,1,15,394
Extreme_Peak,1,Dynamic,1,16,394
Extreme_Peak,1,Dynamic,1,17,394
Extreme_Peak,1,Dynamic,1,18,394
Extreme_Peak,1,Dynamic,1,19,394
Extreme_Peak,1,Dynamic,1,20,394
Extreme_Peak,1,Dynamic,1,21,394
Extreme_Peak,1,Dynamic,1,22,394
Extreme_Peak,1,Dynamic,1,23,394
Extreme_Peak,1,Dynamic,1,24,394
Extreme_Peak,1,Dynamic,1,25,394
Extreme_Peak,1,Dynamic,1,26,394
Extreme_Peak,1,Dynamic,1,27,394
Extreme_Peak,1,Dynamic,1,28,394
Extreme_Peak,1,Dynamic,1,29,394
Extreme_Peak,1,Dynamic,8,0,387
Extreme_Peak,1,Dynamic,8,1,389
Extreme_Peak,1,Dynamic,8,2,389
Extreme_Peak,1,Dynamic,8,3,390
Extreme_Peak,1,Dynamic,8,4,393
Extreme_Peak,1,Dynamic,8,5,393
Extreme_Peak,1,Dynamic,8,6,394
Extreme_Peak,1,Dynamic,8,7,394
Extreme_Peak,1,Dynamic,8,8,394
Extreme_Peak,1,Dynamic,8,9,394
Extreme_Peak,1,Dynamic,8,10,394
Extreme_Peak,1,Dynamic,8,11,394
Extreme_Peak,1,Dynamic,8,12,394
Extreme_Peak,1,Dynamic,8,13,394
Extreme_Peak,1,Dynamic,8,14,394
Extreme_Peak,1,Dynamic,8,15,394
Extreme_Peak,1,Dynamic,8,16,394
Extreme_Peak,1,Dynamic,8,17,394
Extreme_Peak,1,Dynamic,8,18,394
Extreme_Peak,1,Dynamic,8,19,394
Extreme_Peak,1,Dynamic,8,20,394
Extreme_Peak,1,Dynamic,8,21,394
Extreme_Peak,1,Dynamic,8,22,394
Extreme_Peak,1,Dynamic,8,23,394
Extreme_Peak,1,Dynamic,8,24,395
Extreme_Peak,1,Dynamic,8,25,395
Extreme_Peak,1,Dynamic,8,26,395
Extreme_Peak,1,Dynamic,8,27,395
Extreme_Peak,1,Dynamic,8,28,395
Extreme_Peak,1,Dynamic,8,29,395
Extreme_Peak,2,Static,2,0,253
Extreme_Peak,2,Static,2,1,253
Extreme_Peak,2,Static,2,2,253
Extreme_Peak,2,Static,2,3,253
Extreme_Peak,2,Static,2,4,253
Extreme_Peak,2,Static,2,5,253
Extreme_Peak,2,Static,2,6,253
Extreme_Peak,2,Static,2,7,253
Extreme_Peak,2,Static,2,8,253
Extreme_Peak,2,Static,2,9,253
Extreme_Peak,2,Static,2,10,253
Extreme_Peak,2,Static,2,11,253
Extreme_Peak,2,Static,2,12,253
Extreme_Peak,2,Static,2,13,253
Extreme_Peak,2,Static,2,14,253
Extreme_Peak,2,Static,2,15,253
Extreme_Peak,2,Static,2,16,253
Extreme_Peak,2,Static,2,17,253
Extreme_Peak,2,Static,2,18,253
Extreme_Peak,2,Static,2,19,253
Extreme_Peak,2,Static,2,20,253
Extreme_Peak,2,Static,2,21,253
Extreme_Peak,2,Static,2,22,253
Extreme_Peak,2,Static,2,23,253
Extreme_Peak,2,Static,2,24,253
Extreme_Peak,2,Static,2,25,253
Extreme_Peak,2,Static,2,26,253
Extreme_Peak,2,Static,2,27,253
Extreme_Peak,2,Static,2,28,253
Extreme_Peak,2,Static,2,29,253
Extreme_Peak,2,Static,9,0,253
Extreme_Peak,2,Static,9,1,253
Extreme_Peak,2,Static,9,2,253
Extreme_Peak,2,Static,9,3,253
Extreme_Peak,2,Static,9,4,253
Extreme_Peak,2,Static,9,5,253
Extreme_Peak,2,Static,9,6,253
Extreme_Peak,2,Static,9,7,253
Extreme_Peak,2,Static,9,8,253
Extreme_Peak,2,Static,9,9,253
Extreme_Peak,2,Static,9,10,253
Extreme_Peak,2,Static,9,11,253
Extreme_Peak,2,Static,9,12,253
Extreme_Peak,2,Static,9,13,253
Extreme_Peak,2,Static,9,14,253
Extreme_Peak,2,Static,9,15,253
Extreme_Peak,2,Static,9,16,253
Extreme_Peak,2,Static,9,17,253
Extreme_Peak,2,Static,9,18,253
Extreme_Peak,2,Static,9,19,253
Extreme_Peak,2,Static,9,20,253
Extreme_Peak,2,Static,9,21,253
Extreme_Peak,2,Static,9,22,253
Extreme_Peak,2,Static,9,23,253
Extreme_Peak,2,Static,9,24,253
Extreme_Peak,2,Static,9,25,253
Extreme_Peak,2,Static,9,26,253
Extreme_Peak,2,Static,9,27,253
Extreme_Peak,2,Static,9,28,253
Extreme_Peak,2,Static,9,29,253
Extreme_Peak,2,Static,6,0,253
Extreme_Peak,2,Static,6,1,253
Extreme_Peak,2,Static,6,2,253
Extreme_Peak,2,Static,6,3,253
Extreme_Peak,2,Static,6,4,253
Extreme_Peak,2,Static,6,5,253
Extreme_Peak,2,Static,6,6,253
Extreme_Peak,2,Static,6,7,253
Extreme_Peak,2,Static,6,8,253
Extreme_Peak,2,Static,6,9,253
Extreme_Peak,2,Static,6,10,253
Extreme_Peak,2,Static,6,11,253
Extreme_Peak,2,Static,6,12,253
Extreme_Peak,2,Static,6,13,253
Extreme_Peak,2,Static,6,14,253
Extreme_Peak,2,Static,6,15,253
Extreme_Peak,2,Static,6,16,253
Extreme_Peak,2,Static,6,17,253
Extreme_Peak,2,Static,6,18,253
Extreme_Peak,2,Static,6,19,253
Extreme_Peak,2,Static,6,20,253
Extreme_Peak,2,Static,6,21,253
Extreme_Peak,2,Static,6,22,253
Extreme_Peak,2,Static,6,23,253
Extreme_Peak,2,Static,6,24,253
Extreme_Peak,2,Static,6,25,253
Extreme_Peak,2,Static,6,26,253
Extreme_Peak,2,Static,6,27,253
Extreme_Peak,2,Static,6,28,253
Extreme_Peak,2,Static,6,29,253
Extreme_Peak,2,Static,8,0,253
Extreme_Peak,2,Static,8,1,253
Extreme_Peak,2,Static,8,2,253
Extreme_Peak,2,Static,8,3,253
Extreme_Peak,2,Static,8,4,253
Extreme_Peak,2,Static,8,5,253
Extreme_Peak,2,Static,8,6,253
Extreme_Peak,2,Static,8,7,253
Extreme_Peak,2,Static,8,8,253
Extreme_Peak,2,Static,8,9,253
Extreme_Peak,2,Static,8,10,253
Extreme_Peak,2,Static,8,11,253
Extreme_Peak,2,Static,8,12,253
Extreme_Peak,2,Static,8,13,253
Extreme_Peak,2,Static,8,14,253
Extreme_Peak,2,Static,8,15,253
Extreme_Peak,2,Static,8,16,253
Extreme_Peak,2,Static,8,17,253
Extreme_Peak,2,Static,8,18,253
Extreme_Peak,2,Static,8,19,253
Extreme_Peak,2,Static,8,20,253
Extreme_Peak,2,Static,8,21,253
Extreme_Peak,2,Static,8,22,253
Extreme_Peak,2,Static,8,23,253
Extreme_Peak,2,Static,8,24,253
Extreme_Peak,2,Static,8,25,253
Extreme_Peak,2,Static,8,26,253
Extreme_Peak,2,Static,8,27,253
Extreme_Peak,2,Static,8,28,253
Extreme_Peak,2,Static,8,29,253
Extreme_Peak,2,Static,4,0,253
Extreme_Peak,2,Static,4,1,253
Extreme_Peak,2,Static,4,2,253
Extreme_Peak,2,Static,4,3,253
Extreme_Peak,2,Static,4,4,253
Extreme_Peak,2,Static,4,5,253
Extreme_Peak,2,Static,4,6,253
Extreme_Peak,2,Static,4,7,253
Extreme_Peak,2,Static,4,8,253
Extreme_Peak,2,Static,4,9,253
Extreme_Peak,2,Static,4,10,253
Extreme_Peak,2,Static,4,11,253
Extreme_Peak,2,Static,4,12,253
Extreme_Peak,2,Static,4,13,253
Extreme_Peak,2,Static,4,14,253
Extreme_Peak,2,Static,4,15,253
Extreme_Peak,2,Static,4,16,253
Extreme_Peak,2,Static,4,17,253
Extreme_Peak,2,Static,4,18,253
Extreme_Peak,2,Static,4,19,253
Extreme_Peak,2,Static,4,20,253
Extreme_Peak,2,Static,4,21,253
Extreme_Peak,2,Static,4,22,253
Extreme_Peak,2,Static,4,23,253
Extreme_Peak,2,Static,4,24,253
Extreme_Peak,2,Static,4,25,253
Extreme_Peak,2,Static,4,26,253
Extreme_Peak,2,Static,4,27,253
Extreme_Peak,2,Static,4,28,253
Extreme_Peak,2,Static,4,29,253
Extreme_Peak,2,Static,5,0,253
Extreme_Peak,2,Static,5,1,253
Extreme_Peak,2,Static,5,2,253
Extreme_Peak,2,Static,5,3,253
Extreme_Peak,2,Static,5,4,253
Extreme_Peak,2,Static,5,5,253
Extreme_Peak,2,Static,5,6,253
Extreme_Peak,2,Static,5,7,253
Extreme_Peak,2,Static,5,8,253
Extreme_Peak,2,Static,5,9,253
Extreme_Peak,2,Static,5,10,253
Extreme_Peak,2,Static,5,11,253
Extreme_Peak,2,Static,5,12,253
Extreme_Peak,2,Static,5,13,253
Extreme_Peak,2,Static,5,14,253
Extreme_Peak,2,Static,5,15,253
Extreme_Peak,2,Static,5,16,253
Extreme_Peak,2,Static,5,17,253
Extreme_Peak,2,Static,5,18,253
Extreme_Peak,2,Static,5,19,253
Extreme_Peak,2,Static,5,20,253
Extreme_Peak,2,Static,5,21,253
Extreme_Peak,2,Static,5,22,253
Extreme_Peak,2,Static,5,23,253
Extreme_Peak,2,Static,5,24,253
Extreme_Peak,2,Static,5,25,253
Extreme_Peak,2,Static,5,26,253
Extreme_Peak,2,Static,5,27,253
Extreme_Peak,2,Static,5,28,253
Extreme_Peak,2,Static,5,29,253
Extreme_Peak,2,Static,10,0,253
Extreme_Peak,2,Static,10,1,253
Extreme_Peak,2,Static,10,2,253
Extreme_Peak,2,Static,10,3,253
Extreme_Peak,2,Static,10,4,253
Extreme_Peak,2,Static,10,5,253
Extreme_Peak,2,Static,10,6,253
Extreme_Peak,2,Static,10,7,253
Extreme_Peak,2,Static,10,8,253
Extreme_Peak,2,Static,10,9,253
Extreme_Peak,2,Static,10,10,253
Extreme_Peak,2,Static,10,11,253
Extreme_Peak,2,Static,10,12,253
Extreme_Peak,2,Static,10,13,253
Extreme_Peak,2,Static,10,14,253
Extreme_Peak,2,Static,10,15,253
Extreme_Peak,2,Static,10,16,253
Extreme_Peak,2,Static,10,17,253
Extreme_Peak,2,Static,10,18,253
Extreme_Peak,2,Static,10,19,253
Extreme_Peak,2,Static,10,20,253
Extreme_Peak,2,Static,10,21,253
Extreme_Peak,2,Static,10,22,253
Extreme_Peak,2,Static,10,23,253
Extreme_Peak,2,Static,10,24,253
Extreme_Peak,2,Static,10,25,253
Extreme_Peak,2,Static,10,26,253
Extreme_Peak,2,Static,10,27,253
Extreme_Peak,2,Static,10,28,253
Extreme_Peak,2,Static,10,29,253
Extreme_Peak,2,Static,1,0,253
Extreme_Peak,2,Static,1,1,253
Extreme_Peak,2,Static,1,2,253
Extreme_Peak,2,Static,1,3,253
Extreme_Peak,2,Static,1,4,253
Extreme_Peak,2,Static,1,5,253
Extreme_Peak,2,Static,1,6,253
Extreme_Peak,2,Static,1,7,253
Extreme_Peak,2,Static,1,8,253
Extreme_Peak,2,Static,1,9,253
Extreme_Peak,2,Static,1,10,253
Extreme_Peak,2,Static,1,11,253
Extreme_Peak,2,Static,1,12,253
Extreme_Peak,2,Static,1,13,253
Extreme_Peak,2,Static,1,14,253
Extreme_Peak,2,Static,1,15,253
Extreme_Peak,2,Static,1,16,253
Extreme_Peak,2,Static,1,17,253
Extreme_Peak,2,Static,1,18,253
Extreme_Peak,2,Static,1,19,253
Extreme_Peak,2,Static,1,20,253
Extreme_Peak,2,Static,1,21,253
Extreme_Peak,2,Static,1,22,253
Extreme_Peak,2,Static,1,23,253
Extreme_Peak,2,Static,1,24,253
Extreme_Peak,2,Static,1,25,253
Extreme_Peak,2,Static,1,26,253
Extreme_Peak,2,Static,1,27,253
Extreme_Peak,2,Static,1,28,253
Extreme_Peak,2,Static,1,29,253
Extreme_Peak,2,Static,7,0,253
Extreme_Peak,2,Static,7,1,253
Extreme_Peak,2,Static,7,2,253
Extreme_Peak,2,Static,7,3,253
Extreme_Peak,2,Static,7,4,253
Extreme_Peak,2,Static,7,5,253
Extreme_Peak,2,Static,7,6,253
Extreme_Peak,2,Static,7,7,253
Extreme_Peak,2,Static,7,8,253
Extreme_Peak,2,Static,7,9,253
Extreme_Peak,2,Static,7,10,253
Extreme_Peak,2,Static,7,11,253
Extreme_Peak,2,Static,7,12,253
Extreme_Peak,2,Static,7,13,253
Extreme_Peak,2,Static,7,14,253
Extreme_Peak,2,Static,7,15,253
Extreme_Peak,2,Static,7,16,253
Extreme_Peak,2,Static,7,17,253
Extreme_Peak,2,Static,7,18,253
Extreme_Peak,2,Static,7,19,253
Extreme_Peak,2,Static,7,20,253
Extreme_Peak,2,Static,7,21,253
Extreme_Peak,2,Static,7,22,253
Extreme_Peak,2,Static,7,23,253
Extreme_Peak,2,Static,7,24,253
Extreme_Peak,2,Static,7,25,253
Extreme_Peak,2,Static,7,26,253
Extreme_Peak,2,Static,7,27,253
Extreme_Peak,2,Static,7,28,253
Extreme_Peak,2,Static,7,29,253
Extreme_Peak,2,Static,3,0,253
Extreme_Peak,2,Static,3,1,253
Extreme_Peak,2,Static,3,2,253
Extreme_Peak,2,Static,3,3,253
Extreme_Peak,2,Static,3,4,253
Extreme_Peak,2,Static,3,5,253
Extreme_Peak,2,Static,3,6,253
Extreme_Peak,2,Static,3,7,253
Extreme_Peak,2,Static,3,8,253
Extreme_Peak,2,Static,3,9,253
Extreme_Peak,2,Static,3,10,253
Extreme_Peak,2,Static,3,11,253
Extreme_Peak,2,Static,3,12,253
Extreme_Peak,2,Static,3,13,253
Extreme_Peak,2,Static,3,14,253
Extreme_Peak,2,Static,3,15,253
Extreme_Peak,2,Static,3,16,253
Extreme_Peak,2,Static,3,17,253
Extreme_Peak,2,Static,3,18,253
Extreme_Peak,2,Static,3,19,253
Extreme_Peak,2,Static,3,20,253
Extreme_Peak,2,Static,3,21,253
Extreme_Peak,2,Static,3,22,253
Extreme_Peak,2,Static,3,23,253
Extreme_Peak,2,Static,3,24,253
Extreme_Peak,2,Static,3,25,253
Extreme_Peak,2,Static,3,26,253
Extreme_Peak,2,Static,3,27,253
Extreme_Peak,2,Static,3,28,253
Extreme_Peak,2,Static,3,29,253
Extreme_Peak,2,Dynamic,2,0,381
Extreme_Peak,2,Dynamic,2,1,382
Extreme_Peak,2,Dynamic,2,2,383
Extreme_Peak,2,Dynamic,2,3,383
Extreme_Peak,2,Dynamic,2,4,385
Extreme_Peak,2,Dynamic,2,5,385
Extreme_Peak,2,Dynamic,2,6,385
Extreme_Peak,2,Dynamic,2,7,386
Extreme_Peak,2,Dynamic,2,8,386
Extreme_Peak,2,Dynamic,2,9,386
Extreme_Peak,2,Dynamic,2,10,386
Extreme_Peak,2,Dynamic,2,11,386
Extreme_Peak,2,Dynamic,2,12,386
Extreme_Peak,2,Dynamic,2,13,386
Extreme_Peak,2,Dynamic,2,14,386
Extreme_Peak,2,Dynamic,2,15,386
Extreme_Peak,2,Dynamic,2,16,386
Extreme_Peak,2,Dynamic,2,17,386
Extreme_Peak,2,Dynamic,2,18,386
Extreme_Peak,2,Dynamic,2,19,386
Extreme_Peak,2,Dynamic,2,20,386
Extreme_Peak,2,Dynamic,2,21,386
Extreme_Peak,2,Dynamic,2,22,386
Extreme_Peak,2,Dynamic,2,23,386
Extreme_Peak,2,Dynamic,2,24,386
Extreme_Peak,2,Dynamic,2,25,386
Extreme_Peak,2,Dynamic,2,26,386
Extreme_Peak,2,Dynamic,2,27,386
Extreme_Peak,2,Dynamic,2,28,386
Extreme_Peak,2,Dynamic,2,29,386
Extreme_Peak,2,Dynamic,8,0,381
Extreme_Peak,2,Dynamic,8,1,382
Extreme_Peak,2,Dynamic,8,2,382
Extreme_Peak,2,Dynamic,8,3,383
Extreme_Peak,2,Dynamic,8,4,384
Extreme_Peak,2,Dynamic,8,5,384
Extreme_Peak,2,Dynamic,8,6,385
Extreme_Peak,2,Dynamic,8,7,386
Extreme_Peak,2,Dynamic,8,8,386
Extreme_Peak,2,Dynamic,8,9,386
Extreme_Peak,2,Dynamic,8,10,386
Extreme_Peak,2,Dynamic,8,11,386
Extreme_Peak,2,Dynamic,8,12,386
Extreme_Peak,2,Dynamic,8,13,386
Extreme_Peak,2,Dynamic,8,14,386
Extreme_Peak,2,Dynamic,8,15,387
Extreme_Peak,2,Dynamic,8,16,387
Extreme_Peak,2,Dynamic,8,17,387
Extreme_Peak,2,Dynamic,8,18,387
Extreme_Peak,2,Dynamic,8,19,387
Extreme_Peak,2,Dynamic,8,20,387
Extreme_Peak,2,Dynamic,8,21,387
Extreme_Peak,2,Dynamic,8,22,387
Extreme_Peak,2,Dynamic,8,23,387
Extreme_Peak,2,Dynamic,8,24,387
Extreme_Peak,2,Dynamic,8,25,387
Extreme_Peak,2,Dynamic,8,26,387
Extreme_Peak,2,Dynamic,8,27,387
Extreme_Peak,2,Dynamic,8,28,387
Extreme_Peak,2,Dynamic,8,29,387
Extreme_Peak,2,Dynamic,10,0,381
Extreme_Peak,2,Dynamic,10,1,381
Extreme_Peak,2,Dynamic,10,2,383
Extreme_Peak,2,Dynamic,10,3,384
Extreme_Peak,2,Dynamic,10,4,385
Extreme_Peak,2,Dynamic,10,5,385
Extreme_Peak,2,Dynamic,10,6,386
Extreme_Peak,2,Dynamic,10,7,387
Extreme_Peak,2,Dynamic,10,8,387
Extreme_Peak,2,Dynamic,10,9,387
Extreme_Peak,2,Dynamic,10,10,387
Extreme_Peak,2,Dynamic,10,11,387
Extreme_Peak,2,Dynamic,10,12,388
Extreme_Peak,2,Dynamic,10,13,388
Extreme_Peak,2,Dynamic,10,14,388
Extreme_Peak,2,Dynamic,10,15,388
Extreme_Peak,2,Dynamic,10,16,388
Extreme_Peak,2,Dynamic,10,17,389
Extreme_Peak,2,Dynamic,10,18,389
Extreme_Peak,2,Dynamic,10,19,389
Extreme_Peak,2,Dynamic,10,20,389
Extreme_Peak,2,Dynamic,10,21,389
Extreme_Peak,2,Dynamic,10,22,389
Extreme_Peak,2,Dynamic,10,23,389
Extreme_Peak,2,Dynamic,10,24,389
Extreme_Peak,2,Dynamic,10,25,389
Extreme_Peak,2,Dynamic,10,26,389
Extreme_Peak,2,Dynamic,10,27,389
Extreme_Peak,2,Dynamic,10,28,390
Extreme_Peak,2,Dynamic,10,29,390
Extreme_Peak,2,Dynamic,1,0,381
Extreme_Peak,2,Dynamic,1,1,381
Extreme_Peak,2,Dynamic,1,2,382
Extreme_Peak,2,Dynamic,1,3,382
Extreme_Peak,2,Dynamic,1,4,383
Extreme_Peak,2,Dynamic,1,5,385
Extreme_Peak,2,Dynamic,1,6,385
Extreme_Peak,2,Dynamic,1,7,386
Extreme_Peak,2,Dynamic,1,8,386
Extreme_Peak,2,Dynamic,1,9,386
Extreme_Peak,2,Dynamic,1,10,386
Extreme_Peak,2,Dynamic,1,11,387
Extreme_Peak,2,Dynamic,1,12,387
Extreme_Peak,2,Dynamic,1,13,387
Extreme_Peak,2,Dynamic,1,14,387
Extreme_Peak,2,Dynamic,1,15,387
Extreme_Peak,2,Dynamic,1,16,388
Extreme_Peak,2,Dynamic,1,17,388
Extreme_Peak,2,Dynamic,1,18,388
Extreme_Peak,2,Dynamic,1,19,388
Extreme_Peak,2,Dynamic,1,20,388
Extreme_Peak,2,Dynamic,1,21,388
Extreme_Peak,2,Dynamic,1,22,388
Extreme_Peak,2,Dynamic,1,23,388
Extreme_Peak,2,Dynamic,1,24,388
Extreme_Peak,2,Dynamic,1,25,388
Extreme_Peak,2,Dynamic,1,26,388
Extreme_Peak,2,Dynamic,1,27,388
Extreme_Peak,2,Dynamic,1,28,388
Extreme_Peak,2,Dynamic,1,29,388
Extreme_Peak,2,Dynamic,3,0,381
Extreme_Peak,2,Dynamic,3,1,381
Extreme_Peak,2,Dynamic,3,2,382
Extreme_Peak,2,Dynamic,3,3,383
Extreme_Peak,2,Dynamic,3,4,384
Extreme_Peak,2,Dynamic,3,5,385
Extreme_Peak,2,Dynamic,3,6,385
Extreme_Peak,2,Dynamic,3,7,386
Extreme_Peak,2,Dynamic,3,8,386
Extreme_Peak,2,Dynamic,3,9,387
Extreme_Peak,2,Dynamic,3,10,387
Extreme_Peak,2,Dynamic,3,11,387
Extreme_Peak,2,Dynamic,3,12,388
Extreme_Peak,2,Dynamic,3,13,388
Extreme_Peak,2,Dynamic,3,14,388
Extreme_Peak,2,Dynamic,3,15,388
Extreme_Peak,2,Dynamic,3,16,388
Extreme_Peak,2,Dynamic,3,17,388
Extreme_Peak,2,Dynamic,3,18,388
Extreme_Peak,2,Dynamic,3,19,388
Extreme_Peak,2,Dynamic,3,20,388
Extreme_Peak,2,Dynamic,3,21,388
Extreme_Peak,2,Dynamic,3,22,389
Extreme_Peak,2,Dynamic,3,23,389
Extreme_Peak,2,Dynamic,3,24,389
Extreme_Peak,2,Dynamic,3,25,389
Extreme_Peak,2,Dynamic,3,26,390
Extreme_Peak,2,Dynamic,3,27,390
Extreme_Peak,2,Dynamic,3,28,390
Extreme_Peak,2,Dynamic,3,29,390
Extreme_Peak,2,Dynamic,5,0,381
Extreme_Peak,2,Dynamic,5,1,382
Extreme_Peak,2,Dynamic,5,2,383
Extreme_Peak,2,Dynamic,5,3,384
Extreme_Peak,2,Dynamic,5,4,384
Extreme_Peak,2,Dynamic,5,5,385
Extreme_Peak,2,Dynamic,5,6,385
Extreme_Peak,2,Dynamic,5,7,386
Extreme_Peak,2,Dynamic,5,8,386
Extreme_Peak,2,Dynamic,5,9,386
Extreme_Peak,2,Dynamic,5,10,387
Extreme_Peak,2,Dynamic,5,11,387
Extreme_Peak,2,Dynamic,5,12,387
Extreme_Peak,2,Dynamic,5,13,387
Extreme_Peak,2,Dynamic,5,14,387
Extreme_Peak,2,Dynamic,5,15,388
Extreme_Peak,2,Dynamic,5,16,388
Extreme_Peak,2,Dynamic,5,17,388
Extreme_Peak,2,Dynamic,5,18,388
Extreme_Peak,2,Dynamic,5,19,388
Extreme_Peak,2,Dynamic,5,20,388
Extreme_Peak,2,Dynamic,5,21,388
Extreme_Peak,2,Dynamic,5,22,388
Extreme_Peak,2,Dynamic,5,23,388
Extreme_Peak,2,Dynamic,5,24,388
Extreme_Peak,2,Dynamic,5,25,388
Extreme_Peak,2,Dynamic,5,26,388
Extreme_Peak,2,Dynamic,5,27,388
Extreme_Peak,2,Dynamic,5,28,388
Extreme_Peak,2,Dynamic,5,29,388
Extreme_Peak,2,Dynamic,7,0,381
Extreme_Peak,2,Dynamic,7,1,381
Extreme_Peak,2,Dynamic,7,2,383
Extreme_Peak,2,Dynamic,7,3,384
Extreme_Peak,2,Dynamic,7,4,384
Extreme_Peak,2,Dynamic,7,5,384
Extreme_Peak,2,Dynamic,7,6,384
Extreme_Peak,2,Dynamic,7,7,384
Extreme_Peak,2,Dynamic,7,8,385
Extreme_Peak,2,Dynamic,7,9,385
Extreme_Peak,2,Dynamic,7,10,385
Extreme_Peak,2,Dynamic,7,11,386
Extreme_Peak,2,Dynamic,7,12,386
Extreme_Peak,2,Dynamic,7,13,387
Extreme_Peak,2,Dynamic,7,14,387
Extreme_Peak,2,Dynamic,7,15,387
Extreme_Peak,2,Dynamic,7,16,387
Extreme_Peak,2,Dynamic,7,17,387
Extreme_Peak,2,Dynamic,7,18,387
Extreme_Peak,2,Dynamic,7,19,388
Extreme_Peak,2,Dynamic,7,20,388
Extreme_Peak,2,Dynamic,7,21,388
Extreme_Peak,2,Dynamic,7,22,388
Extreme_Peak,2,Dynamic,7,23,388
Extreme_Peak,2,Dynamic,7,24,388
Extreme_Peak,2,Dynamic,7,25,388
Extreme_Peak,2,Dynamic,7,26,388
Extreme_Peak,2,Dynamic,7,27,388
Extreme_Peak,2,Dynamic,7,28,388
Extreme_Peak,2,Dynamic,7,29,388
Extreme_Peak,2,Dynamic,6,0,381
Extreme_Peak,2,Dynamic,6,1,382
Extreme_Peak,2,Dynamic,6,2,383
Extreme_Peak,2,Dynamic,6,3,383
Extreme_Peak,2,Dynamic,6,4,383
Extreme_Peak,2,Dynamic,6,5,383
Extreme_Peak,2,Dynamic,6,6,385
Extreme_Peak,2,Dynamic,6,7,385
Extreme_Peak,2,Dynamic,6,8,385
Extreme_Peak,2,Dynamic,6,9,385
Extreme_Peak,2,Dynamic,6,10,386
Extreme_Peak,2,Dynamic,6,11,386
Extreme_Peak,2,Dynamic,6,12,386
Extreme_Peak,2,Dynamic,6,13,386
Extreme_Peak,2,Dynamic,6,14,386
Extreme_Peak,2,Dynamic,6,15,386
Extreme_Peak,2,Dynamic,6,16,386
Extreme_Peak,2,Dynamic,6,17,386
Extreme_Peak,2,Dynamic,6,18,386
Extreme_Peak,2,Dynamic,6,19,386
Extreme_Peak,2,Dynamic,6,20,386
Extreme_Peak,2,Dynamic,6,21,386
Extreme_Peak,2,Dynamic,6,22,386
Extreme_Peak,2,Dynamic,6,23,386
Extreme_Peak,2,Dynamic,6,24,386
Extreme_Peak,2,Dynamic,6,25,386
Extreme_Peak,2,Dynamic,6,26,386
Extreme_Peak,2,Dynamic,6,27,386
Extreme_Peak,2,Dynamic,6,28,386
Extreme_Peak,2,Dynamic,6,29,386
Extreme_Peak,2,Dynamic,4,0,381
Extreme_Peak,2,Dynamic,4,1,381
Extreme_Peak,2,Dynamic,4,2,385
Extreme_Peak,2,Dynamic,4,3,385
Extreme_Peak,2,Dynamic,4,4,385
Extreme_Peak,2,Dynamic,4,5,385
Extreme_Peak,2,Dynamic,4,6,386
Extreme_Peak,2,Dynamic,4,7,386
Extreme_Peak,2,Dynamic,4,8,387
Extreme_Peak,2,Dynamic,4,9,387
Extreme_Peak,2,Dynamic,4,10,387
Extreme_Peak,2,Dynamic,4,11,388
Extreme_Peak,2,Dynamic,4,12,388
Extreme_Peak,2,Dynamic,4,13,388
Extreme_Peak,2,Dynamic,4,14,388
Extreme_Peak,2,Dynamic,4,15,388
Extreme_Peak,2,Dynamic,4,16,388
Extreme_Peak,2,Dynamic,4,17,388
Extreme_Peak,2,Dynamic,4,18,388
Extreme_Peak,2,Dynamic,4,19,388
Extreme_Peak,2,Dynamic,4,20,388
Extreme_Peak,2,Dynamic,4,21,388
Extreme_Peak,2,Dynamic,4,22,388
Extreme_Peak,2,Dynamic,4,23,388
Extreme_Peak,2,Dynamic,4,24,388
Extreme_Peak,2,Dynamic,4,25,388
Extreme_Peak,2,Dynamic,4,26,388
Extreme_Peak,2,Dynamic,4,27,388
Extreme_Peak,2,Dynamic,4,28,388
Extreme_Peak,2,Dynamic,4,29,388
Extreme_Peak,2,Dynamic,9,0,381
Extreme_Peak,2,Dynamic,9,1,381
Extreme_Peak,2,Dynamic,9,2,382
Extreme_Peak,2,Dynamic,9,3,383
Extreme_Peak,2,Dynamic,9,4,384
Extreme_Peak,2,Dynamic,9,5,384
Extreme_Peak,2,Dynamic,9,6,384
Extreme_Peak,2,Dynamic,9,7,385
Extreme_Peak,2,Dynamic,9,8,385
Extreme_Peak,2,Dynamic,9,9,385
Extreme_Peak,2,Dynamic,9,10,386
Extreme_Peak,2,Dynamic,9,11,386
Extreme_Peak,2,Dynamic,9,12,386
Extreme_Peak,2,Dynamic,9,13,386
Extreme_Peak,2,Dynamic,9,14,386
Extreme_Peak,2,Dynamic,9,15,387
Extreme_Peak,2,Dynamic,9,16,387
Extreme_Peak,2,Dynamic,9,17,387
Extreme_Peak,2,Dynamic,9,18,387
Extreme_Peak,2,Dynamic,9,19,387
Extreme_Peak,2,Dynamic,9,20,387
Extreme_Peak,2,Dynamic,9,21,387
Extreme_Peak,2,Dynamic,9,22,387
Extreme_Peak,2,Dynamic,9,23,387
Extreme_Peak,2,Dynamic,9,24,387
Extreme_Peak,2,Dynamic,9,25,388
Extreme_Peak,2,Dynamic,9,26,388
Extreme_Peak,2,Dynamic,9,27,388
Extreme_Peak,2,Dynamic,9,28,388
Extreme_Peak,2,Dynamic,9,29,388
Extreme_Peak,3,Static,6,0,268
Extreme_Peak,3,Static,6,1,268
Extreme_Peak,3,Static,6,2,268
Extreme_Peak,3,Static,6,3,268
Extreme_Peak,3,Static,6,4,268
Extreme_Peak,3,Static,6,5,268
Extreme_Peak,3,Static,6,6,268
Extreme_Peak,3,Static,6,7,268
Extreme_Peak,3,Static,6,8,268
Extreme_Peak,3,Static,6,9,268
Extreme_Peak,3,Static,6,10,268
Extreme_Peak,3,Static,6,11,268
Extreme_Peak,3,Static,6,12,268
Extreme_Peak,3,Static,6,13,268
Extreme_Peak,3,Static,6,14,268
Extreme_Peak,3,Static,6,15,268
Extreme_Peak,3,Static,6,16,268
Extreme_Peak,3,Static,6,17,268
Extreme_Peak,3,Static,6,18,268
Extreme_Peak,3,Static,6,19,268
Extreme_Peak,3,Static,6,20,268
Extreme_Peak,3,Static,6,21,268
Extreme_Peak,3,Static,6,22,268
Extreme_Peak,3,Static,6,23,268
Extreme_Peak,3,Static,6,24,268
Extreme_Peak,3,Static,6,25,268
Extreme_Peak,3,Static,6,26,268
Extreme_Peak,3,Static,6,27,268
Extreme_Peak,3,Static,6,28,268
Extreme_Peak,3,Static,6,29,268
Extreme_Peak,3,Static,10,0,268
Extreme_Peak,3,Static,10,1,268
Extreme_Peak,3,Static,10,2,268
Extreme_Peak,3,Static,10,3,268
Extreme_Peak,3,Static,10,4,268
Extreme_Peak,3,Static,10,5,268
Extreme_Peak,3,Static,10,6,268
Extreme_Peak,3,Static,10,7,268
Extreme_Peak,3,Static,10,8,268
Extreme_Peak,3,Static,10,9,268
Extreme_Peak,3,Static,10,10,268
Extreme_Peak,3,Static,10,11,268
Extreme_Peak,3,Static,10,12,268
Extreme_Peak,3,Static,10,13,268
Extreme_Peak,3,Static,10,14,268
Extreme_Peak,3,Static,10,15,268
Extreme_Peak,3,Static,10,16,268
Extreme_Peak,3,Static,10,17,268
Extreme_Peak,3,Static,10,18,268
Extreme_Peak,3,Static,10,19,268
Extreme_Peak,3,Static,10,20,268
Extreme_Peak,3,Static,10,21,268
Extreme_Peak,3,Static,10,22,268
Extreme_Peak,3,Static,10,23,268
Extreme_Peak,3,Static,10,24,268
Extreme_Peak,3,Static,10,25,268
Extreme_Peak,3,Static,10,26,268
Extreme_Peak,3,Static,10,27,268
Extreme_Peak,3,Static,10,28,268
Extreme_Peak,3,Static,10,29,268
Extreme_Peak,3,Static,1,0,268
Extreme_Peak,3,Static,1,1,268
Extreme_Peak,3,Static,1,2,268
Extreme_Peak,3,Static,1,3,268
Extreme_Peak,3,Static,1,4,268
Extreme_Peak,3,Static,1,5,268
Extreme_Peak,3,Static,1,6,268
Extreme_Peak,3,Static,1,7,268
Extreme_Peak,3,Static,1,8,268
Extreme_Peak,3,Static,1,9,268
Extreme_Peak,3,Static,1,10,268
Extreme_Peak,3,Static,1,11,268
Extreme_Peak,3,Static,1,12,268
Extreme_Peak,3,Static,1,13,268
Extreme_Peak,3,Static,1,14,268
Extreme_Peak,3,Static,1,15,268
Extreme_Peak,3,Static,1,16,268
Extreme_Peak,3,Static,1,17,268
Extreme_Peak,3,Static,1,18,268
Extreme_Peak,3,Static,1,19,268
Extreme_Peak,3,Static,1,20,268
Extreme_Peak,3,Static,1,21,268
Extreme_Peak,3,Static,1,22,268
Extreme_Peak,3,Static,1,23,268
Extreme_Peak,3,Static,1,24,268
Extreme_Peak,3,Static,1,25,268
Extreme_Peak,3,Static,1,26,268
Extreme_Peak,3,Static,1,27,268
Extreme_Peak,3,Static,1,28,268
Extreme_Peak,3,Static,1,29,268
Extreme_Peak,3,Static,8,0,268
Extreme_Peak,3,Static,8,1,268
Extreme_Peak,3,Static,8,2,268
Extreme_Peak,3,Static,8,3,268
Extreme_Peak,3,Static,8,4,268
Extreme_Peak,3,Static,8,5,268
Extreme_Peak,3,Static,8,6,268
Extreme_Peak,3,Static,8,7,268
Extreme_Peak,3,Static,8,8,268
Extreme_Peak,3,Static,8,9,268
Extreme_Peak,3,Static,8,10,268
Extreme_Peak,3,Static,8,11,268
Extreme_Peak,3,Static,8,12,268
Extreme_Peak,3,Static,8,13,268
Extreme_Peak,3,Static,8,14,268
Extreme_Peak,3,Static,8,15,268
Extreme_Peak,3,Static,8,16,268
Extreme_Peak,3,Static,8,17,268
Extreme_Peak,3,Static,8,18,268
Extreme_Peak,3,Static,8,19,268
Extreme_Peak,3,Static,8,20,268
Extreme_Peak,3,Static,8,21,268
Extreme_Peak,3,Static,8,22,268
Extreme_Peak,3,Static,8,23,268
Extreme_Peak,3,Static,8,24,268
Extreme_Peak,3,Static,8,25,268
Extreme_Peak,3,Static,8,26,268
Extreme_Peak,3,Static,8,27,268
Extreme_Peak,3,Static,8,28,268
Extreme_Peak,3,Static,8,29,268
Extreme_Peak,3,Static,9,0,268
Extreme_Peak,3,Static,9,1,268
Extreme_Peak,3,Static,9,2,268
Extreme_Peak,3,Static,9,3,268
Extreme_Peak,3,Static,9,4,268
Extreme_Peak,3,Static,9,5,268
Extreme_Peak,3,Static,9,6,268
Extreme_Peak,3,Static,9,7,268
Extreme_Peak,3,Static,9,8,268
Extreme_Peak,3,Static,9,9,268
Extreme_Peak,3,Static,9,10,268
Extreme_Peak,3,Static,9,11,268
Extreme_Peak,3,Static,9,12,268
Extreme_Peak,3,Static,9,13,268
Extreme_Peak,3,Static,9,14,268
Extreme_Peak,3,Static,9,15,268
Extreme_Peak,3,Static,9,16,268
Extreme_Peak,3,Static,9,17,268
Extreme_Peak,3,Static,9,18,268
Extreme_Peak,3,Static,9,19,268
Extreme_Peak,3,Static,9,20,268
Extreme_Peak,3,Static,9,21,268
Extreme_Peak,3,Static,9,22,268
Extreme_Peak,3,Static,9,23,268
Extreme_Peak,3,Static,9,24,268
Extreme_Peak,3,Static,9,25,268
Extreme_Peak,3,Static,9,26,268
Extreme_Peak,3,Static,9,27,268
Extreme_Peak,3,Static,9,28,268
Extreme_Peak,3,Static,9,29,268
Extreme_Peak,3,Static,3,0,268
Extreme_Peak,3,Static,3,1,268
Extreme_Peak,3,Static,3,2,268
Extreme_Peak,3,Static,3,3,268
Extreme_Peak,3,Static,3,4,268
Extreme_Peak,3,Static,3,5,268
Extreme_Peak,3,Static,3,6,268
Extreme_Peak,3,Static,3,7,268
Extreme_Peak,3,Static,3,8,268
Extreme_Peak,3,Static,3,9,268
Extreme_Peak,3,Static,3,10,268
Extreme_Peak,3,Static,3,11,268
Extreme_Peak,3,Static,3,12,268
Extreme_Peak,3,Static,3,13,268
Extreme_Peak,3,Static,3,14,268
Extreme_Peak,3,Static,3,15,268
Extreme_Peak,3,Static,3,16,268
Extreme_Peak,3,Static,3,17,268
Extreme_Peak,3,Static,3,18,268
Extreme_Peak,3,Static,3,19,268
Extreme_Peak,3,Static,3,20,268
Extreme_Peak,3,Static,3,21,268
Extreme_Peak,3,Static,3,22,268
Extreme_Peak,3,Static,3,23,268
Extreme_Peak,3,Static,3,24,268
Extreme_Peak,3,Static,3,25,268
Extreme_Peak,3,Static,3,26,268
Extreme_Peak,3,Static,3,27,268
Extreme_Peak,3,Static,3,28,268
Extreme_Peak,3,Static,3,29,268
Extreme_Peak,3,Static,4,0,268
Extreme_Peak,3,Static,4,1,268
Extreme_Peak,3,Static,4,2,268
Extreme_Peak,3,Static,4,3,268
Extreme_Peak,3,Static,4,4,268
Extreme_Peak,3,Static,4,5,268
Extreme_Peak,3,Static,4,6,268
Extreme_Peak,3,Static,4,7,268
Extreme_Peak,3,Static,4,8,268
Extreme_Peak,3,Static,4,9,268
Extreme_Peak,3,Static,4,10,268
Extreme_Peak,3,Static,4,11,268
Extreme_Peak,3,Static,4,12,268
Extreme_Peak,3,Static,4,13,268
Extreme_Peak,3,Static,4,14,268
Extreme_Peak,3,Static,4,15,268
Extreme_Peak,3,Static,4,16,268
Extreme_Peak,3,Static,4,17,268
Extreme_Peak,3,Static,4,18,268
Extreme_Peak,3,Static,4,19,268
Extreme_Peak,3,Static,4,20,268
Extreme_Peak,3,Static,4,21,268
Extreme_Peak,3,Static,4,22,268
Extreme_Peak,3,Static,4,23,268
Extreme_Peak,3,Static,4,24,268
Extreme_Peak,3,Static,4,25,268
Extreme_Peak,3,Static,4,26,268
Extreme_Peak,3,Static,4,27,268
Extreme_Peak,3,Static,4,28,268
Extreme_Peak,3,Static,4,29,268
Extreme_Peak,3,Static,2,0,268
Extreme_Peak,3,Static,2,1,268
Extreme_Peak,3,Static,2,2,268
Extreme_Peak,3,Static,2,3,268
Extreme_Peak,3,Static,2,4,268
Extreme_Peak,3,Static,2,5,268
Extreme_Peak,3,Static,2,6,268
Extreme_Peak,3,Static,2,7,268
Extreme_Peak,3,Static,2,8,268
Extreme_Peak,3,Static,2,9,268
Extreme_Peak,3,Static,2,10,268
Extreme_Peak,3,Static,2,11,268
Extreme_Peak,3,Static,2,12,268
Extreme_Peak,3,Static,2,13,268
Extreme_Peak,3,Static,2,14,268
Extreme_Peak,3,Static,2,15,268
Extreme_Peak,3,Static,2,16,268
Extreme_Peak,3,Static,2,17,268
Extreme_Peak,3,Static,2,18,268
Extreme_Peak,3,Static,2,19,268
Extreme_Peak,3,Static,2,20,268
Extreme_Peak,3,Static,2,21,268
Extreme_Peak,3,Static,2,22,268
Extreme_Peak,3,Static,2,23,268
Extreme_Peak,3,Static,2,24,268
Extreme_Peak,3,Static,2,25,268
Extreme_Peak,3,Static,2,26,268
Extreme_Peak,3,Static,2,27,268
Extreme_Peak,3,Static,2,28,268
Extreme_Peak,3,Static,2,29,268
Extreme_Peak,3,Static,5,0,268
Extreme_Peak,3,Static,5,1,268
Extreme_Peak,3,Static,5,2,268
Extreme_Peak,3,Static,5,3,268
Extreme_Peak,3,Static,5,4,268
Extreme_Peak,3,Static,5,5,268
Extreme_Peak,3,Static,5,6,268
Extreme_Peak,3,Static,5,7,268
Extreme_Peak,3,Static,5,8,268
Extreme_Peak,3,Static,5,9,268
Extreme_Peak,3,Static,5,10,268
Extreme_Peak,3,Static,5,11,268
Extreme_Peak,3,Static,5,12,268
Extreme_Peak,3,Static,5,13,268
Extreme_Peak,3,Static,5,14,268
Extreme_Peak,3,Static,5,15,268
Extreme_Peak,3,Static,5,16,268
Extreme_Peak,3,Static,5,17,268
Extreme_Peak,3,Static,5,18,268
Extreme_Peak,3,Static,5,19,268
Extreme_Peak,3,Static,5,20,268
Extreme_Peak,3,Static,5,21,268
Extreme_Peak,3,Static,5,22,268
Extreme_Peak,3,Static,5,23,268
Extreme_Peak,3,Static,5,24,268
Extreme_Peak,3,Static,5,25,268
Extreme_Peak,3,Static,5,26,268
Extreme_Peak,3,Static,5,27,268
Extreme_Peak,3,Static,5,28,268
Extreme_Peak,3,Static,5,29,268
Extreme_Peak,3,Static,7,0,268
Extreme_Peak,3,Static,7,1,268
Extreme_Peak,3,Static,7,2,268
Extreme_Peak,3,Static,7,3,268
Extreme_Peak,3,Static,7,4,268
Extreme_Peak,3,Static,7,5,268
Extreme_Peak,3,Static,7,6,268
Extreme_Peak,3,Static,7,7,268
Extreme_Peak,3,Static,7,8,268
Extreme_Peak,3,Static,7,9,268
Extreme_Peak,3,Static,7,10,268
Extreme_Peak,3,Static,7,11,268
Extreme_Peak,3,Static,7,12,268
Extreme_Peak,3,Static,7,13,268
Extreme_Peak,3,Static,7,14,268
Extreme_Peak,3,Static,7,15,268
Extreme_Peak,3,Static,7,16,268
Extreme_Peak,3,Static,7,17,268
Extreme_Peak,3,Static,7,18,268
Extreme_Peak,3,Static,7,19,268
Extreme_Peak,3,Static,7,20,268
Extreme_Peak,3,Static,7,21,268
Extreme_Peak,3,Static,7,22,268
Extreme_Peak,3,Static,7,23,268
Extreme_Peak,3,Static,7,24,268
Extreme_Peak,3,Static,7,25,268
Extreme_Peak,3,Static,7,26,268
Extreme_Peak,3,Static,7,27,268
Extreme_Peak,3,Static,7,28,268
Extreme_Peak,3,Static,7,29,268
Extreme_Peak,3,Dynamic,4,0,363
Extreme_Peak,3,Dynamic,4,1,367
Extreme_Peak,3,Dynamic,4,2,367
Extreme_Peak,3,Dynamic,4,3,367
Extreme_Peak,3,Dynamic,4,4,367
Extreme_Peak,3,Dynamic,4,5,368
Extreme_Peak,3,Dynamic,4,6,368
Extreme_Peak,3,Dynamic,4,7,371
Extreme_Peak,3,Dynamic,4,8,371
Extreme_Peak,3,Dynamic,4,9,371
Extreme_Peak,3,Dynamic,4,10,371
Extreme_Peak,3,Dynamic,4,11,371
Extreme_Peak,3,Dynamic,4,12,372
Extreme_Peak,3,Dynamic,4,13,372
Extreme_Peak,3,Dynamic,4,14,372
Extreme_Peak,3,Dynamic,4,15,372
Extreme_Peak,3,Dynamic,4,16,372
Extreme_Peak,3,Dynamic,4,17,372
Extreme_Peak,3,Dynamic,4,18,373
Extreme_Peak,3,Dynamic,4,19,373
Extreme_Peak,3,Dynamic,4,20,373
Extreme_Peak,3,Dynamic,4,21,373
Extreme_Peak,3,Dynamic,4,22,373
Extreme_Peak,3,Dynamic,4,23,373
Extreme_Peak,3,Dynamic,4,24,373
Extreme_Peak,3,Dynamic,4,25,373
Extreme_Peak,3,Dynamic,4,26,373
Extreme_Peak,3,Dynamic,4,27,373
Extreme_Peak,3,Dynamic,4,28,373
Extreme_Peak,3,Dynamic,4,29,373
Extreme_Peak,3,Dynamic,2,0,363
Extreme_Peak,3,Dynamic,2,1,365
Extreme_Peak,3,Dynamic,2,2,365
Extreme_Peak,3,Dynamic,2,3,368
Extreme_Peak,3,Dynamic,2,4,369
Extreme_Peak,3,Dynamic,2,5,369
Extreme_Peak,3,Dynamic,2,6,369
Extreme_Peak,3,Dynamic,2,7,370
Extreme_Peak,3,Dynamic,2,8,371
Extreme_Peak,3,Dynamic,2,9,371
Extreme_Peak,3,Dynamic,2,10,372
Extreme_Peak,3,Dynamic,2,11,372
Extreme_Peak,3,Dynamic,2,12,372
Extreme_Peak,3,Dynamic,2,13,373
Extreme_Peak,3,Dynamic,2,14,373
Extreme_Peak,3,Dynamic,2,15,373
Extreme_Peak,3,Dynamic,2,16,374
Extreme_Peak,3,Dynamic,2,17,374
Extreme_Peak,3,Dynamic,2,18,374
Extreme_Peak,3,Dynamic,2,19,374
Extreme_Peak,3,Dynamic,2,20,374
Extreme_Peak,3,Dynamic,2,21,374
Extreme_Peak,3,Dynamic,2,22,374
Extreme_Peak,3,Dynamic,2,23,375
Extreme_Peak,3,Dynamic,2,24,375
Extreme_Peak,3,Dynamic,2,25,375
Extreme_Peak,3,Dynamic,2,26,375
Extreme_Peak,3,Dynamic,2,27,375
Extreme_Peak,3,Dynamic,2,28,375
Extreme_Peak,3,Dynamic,2,29,375
Extreme_Peak,3,Dynamic,7,0,363
Extreme_Peak,3,Dynamic,7,1,363
Extreme_Peak,3,Dynamic,7,2,365
Extreme_Peak,3,Dynamic,7,3,366
Extreme_Peak,3,Dynamic,7,4,367
Extreme_Peak,3,Dynamic,7,5,369
Extreme_Peak,3,Dynamic,7,6,369
Extreme_Peak,3,Dynamic,7,7,372
Extreme_Peak,3,Dynamic,7,8,372
Extreme_Peak,3,Dynamic,7,9,372
Extreme_Peak,3,Dynamic,7,10,373
Extreme_Peak,3,Dynamic,7,11,373
Extreme_Peak,3,Dynamic,7,12,373
Extreme_Peak,3,Dynamic,7,13,373
Extreme_Peak,3,Dynamic,7,14,373
Extreme_Peak,3,Dynamic,7,15,373
Extreme_Peak,3,Dynamic,7,16,373
Extreme_Peak,3,Dynamic,7,17,373
Extreme_Peak,3,Dynamic,7,18,373
Extreme_Peak,3,Dynamic,7,19,373
Extreme_Peak,3,Dynamic,7,20,373
Extreme_Peak,3,Dynamic,7,21,373
Extreme_Peak,3,Dynamic,7,22,373
Extreme_Peak,3,Dynamic,7,23,373
Extreme_Peak,3,Dynamic,7,24,373
Extreme_Peak,3,Dynamic,7,25,373
Extreme_Peak,3,Dynamic,7,26,373
Extreme_Peak,3,Dynamic,7,27,373
Extreme_Peak,3,Dynamic,7,28,373
Extreme_Peak,3,Dynamic,7,29,373
Extreme_Peak,3,Dynamic,6,0,365
Extreme_Peak,3,Dynamic,6,1,365
Extreme_Peak,3,Dynamic,6,2,365
Extreme_Peak,3,Dynamic,6,3,365
Extreme_Peak,3,Dynamic,6,4,366
Extreme_Peak,3,Dynamic,6,5,366
Extreme_Peak,3,Dynamic,6,6,366
Extreme_Peak,3,Dynamic,6,7,366
Extreme_Peak,3,Dynamic,6,8,367
Extreme_Peak,3,Dynamic,6,9,367
Extreme_Peak,3,Dynamic,6,10,367
Extreme_Peak,3,Dynamic,6,11,369
Extreme_Peak,3,Dynamic,6,12,369
Extreme_Peak,3,Dynamic,6,13,369
Extreme_Peak,3,Dynamic,6,14,370
Extreme_Peak,3,Dynamic,6,15,370
Extreme_Peak,3,Dynamic,6,16,370
Extreme_Peak,3,Dynamic,6,17,370
Extreme_Peak,3,Dynamic,6,18,370
Extreme_Peak,3,Dynamic,6,19,370
Extreme_Peak,3,Dynamic,6,20,370
Extreme_Peak,3,Dynamic,6,21,370
Extreme_Peak,3,Dynamic,6,22,370
Extreme_Peak,3,Dynamic,6,23,371
Extreme_Peak,3,Dynamic,6,24,371
Extreme_Peak,3,Dynamic,6,25,371
Extreme_Peak,3,Dynamic,6,26,371
Extreme_Peak,3,Dynamic,6,27,371
Extreme_Peak,3,Dynamic,6,28,371
Extreme_Peak,3,Dynamic,6,29,372
Extreme_Peak,3,Dynamic,3,0,364
Extreme_Peak,3,Dynamic,3,1,364
Extreme_Peak,3,Dynamic,3,2,366
Extreme_Peak,3,Dynamic,3,3,370
Extreme_Peak,3,Dynamic,3,4,370
Extreme_Peak,3,Dynamic,3,5,370
Extreme_Peak,3,Dynamic,3,6,371
Extreme_Peak,3,Dynamic,3,7,371
Extreme_Peak,3,Dynamic,3,8,371
Extreme_Peak,3,Dynamic,3,9,371
Extreme_Peak,3,Dynamic,3,10,371
Extreme_Peak,3,Dynamic,3,11,372
Extreme_Peak,3,Dynamic,3,12,372
Extreme_Peak,3,Dynamic,3,13,372
Extreme_Peak,3,Dynamic,3,14,373
Extreme_Peak,3,Dynamic,3,15,373
Extreme_Peak,3,Dynamic,3,16,374
Extreme_Peak,3,Dynamic,3,17,374
Extreme_Peak,3,Dynamic,3,18,374
Extreme_Peak,3,Dynamic,3,19,375
Extreme_Peak,3,Dynamic,3,20,375
Extreme_Peak,3,Dynamic,3,21,375
Extreme_Peak,3,Dynamic,3,22,375
Extreme_Peak,3,Dynamic,3,23,375
Extreme_Peak,3,Dynamic,3,24,375
Extreme_Peak,3,Dynamic,3,25,375
Extreme_Peak,3,Dynamic,3,26,375
Extreme_Peak,3,Dynamic,3,27,375
Extreme_Peak,3,Dynamic,3,28,375
Extreme_Peak,3,Dynamic,3,29,375
Extreme_Peak,3,Dynamic,5,0,365
Extreme_Peak,3,Dynamic,5,1,365
Extreme_Peak,3,Dynamic,5,2,366
Extreme_Peak,3,Dynamic,5,3,366
Extreme_Peak,3,Dynamic,5,4,367
Extreme_Peak,3,Dynamic,5,5,368
Extreme_Peak,3,Dynamic,5,6,369
Extreme_Peak,3,Dynamic,5,7,369
Extreme_Peak,3,Dynamic,5,8,370
Extreme_Peak,3,Dynamic,5,9,370
Extreme_Peak,3,Dynamic,5,10,371
Extreme_Peak,3,Dynamic,5,11,371
Extreme_Peak,3,Dynamic,5,12,372
Extreme_Peak,3,Dynamic,5,13,372
Extreme_Peak,3,Dynamic,5,14,373
Extreme_Peak,3,Dynamic,5,15,373
Extreme_Peak,3,Dynamic,5,16,373
Extreme_Peak,3,Dynamic,5,17,373
Extreme_Peak,3,Dynamic,5,18,373
Extreme_Peak,3,Dynamic,5,19,373
Extreme_Peak,3,Dynamic,5,20,373
Extreme_Peak,3,Dynamic,5,21,373
Extreme_Peak,3,Dynamic,5,22,373
Extreme_Peak,3,Dynamic,5,23,373
Extreme_Peak,3,Dynamic,5,24,373
Extreme_Peak,3,Dynamic,5,25,373
Extreme_Peak,3,Dynamic,5,26,373
Extreme_Peak,3,Dynamic,5,27,373
Extreme_Peak,3,Dynamic,5,28,373
Extreme_Peak,3,Dynamic,5,29,373
Extreme_Peak,3,Dynamic,1,0,363
Extreme_Peak,3,Dynamic,1,1,363
Extreme_Peak,3,Dynamic,1,2,366
Extreme_Peak,3,Dynamic,1,3,366
Extreme_Peak,3,Dynamic,1,4,368
Extreme_Peak,3,Dynamic,1,5,368
Extreme_Peak,3,Dynamic,1,6,368
Extreme_Peak,3,Dynamic,1,7,369
Extreme_Peak,3,Dynamic,1,8,370
Extreme_Peak,3,Dynamic,1,9,370
Extreme_Peak,3,Dynamic,1,10,370
Extreme_Peak,3,Dynamic,1,11,372
Extreme_Peak,3,Dynamic,1,12,372
Extreme_Peak,3,Dynamic,1,13,372
Extreme_Peak,3,Dynamic,1,14,372
Extreme_Peak,3,Dynamic,1,15,372
Extreme_Peak,3,Dynamic,1,16,372
Extreme_Peak,3,Dynamic,1,17,372
Extreme_Peak,3,Dynamic,1,18,372
Extreme_Peak,3,Dynamic,1,19,372
Extreme_Peak,3,Dynamic,1,20,372
Extreme_Peak,3,Dynamic,1,21,372
Extreme_Peak,3,Dynamic,1,22,372
Extreme_Peak,3,Dynamic,1,23,372
Extreme_Peak,3,Dynamic,1,24,372
Extreme_Peak,3,Dynamic,1,25,372
Extreme_Peak,3,Dynamic,1,26,372
Extreme_Peak,3,Dynamic,1,27,372
Extreme_Peak,3,Dynamic,1,28,373
Extreme_Peak,3,Dynamic,1,29,373
Extreme_Peak,3,Dynamic,10,0,363
Extreme_Peak,3,Dynamic,10,1,365
Extreme_Peak,3,Dynamic,10,2,365
Extreme_Peak,3,Dynamic,10,3,367
Extreme_Peak,3,Dynamic,10,4,367
Extreme_Peak,3,Dynamic,10,5,367
Extreme_Peak,3,Dynamic,10,6,367
Extreme_Peak,3,Dynamic,10,7,367
Extreme_Peak,3,Dynamic,10,8,367
Extreme_Peak,3,Dynamic,10,9,367
Extreme_Peak,3,Dynamic,10,10,367
Extreme_Peak,3,Dynamic,10,11,368
Extreme_Peak,3,Dynamic,10,12,368
Extreme_Peak,3,Dynamic,10,13,368
Extreme_Peak,3,Dynamic,10,14,368
Extreme_Peak,3,Dynamic,10,15,369
Extreme_Peak,3,Dynamic,10,16,369
Extreme_Peak,3,Dynamic,10,17,369
Extreme_Peak,3,Dynamic,10,18,370
Extreme_Peak,3,Dynamic,10,19,370
Extreme_Peak,3,Dynamic,10,20,370
Extreme_Peak,3,Dynamic,10,21,370
Extreme_Peak,3,Dynamic,10,22,370
Extreme_Peak,3,Dynamic,10,23,370
Extreme_Peak,3,Dynamic,10,24,370
Extreme_Peak,3,Dynamic,10,25,370
Extreme_Peak,3,Dynamic,10,26,371
Extreme_Peak,3,Dynamic,10,27,371
Extreme_Peak,3,Dynamic,10,28,371
Extreme_Peak,3,Dynamic,10,29,371
Extreme_Peak,3,Dynamic,8,0,363
Extreme_Peak,3,Dynamic,8,1,363
Extreme_Peak,3,Dynamic,8,2,365
Extreme_Peak,3,Dynamic,8,3,367
Extreme_Peak,3,Dynamic,8,4,369
Extreme_Peak,3,Dynamic,8,5,369
Extreme_Peak,3,Dynamic,8,6,370
Extreme_Peak,3,Dynamic,8,7,371
Extreme_Peak,3,Dynamic,8,8,371
Extreme_Peak,3,Dynamic,8,9,371
Extreme_Peak,3,Dynamic,8,10,372
Extreme_Peak,3,Dynamic,8,11,372
Extreme_Peak,3,Dynamic,8,12,372
Extreme_Peak,3,Dynamic,8,13,372
Extreme_Peak,3,Dynamic,8,14,372
Extreme_Peak,3,Dynamic,8,15,373
Extreme_Peak,3,Dynamic,8,16,373
Extreme_Peak,3,Dynamic,8,17,373
Extreme_Peak,3,Dynamic,8,18,373
Extreme_Peak,3,Dynamic,8,19,373
Extreme_Peak,3,Dynamic,8,20,373
Extreme_Peak,3,Dynamic,8,21,373
Extreme_Peak,3,Dynamic,8,22,373
Extreme_Peak,3,Dynamic,8,23,373
Extreme_Peak,3,Dynamic,8,24,373
Extreme_Peak,3,Dynamic,8,25,373
Extreme_Peak,3,Dynamic,8,26,373
Extreme_Peak,3,Dynamic,8,27,373
Extreme_Peak,3,Dynamic,8,28,373
Extreme_Peak,3,Dynamic,8,29,373
Extreme_Peak,3,Dynamic,9,0,364
Extreme_Peak,3,Dynamic,9,1,364
Extreme_Peak,3,Dynamic,9,2,366
Extreme_Peak,3,Dynamic,9,3,368
Extreme_Peak,3,Dynamic,9,4,370
Extreme_Peak,3,Dynamic,9,5,371
Extreme_Peak,3,Dynamic,9,6,371
Extreme_Peak,3,Dynamic,9,7,371
Extreme_Peak,3,Dynamic,9,8,371
Extreme_Peak,3,Dynamic,9,9,372
Extreme_Peak,3,Dynamic,9,10,372
Extreme_Peak,3,Dynamic,9,11,372
Extreme_Peak,3,Dynamic,9,12,372
Extreme_Peak,3,Dynamic,9,13,372
Extreme_Peak,3,Dynamic,9,14,373
Extreme_Peak,3,Dynamic,9,15,373
Extreme_Peak,3,Dynamic,9,16,373
Extreme_Peak,3,Dynamic,9,17,373
Extreme_Peak,3,Dynamic,9,18,373
Extreme_Peak,3,Dynamic,9,19,373
Extreme_Peak,3,Dynamic,9,20,373
Extreme_Peak,3,Dynamic,9,21,373
Extreme_Peak,3,Dynamic,9,22,373
Extreme_Peak,3,Dynamic,9,23,373
Extreme_Peak,3,Dynamic,9,24,373
Extreme_Peak,3,Dynamic,9,25,373
Extreme_Peak,3,Dynamic,9,26,373
Extreme_Peak,3,Dynamic,9,27,373
Extreme_Peak,3,Dynamic,9,28,373
Extreme_Peak,3,Dynamic,9,29,374
Extreme_Peak,4,Static,6,0,235
Extreme_Peak,4,Static,6,1,235
Extreme_Peak,4,Static,6,2,235
Extreme_Peak,4,Static,6,3,235
Extreme_Peak,4,Static,6,4,235
Extreme_Peak,4,Static,6,5,235
Extreme_Peak,4,Static,6,6,235
Extreme_Peak,4,Static,6,7,235
Extreme_Peak,4,Static,6,8,235
Extreme_Peak,4,Static,6,9,235
Extreme_Peak,4,Static,6,10,235
Extreme_Peak,4,Static,6,11,235
Extreme_Peak,4,Static,6,12,235
Extreme_Peak,4,Static,6,13,235
Extreme_Peak,4,Static,6,14,235
Extreme_Peak,4,Static,6,15,235
Extreme_Peak,4,Static,6,16,235
Extreme_Peak,4,Static,6,17,235
Extreme_Peak,4,Static,6,18,235
Extreme_Peak,4,Static,6,19,235
Extreme_Peak,4,Static,6,20,235
Extreme_Peak,4,Static,6,21,235
Extreme_Peak,4,Static,6,22,235
Extreme_Peak,4,Static,6,23,235
Extreme_Peak,4,Static,6,24,235
Extreme_Peak,4,Static,6,25,235
Extreme_Peak,4,Static,6,26,235
Extreme_Peak,4,Static,6,27,235
Extreme_Peak,4,Static,6,28,235
Extreme_Peak,4,Static,6,29,235
Extreme_Peak,4,Static,4,0,235
Extreme_Peak,4,Static,4,1,235
Extreme_Peak,4,Static,4,2,235
Extreme_Peak,4,Static,4,3,235
Extreme_Peak,4,Static,4,4,235
Extreme_Peak,4,Static,4,5,235
Extreme_Peak,4,Static,4,6,235
Extreme_Peak,4,Static,4,7,235
Extreme_Peak,4,Static,4,8,235
Extreme_Peak,4,Static,4,9,235
Extreme_Peak,4,Static,4,10,235
Extreme_Peak,4,Static,4,11,235
Extreme_Peak,4,Static,4,12,235
Extreme_Peak,4,Static,4,13,235
Extreme_Peak,4,Static,4,14,235
Extreme_Peak,4,Static,4,15,235
Extreme_Peak,4,Static,4,16,235
Extreme_Peak,4,Static,4,17,235
Extreme_Peak,4,Static,4,18,235
Extreme_Peak,4,Static,4,19,235
Extreme_Peak,4,Static,4,20,235
Extreme_Peak,4,Static,4,21,235
Extreme_Peak,4,Static,4,22,235
Extreme_Peak,4,Static,4,23,235
Extreme_Peak,4,Static,4,24,235
Extreme_Peak,4,Static,4,25,235
Extreme_Peak,4,Static,4,26,235
Extreme_Peak,4,Static,4,27,235
Extreme_Peak,4,Static,4,28,235
Extreme_Peak,4,Static,4,29,235
Extreme_Peak,4,Static,3,0,235
Extreme_Peak,4,Static,3,1,235
Extreme_Peak,4,Static,3,2,235
Extreme_Peak,4,Static,3,3,235
Extreme_Peak,4,Static,3,4,235
Extreme_Peak,4,Static,3,5,235
Extreme_Peak,4,Static,3,6,235
Extreme_Peak,4,Static,3,7,235
Extreme_Peak,4,Static,3,8,235
Extreme_Peak,4,Static,3,9,235
Extreme_Peak,4,Static,3,10,235
Extreme_Peak,4,Static,3,11,235
Extreme_Peak,4,Static,3,12,235
Extreme_Peak,4,Static,3,13,235
Extreme_Peak,4,Static,3,14,235
Extreme_Peak,4,Static,3,15,235
Extreme_Peak,4,Static,3,16,235
Extreme_Peak,4,Static,3,17,235
Extreme_Peak,4,Static,3,18,235
Extreme_Peak,4,Static,3,19,235
Extreme_Peak,4,Static,3,20,235
Extreme_Peak,4,Static,3,21,235
Extreme_Peak,4,Static,3,22,235
Extreme_Peak,4,Static,3,23,235
Extreme_Peak,4,Static,3,24,235
Extreme_Peak,4,Static,3,25,235
Extreme_Peak,4,Static,3,26,235
Extreme_Peak,4,Static,3,27,235
Extreme_Peak,4,Static,3,28,235
Extreme_Peak,4,Static,3,29,235
Extreme_Peak,4,Static,1,0,235
Extreme_Peak,4,Static,1,1,235
Extreme_Peak,4,Static,1,2,235
Extreme_Peak,4,Static,1,3,235
Extreme_Peak,4,Static,1,4,235
Extreme_Peak,4,Static,1,5,235
Extreme_Peak,4,Static,1,6,235
Extreme_Peak,4,Static,1,7,235
Extreme_Peak,4,Static,1,8,235
Extreme_Peak,4,Static,1,9,235
Extreme_Peak,4,Static,1,10,235
Extreme_Peak,4,Static,1,11,235
Extreme_Peak,4,Static,1,12,235
Extreme_Peak,4,Static,1,13,235
Extreme_Peak,4,Static,1,14,235
Extreme_Peak,4,Static,1,15,235
Extreme_Peak,4,Static,1,16,235
Extreme_Peak,4,Static,1,17,235
Extreme_Peak,4,Static,1,18,235
Extreme_Peak,4,Static,1,19,235
Extreme_Peak,4,Static,1,20,235
Extreme_Peak,4,Static,1,21,235
Extreme_Peak,4,Static,1,22,235
Extreme_Peak,4,Static,1,23,235
Extreme_Peak,4,Static,1,24,235
Extreme_Peak,4,Static,1,25,235
Extreme_Peak,4,Static,1,26,235
Extreme_Peak,4,Static,1,27,235
Extreme_Peak,4,Static,1,28,235
Extreme_Peak,4,Static,1,29,235
Extreme_Peak,4,Static,5,0,235
Extreme_Peak,4,Static,5,1,235
Extreme_Peak,4,Static,5,2,235
Extreme_Peak,4,Static,5,3,235
Extreme_Peak,4,Static,5,4,235
Extreme_Peak,4,Static,5,5,235
Extreme_Peak,4,Static,5,6,235
Extreme_Peak,4,Static,5,7,235
Extreme_Peak,4,Static,5,8,235
Extreme_Peak,4,Static,5,9,235
Extreme_Peak,4,Static,5,10,235
Extreme_Peak,4,Static,5,11,235
Extreme_Peak,4,Static,5,12,235
Extreme_Peak,4,Static,5,13,235
Extreme_Peak,4,Static,5,14,235
Extreme_Peak,4,Static,5,15,235
Extreme_Peak,4,Static,5,16,235
Extreme_Peak,4,Static,5,17,235
Extreme_Peak,4,Static,5,18,235
Extreme_Peak,4,Static,5,19,235
Extreme_Peak,4,Static,5,20,235
Extreme_Peak,4,Static,5,21,235
Extreme_Peak,4,Static,5,22,235
Extreme_Peak,4,Static,5,23,235
Extreme_Peak,4,Static,5,24,235
Extreme_Peak,4,Static,5,25,235
Extreme_Peak,4,Static,5,26,235
Extreme_Peak,4,Static,5,27,235
Extreme_Peak,4,Static,5,28,235
Extreme_Peak,4,Static,5,29,235
Extreme_Peak,4,Static,7,0,235
Extreme_Peak,4,Static,7,1,235
Extreme_Peak,4,Static,7,2,235
Extreme_Peak,4,Static,7,3,235
Extreme_Peak,4,Static,7,4,235
Extreme_Peak,4,Static,7,5,235
Extreme_Peak,4,Static,7,6,235
Extreme_Peak,4,Static,7,7,235
Extreme_Peak,4,Static,7,8,235
Extreme_Peak,4,Static,7,9,235
Extreme_Peak,4,Static,7,10,235
Extreme_Peak,4,Static,7,11,235
Extreme_Peak,4,Static,7,12,235
Extreme_Peak,4,Static,7,13,235
Extreme_Peak,4,Static,7,14,235
Extreme_Peak,4,Static,7,15,235
Extreme_Peak,4,Static,7,16,235
Extreme_Peak,4,Static,7,17,235
Extreme_Peak,4,Static,7,18,235
Extreme_Peak,4,Static,7,19,235
Extreme_Peak,4,Static,7,20,235
Extreme_Peak,4,Static,7,21,235
Extreme_Peak,4,Static,7,22,235
Extreme_Peak,4,Static,7,23,235
Extreme_Peak,4,Static,7,24,235
Extreme_Peak,4,Static,7,25,235
Extreme_Peak,4,Static,7,26,235
Extreme_Peak,4,Static,7,27,235
Extreme_Peak,4,Static,7,28,235
Extreme_Peak,4,Static,7,29,235
Extreme_Peak,4,Static,8,0,235
Extreme_Peak,4,Static,8,1,235
Extreme_Peak,4,Static,8,2,235
Extreme_Peak,4,Static,8,3,235
Extreme_Peak,4,Static,8,4,235
Extreme_Peak,4,Static,8,5,235
Extreme_Peak,4,Static,8,6,235
Extreme_Peak,4,Static,8,7,235
Extreme_Peak,4,Static,8,8,235
Extreme_Peak,4,Static,8,9,235
Extreme_Peak,4,Static,8,10,235
Extreme_Peak,4,Static,8,11,235
Extreme_Peak,4,Static,8,12,235
Extreme_Peak,4,Static,8,13,235
Extreme_Peak,4,Static,8,14,235
Extreme_Peak,4,Static,8,15,235
Extreme_Peak,4,Static,8,16,235
Extreme_Peak,4,Static,8,17,235
Extreme_Peak,4,Static,8,18,235
Extreme_Peak,4,Static,8,19,235
Extreme_Peak,4,Static,8,20,235
Extreme_Peak,4,Static,8,21,235
Extreme_Peak,4,Static,8,22,235
Extreme_Peak,4,Static,8,23,235
Extreme_Peak,4,Static,8,24,235
Extreme_Peak,4,Static,8,25,235
Extreme_Peak,4,Static,8,26,235
Extreme_Peak,4,Static,8,27,235
Extreme_Peak,4,Static,8,28,235
Extreme_Peak,4,Static,8,29,235
Extreme_Peak,4,Static,9,0,235
Extreme_Peak,4,Static,9,1,235
Extreme_Peak,4,Static,9,2,235
Extreme_Peak,4,Static,9,3,235
Extreme_Peak,4,Static,9,4,235
Extreme_Peak,4,Static,9,5,235
Extreme_Peak,4,Static,9,6,235
Extreme_Peak,4,Static,9,7,235
Extreme_Peak,4,Static,9,8,235
Extreme_Peak,4,Static,9,9,235
Extreme_Peak,4,Static,9,10,235
Extreme_Peak,4,Static,9,11,235
Extreme_Peak,4,Static,9,12,235
Extreme_Peak,4,Static,9,13,235
Extreme_Peak,4,Static,9,14,235
Extreme_Peak,4,Static,9,15,235
Extreme_Peak,4,Static,9,16,235
Extreme_Peak,4,Static,9,17,235
Extreme_Peak,4,Static,9,18,235
Extreme_Peak,4,Static,9,19,235
Extreme_Peak,4,Static,9,20,235
Extreme_Peak,4,Static,9,21,235
Extreme_Peak,4,Static,9,22,235
Extreme_Peak,4,Static,9,23,235
Extreme_Peak,4,Static,9,24,235
Extreme_Peak,4,Static,9,25,235
Extreme_Peak,4,Static,9,26,235
Extreme_Peak,4,Static,9,27,235
Extreme_Peak,4,Static,9,28,235
Extreme_Peak,4,Static,9,29,235
Extreme_Peak,4,Static,10,0,235
Extreme_Peak,4,Static,10,1,235
Extreme_Peak,4,Static,10,2,235
Extreme_Peak,4,Static,10,3,235
Extreme_Peak,4,Static,10,4,235
Extreme_Peak,4,Static,10,5,235
Extreme_Peak,4,Static,10,6,235
Extreme_Peak,4,Static,10,7,235
Extreme_Peak,4,Static,10,8,235
Extreme_Peak,4,Static,10,9,235
Extreme_Peak,4,Static,10,10,235
Extreme_Peak,4,Static,10,11,235
Extreme_Peak,4,Static,10,12,235
Extreme_Peak,4,Static,10,13,235
Extreme_Peak,4,Static,10,14,235
Extreme_Peak,4,Static,10,15,235
Extreme_Peak,4,Static,10,16,235
Extreme_Peak,4,Static,10,17,235
Extreme_Peak,4,Static,10,18,235
Extreme_Peak,4,Static,10,19,235
Extreme_Peak,4,Static,10,20,235
Extreme_Peak,4,Static,10,21,235
Extreme_Peak,4,Static,10,22,235
Extreme_Peak,4,Static,10,23,235
Extreme_Peak,4,Static,10,24,235
Extreme_Peak,4,Static,10,25,235
Extreme_Peak,4,Static,10,26,235
Extreme_Peak,4,Static,10,27,235
Extreme_Peak,4,Static,10,28,235
Extreme_Peak,4,Static,10,29,235
Extreme_Peak,4,Static,2,0,235
Extreme_Peak,4,Static,2,1,235
Extreme_Peak,4,Static,2,2,235
Extreme_Peak,4,Static,2,3,235
Extreme_Peak,4,Static,2,4,235
Extreme_Peak,4,Static,2,5,235
Extreme_Peak,4,Static,2,6,235
Extreme_Peak,4,Static,2,7,235
Extreme_Peak,4,Static,2,8,235
Extreme_Peak,4,Static,2,9,235
Extreme_Peak,4,Static,2,10,235
Extreme_Peak,4,Static,2,11,235
Extreme_Peak,4,Static,2,12,235
Extreme_Peak,4,Static,2,13,235
Extreme_Peak,4,Static,2,14,235
Extreme_Peak,4,Static,2,15,235
Extreme_Peak,4,Static,2,16,235
Extreme_Peak,4,Static,2,17,235
Extreme_Peak,4,Static,2,18,235
Extreme_Peak,4,Static,2,19,235
Extreme_Peak,4,Static,2,20,235
Extreme_Peak,4,Static,2,21,235
Extreme_Peak,4,Static,2,22,235
Extreme_Peak,4,Static,2,23,235
Extreme_Peak,4,Static,2,24,235
Extreme_Peak,4,Static,2,25,235
Extreme_Peak,4,Static,2,26,235
Extreme_Peak,4,Static,2,27,235
Extreme_Peak,4,Static,2,28,235
Extreme_Peak,4,Static,2,29,235
Extreme_Peak,4,Dynamic,3,0,357
Extreme_Peak,4,Dynamic,3,1,360
Extreme_Peak,4,Dynamic,3,2,361
Extreme_Peak,4,Dynamic,3,3,363
Extreme_Peak,4,Dynamic,3,4,364
Extreme_Peak,4,Dynamic,3,5,364
Extreme_Peak,4,Dynamic,3,6,365
Extreme_Peak,4,Dynamic,3,7,365
Extreme_Peak,4,Dynamic,3,8,365
Extreme_Peak,4,Dynamic,3,9,365
Extreme_Peak,4,Dynamic,3,10,365
Extreme_Peak,4,Dynamic,3,11,365
Extreme_Peak,4,Dynamic,3,12,365
Extreme_Peak,4,Dynamic,3,13,365
Extreme_Peak,4,Dynamic,3,14,365
Extreme_Peak,4,Dynamic,3,15,365
Extreme_Peak,4,Dynamic,3,16,365
Extreme_Peak,4,Dynamic,3,17,365
Extreme_Peak,4,Dynamic,3,18,366
Extreme_Peak,4,Dynamic,3,19,366
Extreme_Peak,4,Dynamic,3,20,366
Extreme_Peak,4,Dynamic,3,21,367
Extreme_Peak,4,Dynamic,3,22,367
Extreme_Peak,4,Dynamic,3,23,367
Extreme_Peak,4,Dynamic,3,24,367
Extreme_Peak,4,Dynamic,3,25,367
Extreme_Peak,4,Dynamic,3,26,367
Extreme_Peak,4,Dynamic,3,27,367
Extreme_Peak,4,Dynamic,3,28,367
Extreme_Peak,4,Dynamic,3,29,367
Extreme_Peak,4,Dynamic,2,0,358
Extreme_Peak,4,Dynamic,2,1,358
Extreme_Peak,4,Dynamic,2,2,360
Extreme_Peak,4,Dynamic,2,3,363
Extreme_Peak,4,Dynamic,2,4,364
Extreme_Peak,4,Dynamic,2,5,364
Extreme_Peak,4,Dynamic,2,6,364
Extreme_Peak,4,Dynamic,2,7,366
Extreme_Peak,4,Dynamic,2,8,366
Extreme_Peak,4,Dynamic,2,9,366
Extreme_Peak,4,Dynamic,2,10,366
Extreme_Peak,4,Dynamic,2,11,366
Extreme_Peak,4,Dynamic,2,12,367
Extreme_Peak,4,Dynamic,2,13,367
Extreme_Peak,4,Dynamic,2,14,368
Extreme_Peak,4,Dynamic,2,15,368
Extreme_Peak,4,Dynamic,2,16,368
Extreme_Peak,4,Dynamic,2,17,369
Extreme_Peak,4,Dynamic,2,18,369
Extreme_Peak,4,Dynamic,2,19,369
Extreme_Peak,4,Dynamic,2,20,369
Extreme_Peak,4,Dynamic,2,21,369
Extreme_Peak,4,Dynamic,2,22,369
Extreme_Peak,4,Dynamic,2,23,369
Extreme_Peak,4,Dynamic,2,24,369
Extreme_Peak,4,Dynamic,2,25,369
Extreme_Peak,4,Dynamic,2,26,369
Extreme_Peak,4,Dynamic,2,27,369
Extreme_Peak,4,Dynamic,2,28,369
Extreme_Peak,4,Dynamic,2,29,369
Extreme_Peak,4,Dynamic,10,0,359
Extreme_Peak,4,Dynamic,10,1,362
Extreme_Peak,4,Dynamic,10,2,363
Extreme_Peak,4,Dynamic,10,3,366
Extreme_Peak,4,Dynamic,10,4,366
Extreme_Peak,4,Dynamic,10,5,366
Extreme_Peak,4,Dynamic,10,6,367
Extreme_Peak,4,Dynamic,10,7,367
Extreme_Peak,4,Dynamic,10,8,367
Extreme_Peak,4,Dynamic,10,9,368
Extreme_Peak,4,Dynamic,10,10,369
Extreme_Peak,4,Dynamic,10,11,369
Extreme_Peak,4,Dynamic,10,12,369
Extreme_Peak,4,Dynamic,10,13,369
Extreme_Peak,4,Dynamic,10,14,369
Extreme_Peak,4,Dynamic,10,15,369
Extreme_Peak,4,Dynamic,10,16,370
Extreme_Peak,4,Dynamic,10,17,370
Extreme_Peak,4,Dynamic,10,18,370
Extreme_Peak,4,Dynamic,10,19,370
Extreme_Peak,4,Dynamic,10,20,370
Extreme_Peak,4,Dynamic,10,21,370
Extreme_Peak,4,Dynamic,10,22,370
Extreme_Peak,4,Dynamic,10,23,370
Extreme_Peak,4,Dynamic,10,24,370
Extreme_Peak,4,Dynamic,10,25,370
Extreme_Peak,4,Dynamic,10,26,370
Extreme_Peak,4,Dynamic,10,27,370
Extreme_Peak,4,Dynamic,10,28,370
Extreme_Peak,4,Dynamic,10,29,370
Extreme_Peak,4,Dynamic,5,0,359
Extreme_Peak,4,Dynamic,5,1,359
Extreme_Peak,4,Dynamic,5,2,366
Extreme_Peak,4,Dynamic,5,3,366
Extreme_Peak,4,Dynamic,5,4,366
Extreme_Peak,4,Dynamic,5,5,367
Extreme_Peak,4,Dynamic,5,6,367
Extreme_Peak,4,Dynamic,5,7,367
Extreme_Peak,4,Dynamic,5,8,367
Extreme_Peak,4,Dynamic,5,9,367
Extreme_Peak,4,Dynamic,5,10,367
Extreme_Peak,4,Dynamic,5,11,368
Extreme_Peak,4,Dynamic,5,12,368
Extreme_Peak,4,Dynamic,5,13,368
Extreme_Peak,4,Dynamic,5,14,368
Extreme_Peak,4,Dynamic,5,15,368
Extreme_Peak,4,Dynamic,5,16,368
Extreme_Peak,4,Dynamic,5,17,368
Extreme_Peak,4,Dynamic,5,18,368
Extreme_Peak,4,Dynamic,5,19,368
Extreme_Peak,4,Dynamic,5,20,368
Extreme_Peak,4,Dynamic,5,21,368
Extreme_Peak,4,Dynamic,5,22,368
Extreme_Peak,4,Dynamic,5,23,368
Extreme_Peak,4,Dynamic,5,24,368
Extreme_Peak,4,Dynamic,5,25,368
Extreme_Peak,4,Dynamic,5,26,368
Extreme_Peak,4,Dynamic,5,27,368
Extreme_Peak,4,Dynamic,5,28,368
Extreme_Peak,4,Dynamic,5,29,368
Extreme_Peak,4,Dynamic,4,0,358
Extreme_Peak,4,Dynamic,4,1,362
Extreme_Peak,4,Dynamic,4,2,362
Extreme_Peak,4,Dynamic,4,3,362
Extreme_Peak,4,Dynamic,4,4,363
Extreme_Peak,4,Dynamic,4,5,363
Extreme_Peak,4,Dynamic,4,6,364
Extreme_Peak,4,Dynamic,4,7,364
Extreme_Peak,4,Dynamic,4,8,365
Extreme_Peak,4,Dynamic,4,9,365
Extreme_Peak,4,Dynamic,4,10,365
Extreme_Peak,4,Dynamic,4,11,365
Extreme_Peak,4,Dynamic,4,12,365
Extreme_Peak,4,Dynamic,4,13,365
Extreme_Peak,4,Dynamic,4,14,365
Extreme_Peak,4,Dynamic,4,15,365
Extreme_Peak,4,Dynamic,4,16,366
Extreme_Peak,4,Dynamic,4,17,366
Extreme_Peak,4,Dynamic,4,18,366
Extreme_Peak,4,Dynamic,4,19,366
Extreme_Peak,4,Dynamic,4,20,366
Extreme_Peak,4,Dynamic,4,21,366
Extreme_Peak,4,Dynamic,4,22,366
Extreme_Peak,4,Dynamic,4,23,366
Extreme_Peak,4,Dynamic,4,24,366
Extreme_Peak,4,Dynamic,4,25,366
Extreme_Peak,4,Dynamic,4,26,366
Extreme_Peak,4,Dynamic,4,27,366
Extreme_Peak,4,Dynamic,4,28,367
Extreme_Peak,4,Dynamic,4,29,367
Extreme_Peak,4,Dynamic,8,0,360
Extreme_Peak,4,Dynamic,8,1,362
Extreme_Peak,4,Dynamic,8,2,362
Extreme_Peak,4,Dynamic,8,3,363
Extreme_Peak,4,Dynamic,8,4,363
Extreme_Peak,4,Dynamic,8,5,363
Extreme_Peak,4,Dynamic,8,6,364
Extreme_Peak,4,Dynamic,8,7,365
Extreme_Peak,4,Dynamic,8,8,365
Extreme_Peak,4,Dynamic,8,9,365
Extreme_Peak,4,Dynamic,8,10,366
Extreme_Peak,4,Dynamic,8,11,366
Extreme_Peak,4,Dynamic,8,12,367
Extreme_Peak,4,Dynamic,8,13,367
Extreme_Peak,4,Dynamic,8,14,367
Extreme_Peak,4,Dynamic,8,15,367
Extreme_Peak,4,Dynamic,8,16,368
Extreme_Peak,4,Dynamic,8,17,368
Extreme_Peak,4,Dynamic,8,18,368
Extreme_Peak,4,Dynamic,8,19,368
Extreme_Peak,4,Dynamic,8,20,368
Extreme_Peak,4,Dynamic,8,21,368
Extreme_Peak,4,Dynamic,8,22,368
Extreme_Peak,4,Dynamic,8,23,368
Extreme_Peak,4,Dynamic,8,24,368
Extreme_Peak,4,Dynamic,8,25,368
Extreme_Peak,4,Dynamic,8,26,368
Extreme_Peak,4,Dynamic,8,27,368
Extreme_Peak,4,Dynamic,8,28,368
Extreme_Peak,4,Dynamic,8,29,368
Extreme_Peak,4,Dynamic,6,0,359
Extreme_Peak,4,Dynamic,6,1,360
Extreme_Peak,4,Dynamic,6,2,362
Extreme_Peak,4,Dynamic,6,3,362
Extreme_Peak,4,Dynamic,6,4,364
Extreme_Peak,4,Dynamic,6,5,366
Extreme_Peak,4,Dynamic,6,6,366
Extreme_Peak,4,Dynamic,6,7,366
Extreme_Peak,4,Dynamic,6,8,366
Extreme_Peak,4,Dynamic,6,9,366
Extreme_Peak,4,Dynamic,6,10,367
Extreme_Peak,4,Dynamic,6,11,367
Extreme_Peak,4,Dynamic,6,12,367
Extreme_Peak,4,Dynamic,6,13,367
Extreme_Peak,4,Dynamic,6,14,367
Extreme_Peak,4,Dynamic,6,15,367
Extreme_Peak,4,Dynamic,6,16,367
Extreme_Peak,4,Dynamic,6,17,367
Extreme_Peak,4,Dynamic,6,18,367
Extreme_Peak,4,Dynamic,6,19,367
Extreme_Peak,4,Dynamic,6,20,367
Extreme_Peak,4,Dynamic,6,21,367
Extreme_Peak,4,Dynamic,6,22,367
Extreme_Peak,4,Dynamic,6,23,367
Extreme_Peak,4,Dynamic,6,24,367
Extreme_Peak,4,Dynamic,6,25,367
Extreme_Peak,4,Dynamic,6,26,367
Extreme_Peak,4,Dynamic,6,27,367
Extreme_Peak,4,Dynamic,6,28,367
Extreme_Peak,4,Dynamic,6,29,367
Extreme_Peak,4,Dynamic,7,0,358
Extreme_Peak,4,Dynamic,7,1,358
Extreme_Peak,4,Dynamic,7,2,361
Extreme_Peak,4,Dynamic,7,3,364
Extreme_Peak,4,Dynamic,7,4,364
Extreme_Peak,4,Dynamic,7,5,367
Extreme_Peak,4,Dynamic,7,6,367
Extreme_Peak,4,Dynamic,7,7,368
Extreme_Peak,4,Dynamic,7,8,368
Extreme_Peak,4,Dynamic,7,9,369
Extreme_Peak,4,Dynamic,7,10,369
Extreme_Peak,4,Dynamic,7,11,371
Extreme_Peak,4,Dynamic,7,12,371
Extreme_Peak,4,Dynamic,7,13,371
Extreme_Peak,4,Dynamic,7,14,371
Extreme_Peak,4,Dynamic,7,15,371
Extreme_Peak,4,Dynamic,7,16,371
Extreme_Peak,4,Dynamic,7,17,371
Extreme_Peak,4,Dynamic,7,18,371
Extreme_Peak,4,Dynamic,7,19,371
Extreme_Peak,4,Dynamic,7,20,371
Extreme_Peak,4,Dynamic,7,21,371
Extreme_Peak,4,Dynamic,7,22,371
Extreme_Peak,4,Dynamic,7,23,371
Extreme_Peak,4,Dynamic,7,24,371
Extreme_Peak,4,Dynamic,7,25,371
Extreme_Peak,4,Dynamic,7,26,371
Extreme_Peak,4,Dynamic,7,27,371
Extreme_Peak,4,Dynamic,7,28,371
Extreme_Peak,4,Dynamic,7,29,371
Extreme_Peak,4,Dynamic,1,0,360
Extreme_Peak,4,Dynamic,1,1,361
Extreme_Peak,4,Dynamic,1,2,361
Extreme_Peak,4,Dynamic,1,3,366
Extreme_Peak,4,Dynamic,1,4,366
Extreme_Peak,4,Dynamic,1,5,367
Extreme_Peak,4,Dynamic,1,6,368
Extreme_Peak,4,Dynamic,1,7,368
Extreme_Peak,4,Dynamic,1,8,368
Extreme_Peak,4,Dynamic,1,9,368
Extreme_Peak,4,Dynamic,1,10,368
Extreme_Peak,4,Dynamic,1,11,368
Extreme_Peak,4,Dynamic,1,12,368
Extreme_Peak,4,Dynamic,1,13,368
Extreme_Peak,4,Dynamic,1,14,368
Extreme_Peak,4,Dynamic,1,15,368
Extreme_Peak,4,Dynamic,1,16,368
Extreme_Peak,4,Dynamic,1,17,368
Extreme_Peak,4,Dynamic,1,18,368
Extreme_Peak,4,Dynamic,1,19,368
Extreme_Peak,4,Dynamic,1,20,368
Extreme_Peak,4,Dynamic,1,21,369
Extreme_Peak,4,Dynamic,1,22,369
Extreme_Peak,4,Dynamic,1,23,369
Extreme_Peak,4,Dynamic,1,24,369
Extreme_Peak,4,Dynamic,1,25,369
Extreme_Peak,4,Dynamic,1,26,369
Extreme_Peak,4,Dynamic,1,27,369
Extreme_Peak,4,Dynamic,1,28,369
Extreme_Peak,4,Dynamic,1,29,369
Extreme_Peak,4,Dynamic,9,0,360
Extreme_Peak,4,Dynamic,9,1,360
Extreme_Peak,4,Dynamic,9,2,363
Extreme_Peak,4,Dynamic,9,3,364
Extreme_Peak,4,Dynamic,9,4,366
Extreme_Peak,4,Dynamic,9,5,366
Extreme_Peak,4,Dynamic,9,6,366
Extreme_Peak,4,Dynamic,9,7,367
Extreme_Peak,4,Dynamic,9,8,368
Extreme_Peak,4,Dynamic,9,9,368
Extreme_Peak,4,Dynamic,9,10,368
Extreme_Peak,4,Dynamic,9,11,369
Extreme_Peak,4,Dynamic,9,12,369
Extreme_Peak,4,Dynamic,9,13,370
Extreme_Peak,4,Dynamic,9,14,370
Extreme_Peak,4,Dynamic,9,15,370
Extreme_Peak,4,Dynamic,9,16,370
Extreme_Peak,4,Dynamic,9,17,370
Extreme_Peak,4,Dynamic,9,18,371
Extreme_Peak,4,Dynamic,9,19,371
Extreme_Peak,4,Dynamic,9,20,371
Extreme_Peak,4,Dynamic,9,21,371
Extreme_Peak,4,Dynamic,9,22,371
Extreme_Peak,4,Dynamic,9,23,371
Extreme_Peak,4,Dynamic,9,24,371
Extreme_Peak,4,Dynamic,9,25,371
Extreme_Peak,4,Dynamic,9,26,371
Extreme_Peak,4,Dynamic,9,27,371
Extreme_Peak,4,Dynamic,9,28,371
Extreme_Peak,4,Dynamic,9,29,371
Extreme_Peak,5,Static,9,0,265
Extreme_Peak,5,Static,9,1,265
Extreme_Peak,5,Static,9,2,265
Extreme_Peak,5,Static,9,3,265
Extreme_Peak,5,Static,9,4,265
Extreme_Peak,5,Static,9,5,265
Extreme_Peak,5,Static,9,6,265
Extreme_Peak,5,Static,9,7,265
Extreme_Peak,5,Static,9,8,265
Extreme_Peak,5,Static,9,9,265
Extreme_Peak,5,Static,9,10,265
Extreme_Peak,5,Static,9,11,265
Extreme_Peak,5,Static,9,12,265
Extreme_Peak,5,Static,9,13,265
Extreme_Peak,5,Static,9,14,265
Extreme_Peak,5,Static,9,15,265
Extreme_Peak,5,Static,9,16,265
Extreme_Peak,5,Static,9,17,265
Extreme_Peak,5,Static,9,18,265
Extreme_Peak,5,Static,9,19,265
Extreme_Peak,5,Static,9,20,265
Extreme_Peak,5,Static,9,21,265
Extreme_Peak,5,Static,9,22,265
Extreme_Peak,5,Static,9,23,265
Extreme_Peak,5,Static,9,24,265
Extreme_Peak,5,Static,9,25,265
Extreme_Peak,5,Static,9,26,265
Extreme_Peak,5,Static,9,27,265
Extreme_Peak,5,Static,9,28,265
Extreme_Peak,5,Static,9,29,265
Extreme_Peak,5,Static,7,0,265
Extreme_Peak,5,Static,7,1,265
Extreme_Peak,5,Static,7,2,265
Extreme_Peak,5,Static,7,3,265
Extreme_Peak,5,Static,7,4,265
Extreme_Peak,5,Static,7,5,265
Extreme_Peak,5,Static,7,6,265
Extreme_Peak,5,Static,7,7,265
Extreme_Peak,5,Static,7,8,265
Extreme_Peak,5,Static,7,9,265
Extreme_Peak,5,Static,7,10,265
Extreme_Peak,5,Static,7,11,265
Extreme_Peak,5,Static,7,12,265
Extreme_Peak,5,Static,7,13,265
Extreme_Peak,5,Static,7,14,265
Extreme_Peak,5,Static,7,15,265
Extreme_Peak,5,Static,7,16,265
Extreme_Peak,5,Static,7,17,265
Extreme_Peak,5,Static,7,18,265
Extreme_Peak,5,Static,7,19,265
Extreme_Peak,5,Static,7,20,265
Extreme_Peak,5,Static,7,21,265
Extreme_Peak,5,Static,7,22,265
Extreme_Peak,5,Static,7,23,265
Extreme_Peak,5,Static,7,24,265
Extreme_Peak,5,Static,7,25,265
Extreme_Peak,5,Static,7,26,265
Extreme_Peak,5,Static,7,27,265
Extreme_Peak,5,Static,7,28,265
Extreme_Peak,5,Static,7,29,265
Extreme_Peak,5,Static,3,0,265
Extreme_Peak,5,Static,3,1,265
Extreme_Peak,5,Static,3,2,265
Extreme_Peak,5,Static,3,3,265
Extreme_Peak,5,Static,3,4,265
Extreme_Peak,5,Static,3,5,265
Extreme_Peak,5,Static,3,6,265
Extreme_Peak,5,Static,3,7,265
Extreme_Peak,5,Static,3,8,265
Extreme_Peak,5,Static,3,9,265
Extreme_Peak,5,Static,3,10,265
Extreme_Peak,5,Static,3,11,265
Extreme_Peak,5,Static,3,12,265
Extreme_Peak,5,Static,3,13,265
Extreme_Peak,5,Static,3,14,265
Extreme_Peak,5,Static,3,15,265
Extreme_Peak,5,Static,3,16,265
Extreme_Peak,5,Static,3,17,265
Extreme_Peak,5,Static,3,18,265
Extreme_Peak,5,Static,3,19,265
Extreme_Peak,5,Static,3,20,265
Extreme_Peak,5,Static,3,21,265
Extreme_Peak,5,Static,3,22,265
Extreme_Peak,5,Static,3,23,265
Extreme_Peak,5,Static,3,24,265
Extreme_Peak,5,Static,3,25,265
Extreme_Peak,5,Static,3,26,265
Extreme_Peak,5,Static,3,27,265
Extreme_Peak,5,Static,3,28,265
Extreme_Peak,5,Static,3,29,265
Extreme_Peak,5,Static,5,0,265
Extreme_Peak,5,Static,5,1,265
Extreme_Peak,5,Static,5,2,265
Extreme_Peak,5,Static,5,3,265
Extreme_Peak,5,Static,5,4,265
Extreme_Peak,5,Static,5,5,265
Extreme_Peak,5,Static,5,6,265
Extreme_Peak,5,Static,5,7,265
Extreme_Peak,5,Static,5,8,265
Extreme_Peak,5,Static,5,9,265
Extreme_Peak,5,Static,5,10,265
Extreme_Peak,5,Static,5,11,265
Extreme_Peak,5,Static,5,12,265
Extreme_Peak,5,Static,5,13,265
Extreme_Peak,5,Static,5,14,265
Extreme_Peak,5,Static,5,15,265
Extreme_Peak,5,Static,5,16,265
Extreme_Peak,5,Static,5,17,265
Extreme_Peak,5,Static,5,18,265
Extreme_Peak,5,Static,5,19,265
Extreme_Peak,5,Static,5,20,265
Extreme_Peak,5,Static,5,21,265
Extreme_Peak,5,Static,5,22,265
Extreme_Peak,5,Static,5,23,265
Extreme_Peak,5,Static,5,24,265
Extreme_Peak,5,Static,5,25,265
Extreme_Peak,5,Static,5,26,265
Extreme_Peak,5,Static,5,27,265
Extreme_Peak,5,Static,5,28,265
Extreme_Peak,5,Static,5,29,265
Extreme_Peak,5,Static,2,0,265
Extreme_Peak,5,Static,2,1,265
Extreme_Peak,5,Static,2,2,265
Extreme_Peak,5,Static,2,3,265
Extreme_Peak,5,Static,2,4,265
Extreme_Peak,5,Static,2,5,265
Extreme_Peak,5,Static,2,6,265
Extreme_Peak,5,Static,2,7,265
Extreme_Peak,5,Static,2,8,265
Extreme_Peak,5,Static,2,9,265
Extreme_Peak,5,Static,2,10,265
Extreme_Peak,5,Static,2,11,265
Extreme_Peak,5,Static,2,12,265
Extreme_Peak,5,Static,2,13,265
Extreme_Peak,5,Static,2,14,265
Extreme_Peak,5,Static,2,15,265
Extreme_Peak,5,Static,2,16,265
Extreme_Peak,5,Static,2,17,265
Extreme_Peak,5,Static,2,18,265
Extreme_Peak,5,Static,2,19,265
Extreme_Peak,5,Static,2,20,265
Extreme_Peak,5,Static,2,21,265
Extreme_Peak,5,Static,2,22,265
Extreme_Peak,5,Static,2,23,265
Extreme_Peak,5,Static,2,24,265
Extreme_Peak,5,Static,2,25,265
Extreme_Peak,5,Static,2,26,265
Extreme_Peak,5,Static,2,27,265
Extreme_Peak,5,Static,2,28,265
Extreme_Peak,5,Static,2,29,265
Extreme_Peak,5,Static,4,0,265
Extreme_Peak,5,Static,4,1,265
Extreme_Peak,5,Static,4,2,265
Extreme_Peak,5,Static,4,3,265
Extreme_Peak,5,Static,4,4,265
Extreme_Peak,5,Static,4,5,265
Extreme_Peak,5,Static,4,6,265
Extreme_Peak,5,Static,4,7,265
Extreme_Peak,5,Static,4,8,265
Extreme_Peak,5,Static,4,9,265
Extreme_Peak,5,Static,4,10,265
Extreme_Peak,5,Static,4,11,265
Extreme_Peak,5,Static,4,12,265
Extreme_Peak,5,Static,4,13,265
Extreme_Peak,5,Static,4,14,265
Extreme_Peak,5,Static,4,15,265
Extreme_Peak,5,Static,4,16,265
Extreme_Peak,5,Static,4,17,265
Extreme_Peak,5,Static,4,18,265
Extreme_Peak,5,Static,4,19,265
Extreme_Peak,5,Static,4,20,265
Extreme_Peak,5,Static,4,21,265
Extreme_Peak,5,Static,4,22,265
Extreme_Peak,5,Static,4,23,265
Extreme_Peak,5,Static,4,24,265
Extreme_Peak,5,Static,4,25,265
Extreme_Peak,5,Static,4,26,265
Extreme_Peak,5,Static,4,27,265
Extreme_Peak,5,Static,4,28,265
Extreme_Peak,5,Static,4,29,265
Extreme_Peak,5,Static,1,0,265
Extreme_Peak,5,Static,1,1,265
Extreme_Peak,5,Static,1,2,265
Extreme_Peak,5,Static,1,3,265
Extreme_Peak,5,Static,1,4,265
Extreme_Peak,5,Static,1,5,265
Extreme_Peak,5,Static,1,6,265
Extreme_Peak,5,Static,1,7,265
Extreme_Peak,5,Static,1,8,265
Extreme_Peak,5,Static,1,9,265
Extreme_Peak,5,Static,1,10,265
Extreme_Peak,5,Static,1,11,265
Extreme_Peak,5,Static,1,12,265
Extreme_Peak,5,Static,1,13,265
Extreme_Peak,5,Static,1,14,265
Extreme_Peak,5,Static,1,15,265
Extreme_Peak,5,Static,1,16,265
Extreme_Peak,5,Static,1,17,265
Extreme_Peak,5,Static,1,18,265
Extreme_Peak,5,Static,1,19,265
Extreme_Peak,5,Static,1,20,265
Extreme_Peak,5,Static,1,21,265
Extreme_Peak,5,Static,1,22,265
Extreme_Peak,5,Static,1,23,265
Extreme_Peak,5,Static,1,24,265
Extreme_Peak,5,Static,1,25,265
Extreme_Peak,5,Static,1,26,265
Extreme_Peak,5,Static,1,27,265
Extreme_Peak,5,Static,1,28,265
Extreme_Peak,5,Static,1,29,265
Extreme_Peak,5,Static,8,0,265
Extreme_Peak,5,Static,8,1,265
Extreme_Peak,5,Static,8,2,265
Extreme_Peak,5,Static,8,3,265
Extreme_Peak,5,Static,8,4,265
Extreme_Peak,5,Static,8,5,265
Extreme_Peak,5,Static,8,6,265
Extreme_Peak,5,Static,8,7,265
Extreme_Peak,5,Static,8,8,265
Extreme_Peak,5,Static,8,9,265
Extreme_Peak,5,Static,8,10,265
Extreme_Peak,5,Static,8,11,265
Extreme_Peak,5,Static,8,12,265
Extreme_Peak,5,Static,8,13,265
Extreme_Peak,5,Static,8,14,265
Extreme_Peak,5,Static,8,15,265
Extreme_Peak,5,Static,8,16,265
Extreme_Peak,5,Static,8,17,265
Extreme_Peak,5,Static,8,18,265
Extreme_Peak,5,Static,8,19,265
Extreme_Peak,5,Static,8,20,265
Extreme_Peak,5,Static,8,21,265
Extreme_Peak,5,Static,8,22,265
Extreme_Peak,5,Static,8,23,265
Extreme_Peak,5,Static,8,24,265
Extreme_Peak,5,Static,8,25,265
Extreme_Peak,5,Static,8,26,265
Extreme_Peak,5,Static,8,27,265
Extreme_Peak,5,Static,8,28,265
Extreme_Peak,5,Static,8,29,265
Extreme_Peak,5,Static,6,0,265
Extreme_Peak,5,Static,6,1,265
Extreme_Peak,5,Static,6,2,265
Extreme_Peak,5,Static,6,3,265
Extreme_Peak,5,Static,6,4,265
Extreme_Peak,5,Static,6,5,265
Extreme_Peak,5,Static,6,6,265
Extreme_Peak,5,Static,6,7,265
Extreme_Peak,5,Static,6,8,265
Extreme_Peak,5,Static,6,9,265
Extreme_Peak,5,Static,6,10,265
Extreme_Peak,5,Static,6,11,265
Extreme_Peak,5,Static,6,12,265
Extreme_Peak,5,Static,6,13,265
Extreme_Peak,5,Static,6,14,265
Extreme_Peak,5,Static,6,15,265
Extreme_Peak,5,Static,6,16,265
Extreme_Peak,5,Static,6,17,265
Extreme_Peak,5,Static,6,18,265
Extreme_Peak,5,Static,6,19,265
Extreme_Peak,5,Static,6,20,265
Extreme_Peak,5,Static,6,21,265
Extreme_Peak,5,Static,6,22,265
Extreme_Peak,5,Static,6,23,265
Extreme_Peak,5,Static,6,24,265
Extreme_Peak,5,Static,6,25,265
Extreme_Peak,5,Static,6,26,265
Extreme_Peak,5,Static,6,27,265
Extreme_Peak,5,Static,6,28,265
Extreme_Peak,5,Static,6,29,265
Extreme_Peak,5,Static,10,0,265
Extreme_Peak,5,Static,10,1,265
Extreme_Peak,5,Static,10,2,265
Extreme_Peak,5,Static,10,3,265
Extreme_Peak,5,Static,10,4,265
Extreme_Peak,5,Static,10,5,265
Extreme_Peak,5,Static,10,6,265
Extreme_Peak,5,Static,10,7,265
Extreme_Peak,5,Static,10,8,265
Extreme_Peak,5,Static,10,9,265
Extreme_Peak,5,Static,10,10,265
Extreme_Peak,5,Static,10,11,265
Extreme_Peak,5,Static,10,12,265
Extreme_Peak,5,Static,10,13,265
Extreme_Peak,5,Static,10,14,265
Extreme_Peak,5,Static,10,15,265
Extreme_Peak,5,Static,10,16,265
Extreme_Peak,5,Static,10,17,265
Extreme_Peak,5,Static,10,18,265
Extreme_Peak,5,Static,10,19,265
Extreme_Peak,5,Static,10,20,265
Extreme_Peak,5,Static,10,21,265
Extreme_Peak,5,Static,10,22,265
Extreme_Peak,5,Static,10,23,265
Extreme_Peak,5,Static,10,24,265
Extreme_Peak,5,Static,10,25,265
Extreme_Peak,5,Static,10,26,265
Extreme_Peak,5,Static,10,27,265
Extreme_Peak,5,Static,10,28,265
Extreme_Peak,5,Static,10,29,265
Extreme_Peak,5,Dynamic,1,0,371
Extreme_Peak,5,Dynamic,1,1,373
Extreme_Peak,5,Dynamic,1,2,374
Extreme_Peak,5,Dynamic,1,3,375
Extreme_Peak,5,Dynamic,1,4,377
Extreme_Peak,5,Dynamic,1,5,377
Extreme_Peak,5,Dynamic,1,6,378
Extreme_Peak,5,Dynamic,1,7,378
Extreme_Peak,5,Dynamic,1,8,378
Extreme_Peak,5,Dynamic,1,9,378
Extreme_Peak,5,Dynamic,1,10,378
Extreme_Peak,5,Dynamic,1,11,378
Extreme_Peak,5,Dynamic,1,12,378
Extreme_Peak,5,Dynamic,1,13,378
Extreme_Peak,5,Dynamic,1,14,378
Extreme_Peak,5,Dynamic,1,15,378
Extreme_Peak,5,Dynamic,1,16,378
Extreme_Peak,5,Dynamic,1,17,378
Extreme_Peak,5,Dynamic,1,18,378
Extreme_Peak,5,Dynamic,1,19,378
Extreme_Peak,5,Dynamic,1,20,378
Extreme_Peak,5,Dynamic,1,21,378
Extreme_Peak,5,Dynamic,1,22,378
Extreme_Peak,5,Dynamic,1,23,378
Extreme_Peak,5,Dynamic,1,24,378
Extreme_Peak,5,Dynamic,1,25,378
Extreme_Peak,5,Dynamic,1,26,378
Extreme_Peak,5,Dynamic,1,27,378
Extreme_Peak,5,Dynamic,1,28,378
Extreme_Peak,5,Dynamic,1,29,378
Extreme_Peak,5,Dynamic,8,0,371
Extreme_Peak,5,Dynamic,8,1,373
Extreme_Peak,5,Dynamic,8,2,375
Extreme_Peak,5,Dynamic,8,3,377
Extreme_Peak,5,Dynamic,8,4,377
Extreme_Peak,5,Dynamic,8,5,377
Extreme_Peak,5,Dynamic,8,6,378
Extreme_Peak,5,Dynamic,8,7,378
Extreme_Peak,5,Dynamic,8,8,378
Extreme_Peak,5,Dynamic,8,9,378
Extreme_Peak,5,Dynamic,8,10,378
Extreme_Peak,5,Dynamic,8,11,378
Extreme_Peak,5,Dynamic,8,12,379
Extreme_Peak,5,Dynamic,8,13,379
Extreme_Peak,5,Dynamic,8,14,379
Extreme_Peak,5,Dynamic,8,15,379
Extreme_Peak,5,Dynamic,8,16,380
Extreme_Peak,5,Dynamic,8,17,380
Extreme_Peak,5,Dynamic,8,18,380
Extreme_Peak,5,Dynamic,8,19,380
Extreme_Peak,5,Dynamic,8,20,380
Extreme_Peak,5,Dynamic,8,21,380
Extreme_Peak,5,Dynamic,8,22,380
Extreme_Peak,5,Dynamic,8,23,380
Extreme_Peak,5,Dynamic,8,24,380
Extreme_Peak,5,Dynamic,8,25,380
Extreme_Peak,5,Dynamic,8,26,380
Extreme_Peak,5,Dynamic,8,27,380
Extreme_Peak,5,Dynamic,8,28,380
Extreme_Peak,5,Dynamic,8,29,380
Extreme_Peak,5,Dynamic,7,0,373
Extreme_Peak,5,Dynamic,7,1,373
Extreme_Peak,5,Dynamic,7,2,374
Extreme_Peak,5,Dynamic,7,3,376
Extreme_Peak,5,Dynamic,7,4,376
Extreme_Peak,5,Dynamic,7,5,379
Extreme_Peak,5,Dynamic,7,6,379
Extreme_Peak,5,Dynamic,7,7,379
Extreme_Peak,5,Dynamic,7,8,379
Extreme_Peak,5,Dynamic,7,9,380
Extreme_Peak,5,Dynamic,7,10,380
Extreme_Peak,5,Dynamic,7,11,380
Extreme_Peak,5,Dynamic,7,12,380
Extreme_Peak,5,Dynamic,7,13,380
Extreme_Peak,5,Dynamic,7,14,380
Extreme_Peak,5,Dynamic,7,15,380
Extreme_Peak,5,Dynamic,7,16,380
Extreme_Peak,5,Dynamic,7,17,380
Extreme_Peak,5,Dynamic,7,18,380
Extreme_Peak,5,Dynamic,7,19,380
Extreme_Peak,5,Dynamic,7,20,380
Extreme_Peak,5,Dynamic,7,21,380
Extreme_Peak,5,Dynamic,7,22,380
Extreme_Peak,5,Dynamic,7,23,380
Extreme_Peak,5,Dynamic,7,24,380
Extreme_Peak,5,Dynamic,7,25,380
Extreme_Peak,5,Dynamic,7,26,380
Extreme_Peak,5,Dynamic,7,27,380
Extreme_Peak,5,Dynamic,7,28,380
Extreme_Peak,5,Dynamic,7,29,380
Extreme_Peak,5,Dynamic,5,0,371
Extreme_Peak,5,Dynamic,5,1,376
Extreme_Peak,5,Dynamic,5,2,376
Extreme_Peak,5,Dynamic,5,3,376
Extreme_Peak,5,Dynamic,5,4,379
Extreme_Peak,5,Dynamic,5,5,379
Extreme_Peak,5,Dynamic,5,6,379
Extreme_Peak,5,Dynamic,5,7,379
Extreme_Peak,5,Dynamic,5,8,379
Extreme_Peak,5,Dynamic,5,9,379
Extreme_Peak,5,Dynamic,5,10,379
Extreme_Peak,5,Dynamic,5,11,379
Extreme_Peak,5,Dynamic,5,12,379
Extreme_Peak,5,Dynamic,5,13,379
Extreme_Peak,5,Dynamic,5,14,379
Extreme_Peak,5,Dynamic,5,15,379
Extreme_Peak,5,Dynamic,5,16,379
Extreme_Peak,5,Dynamic,5,17,379
Extreme_Peak,5,Dynamic,5,18,379
Extreme_Peak,5,Dynamic,5,19,379
Extreme_Peak,5,Dynamic,5,20,379
Extreme_Peak,5,Dynamic,5,21,379
Extreme_Peak,5,Dynamic,5,22,379
Extreme_Peak,5,Dynamic,5,23,379
Extreme_Peak,5,Dynamic,5,24,379
Extreme_Peak,5,Dynamic,5,25,379
Extreme_Peak,5,Dynamic,5,26,379
Extreme_Peak,5,Dynamic,5,27,379
Extreme_Peak,5,Dynamic,5,28,379
Extreme_Peak,5,Dynamic,5,29,379
Extreme_Peak,5,Dynamic,10,0,372
Extreme_Peak,5,Dynamic,10,1,375
Extreme_Peak,5,Dynamic,10,2,375
Extreme_Peak,5,Dynamic,10,3,376
Extreme_Peak,5,Dynamic,10,4,376
Extreme_Peak,5,Dynamic,10,5,377
Extreme_Peak,5,Dynamic,10,6,377
Extreme_Peak,5,Dynamic,10,7,377
Extreme_Peak,5,Dynamic,10,8,377
Extreme_Peak,5,Dynamic,10,9,378
Extreme_Peak,5,Dynamic,10,10,378
Extreme_Peak,5,Dynamic,10,11,378
Extreme_Peak,5,Dynamic,10,12,378
Extreme_Peak,5,Dynamic,10,13,378
Extreme_Peak,5,Dynamic,10,14,379
Extreme_Peak,5,Dynamic,10,15,380
Extreme_Peak,5,Dynamic,10,16,380
Extreme_Peak,5,Dynamic,10,17,380
Extreme_Peak,5,Dynamic,10,18,380
Extreme_Peak,5,Dynamic,10,19,380
Extreme_Peak,5,Dynamic,10,20,380
Extreme_Peak,5,Dynamic,10,21,381
Extreme_Peak,5,Dynamic,10,22,381
Extreme_Peak,5,Dynamic,10,23,381
Extreme_Peak,5,Dynamic,10,24,382
Extreme_Peak,5,Dynamic,10,25,382
Extreme_Peak,5,Dynamic,10,26,382
Extreme_Peak,5,Dynamic,10,27,382
Extreme_Peak,5,Dynamic,10,28,382
Extreme_Peak,5,Dynamic,10,29,382
Extreme_Peak,5,Dynamic,3,0,371
Extreme_Peak,5,Dynamic,3,1,371
Extreme_Peak,5,Dynamic,3,2,376
Extreme_Peak,5,Dynamic,3,3,376
Extreme_Peak,5,Dynamic,3,4,376
Extreme_Peak,5,Dynamic,3,5,377
Extreme_Peak,5,Dynamic,3,6,378
Extreme_Peak,5,Dynamic,3,7,379
Extreme_Peak,5,Dynamic,3,8,379
Extreme_Peak,5,Dynamic,3,9,380
Extreme_Peak,5,Dynamic,3,10,380
Extreme_Peak,5,Dynamic,3,11,380
Extreme_Peak,5,Dynamic,3,12,380
Extreme_Peak,5,Dynamic,3,13,380
Extreme_Peak,5,Dynamic,3,14,381
Extreme_Peak,5,Dynamic,3,15,381
Extreme_Peak,5,Dynamic,3,16,381
Extreme_Peak,5,Dynamic,3,17,381
Extreme_Peak,5,Dynamic,3,18,381
Extreme_Peak,5,Dynamic,3,19,382
Extreme_Peak,5,Dynamic,3,20,382
Extreme_Peak,5,Dynamic,3,21,382
Extreme_Peak,5,Dynamic,3,22,382
Extreme_Peak,5,Dynamic,3,23,382
Extreme_Peak,5,Dynamic,3,24,382
Extreme_Peak,5,Dynamic,3,25,382
Extreme_Peak,5,Dynamic,3,26,382
Extreme_Peak,5,Dynamic,3,27,382
Extreme_Peak,5,Dynamic,3,28,382
Extreme_Peak,5,Dynamic,3,29,382
Extreme_Peak,5,Dynamic,2,0,371
Extreme_Peak,5,Dynamic,2,1,374
Extreme_Peak,5,Dynamic,2,2,374
Extreme_Peak,5,Dynamic,2,3,377
Extreme_Peak,5,Dynamic,2,4,377
Extreme_Peak,5,Dynamic,2,5,377
Extreme_Peak,5,Dynamic,2,6,377
Extreme_Peak,5,Dynamic,2,7,377
Extreme_Peak,5,Dynamic,2,8,377
Extreme_Peak,5,Dynamic,2,9,377
Extreme_Peak,5,Dynamic,2,10,377
Extreme_Peak,5,Dynamic,2,11,378
Extreme_Peak,5,Dynamic,2,12,379
Extreme_Peak,5,Dynamic,2,13,379
Extreme_Peak,5,Dynamic,2,14,379
Extreme_Peak,5,Dynamic,2,15,379
Extreme_Peak,5,Dynamic,2,16,380
Extreme_Peak,5,Dynamic,2,17,380
Extreme_Peak,5,Dynamic,2,18,380
Extreme_Peak,5,Dynamic,2,19,380
Extreme_Peak,5,Dynamic,2,20,380
Extreme_Peak,5,Dynamic,2,21,380
Extreme_Peak,5,Dynamic,2,22,381
Extreme_Peak,5,Dynamic,2,23,381
Extreme_Peak,5,Dynamic,2,24,381
Extreme_Peak,5,Dynamic,2,25,381
Extreme_Peak,5,Dynamic,2,26,381
Extreme_Peak,5,Dynamic,2,27,381
Extreme_Peak,5,Dynamic,2,28,381
Extreme_Peak,5,Dynamic,2,29,381
Extreme_Peak,5,Dynamic,6,0,373
Extreme_Peak,5,Dynamic,6,1,373
Extreme_Peak,5,Dynamic,6,2,375
Extreme_Peak,5,Dynamic,6,3,377
Extreme_Peak,5,Dynamic,6,4,377
Extreme_Peak,5,Dynamic,6,5,377
Extreme_Peak,5,Dynamic,6,6,377
Extreme_Peak,5,Dynamic,6,7,377
Extreme_Peak,5,Dynamic,6,8,378
Extreme_Peak,5,Dynamic,6,9,378
Extreme_Peak,5,Dynamic,6,10,378
Extreme_Peak,5,Dynamic,6,11,378
Extreme_Peak,5,Dynamic,6,12,378
Extreme_Peak,5,Dynamic,6,13,378
Extreme_Peak,5,Dynamic,6,14,378
Extreme_Peak,5,Dynamic,6,15,378
Extreme_Peak,5,Dynamic,6,16,378
Extreme_Peak,5,Dynamic,6,17,379
Extreme_Peak,5,Dynamic,6,18,379
Extreme_Peak,5,Dynamic,6,19,379
Extreme_Peak,5,Dynamic,6,20,379
Extreme_Peak,5,Dynamic,6,21,379
Extreme_Peak,5,Dynamic,6,22,379
Extreme_Peak,5,Dynamic,6,23,379
Extreme_Peak,5,Dynamic,6,24,379
Extreme_Peak,5,Dynamic,6,25,379
Extreme_Peak,5,Dynamic,6,26,379
Extreme_Peak,5,Dynamic,6,27,379
Extreme_Peak,5,Dynamic,6,28,379
Extreme_Peak,5,Dynamic,6,29,379
Extreme_Peak,5,Dynamic,4,0,371
Extreme_Peak,5,Dynamic,4,1,373
Extreme_Peak,5,Dynamic,4,2,375
Extreme_Peak,5,Dynamic,4,3,376
Extreme_Peak,5,Dynamic,4,4,377
Extreme_Peak,5,Dynamic,4,5,378
Extreme_Peak,5,Dynamic,4,6,378
Extreme_Peak,5,Dynamic,4,7,379
Extreme_Peak,5,Dynamic,4,8,380
Extreme_Peak,5,Dynamic,4,9,380
Extreme_Peak,5,Dynamic,4,10,380
Extreme_Peak,5,Dynamic,4,11,380
Extreme_Peak,5,Dynamic,4,12,380
Extreme_Peak,5,Dynamic,4,13,380
Extreme_Peak,5,Dynamic,4,14,380
Extreme_Peak,5,Dynamic,4,15,380
Extreme_Peak,5,Dynamic,4,16,380
Extreme_Peak,5,Dynamic,4,17,380
Extreme_Peak,5,Dynamic,4,18,380
Extreme_Peak,5,Dynamic,4,19,380
Extreme_Peak,5,Dynamic,4,20,380
Extreme_Peak,5,Dynamic,4,21,380
Extreme_Peak,5,Dynamic,4,22,380
Extreme_Peak,5,Dynamic,4,23,380
Extreme_Peak,5,Dynamic,4,24,380
Extreme_Peak,5,Dynamic,4,25,380
Extreme_Peak,5,Dynamic,4,26,380
Extreme_Peak,5,Dynamic,4,27,380
Extreme_Peak,5,Dynamic,4,28,380
Extreme_Peak,5,Dynamic,4,29,380
Extreme_Peak,5,Dynamic,9,0,375
Extreme_Peak,5,Dynamic,9,1,376
Extreme_Peak,5,Dynamic,9,2,380
Extreme_Peak,5,Dynamic,9,3,380
Extreme_Peak,5,Dynamic,9,4,380
Extreme_Peak,5,Dynamic,9,5,380
Extreme_Peak,5,Dynamic,9,6,381
Extreme_Peak,5,Dynamic,9,7,381
Extreme_Peak,5,Dynamic,9,8,381
Extreme_Peak,5,Dynamic,9,9,381
Extreme_Peak,5,Dynamic,9,10,381
Extreme_Peak,5,Dynamic,9,11,381
Extreme_Peak,5,Dynamic,9,12,381
Extreme_Peak,5,Dynamic,9,13,381
Extreme_Peak,5,Dynamic,9,14,381
Extreme_Peak,5,Dynamic,9,15,381
Extreme_Peak,5,Dynamic,9,16,381
Extreme_Peak,5,Dynamic,9,17,381
Extreme_Peak,5,Dynamic,9,18,381
Extreme_Peak,5,Dynamic,9,19,381
Extreme_Peak,5,Dynamic,9,20,381
Extreme_Peak,5,Dynamic,9,21,381
Extreme_Peak,5,Dynamic,9,22,381
Extreme_Peak,5,Dynamic,9,23,381
Extreme_Peak,5,Dynamic,9,24,381
Extreme_Peak,5,Dynamic,9,25,381
Extreme_Peak,5,Dynamic,9,26,381
Extreme_Peak,5,Dynamic,9,27,381
Extreme_Peak,5,Dynamic,9,28,381
Extreme_Peak,5,Dynamic,9,29,381
